# Fix print output for fix print_stress
100 -8.96915965276951e-06 -0.0478088021144582 -0.0505845630259885 -0.0505982258133671 2.92403996902297e-06 -0.000172932063924445 -0.000520747185461406
200 -8.96915965276951e-06 -0.0448056890821349 -0.047696869822436 -0.0490496182545052 -3.1035348310804e-06 0.000914761323924688 0.00190064445893519
300 -8.96915965276951e-06 -0.0420898784587656 -0.0451975597760772 -0.047197543008293 -1.94363058970216e-06 0.000628965582128502 0.0014406347556605
400 -8.96915965276951e-06 -0.0390365737746636 -0.0427873135383575 -0.0451383862018635 5.90794433662733e-06 -0.000542924090375813 -0.00144200319575432
500 -8.96915965276951e-06 -0.0363548245617584 -0.0399225009830584 -0.0437099772537158 5.02772932654443e-06 -0.000819518601002523 -0.00183192958792611
600 4.3418250387671e-05 -0.0332570341998812 -0.0376163805857884 -0.0414103039683511 -4.29994928261708e-07 0.00025627970435689 0.000453548948655588
700 4.3418250387671e-05 -0.0303144934684795 -0.0347925648122525 -0.0397622061567703 2.18317266792631e-06 0.00107884675860588 0.00196402347352504
800 4.3418250387671e-05 -0.0274384228661089 -0.0321941358096683 -0.0378596840270948 6.0515377623437e-07 0.000171793270663641 0.000787689222419803
900 4.3418250387671e-05 -0.0241331425431006 -0.029692116178798 -0.0356757149451544 5.83842234562076e-06 -0.000865888549227921 -0.00199056541806595
1000 8.50082553052074e-05 -0.021249205826944 -0.0267025329367627 -0.0340543048223779 3.24976911084096e-06 -0.000489070536681717 -0.00149398594231256
1100 8.50082553052074e-05 -0.0180525890345934 -0.0243791490237665 -0.0318078199487857 -8.15628358443612e-07 0.000684875579931194 0.00145203667349414
1200 8.50082553052074e-05 -0.0150507924771446 -0.0215360797849293 -0.0300448700053233 1.3222388582261e-06 0.000934103357722739 0.00194587786824007
1300 8.50082553052074e-05 -0.0120181772489331 -0.0188754017537761 -0.0281567658469397 4.54272368137718e-07 -0.0002185475760426 -0.000213040854117755
1400 0.000122899149208574 -0.00831683968381958 -0.0161460204463742 -0.0256870208333277 4.80571493910725e-06 -0.000959127743292988 -0.00233471463234783
1500 0.000122899149208574 -0.00533515900665014 -0.0131300595927321 -0.0240516463646725 -3.01589110144876e-06 -8.91568775153419e-05 -0.000581344350881942
1600 0.000122899149208574 -0.00197654411809299 -0.0107006535141817 -0.021717049500079 -8.45154438805409e-06 0.000995321855896822 0.0018683743970532
1700 0.00015769078793782 0.0011720031490449 -0.00783363985227975 -0.0198715198845276 -4.40005607792873e-07 0.000532542052631477 0.00162448562400193
1800 0.00015769078793782 0.00451673245705978 -0.00495767846361646 -0.0178121856135025 3.58076611726147e-06 -0.000675312646391241 -0.00136596245629793
1900 0.00015769078793782 0.0079353828067135 -0.00243817159300698 -0.015520617140437 -3.44393150869886e-07 -0.000703702679469447 -0.00221591044314317
2000 0.00015769078793782 0.0109645355615762 0.000586131627901546 -0.0138960280610312 -8.18060579173635e-06 0.000413994666719792 0.000581000289284207
2100 0.000191782594853479 0.0146677895564619 0.00322135963489898 -0.0113484651956023 2.10316101104356e-06 0.000894601842446473 0.00225153034981137
2200 0.000191782594853479 0.017874169404816 0.00607472009674198 -0.00952893452174175 4.94812918180537e-06 0.000146156005343474 0.00045105050685384
2300 0.000191782594853479 0.0210613778851133 0.00887650100052426 -0.00755025209807716 1.22119050430309e-06 -0.00085969461547104 -0.00200775030015311
2400 0.000228473777076411 0.0245732566241214 0.011410020228013 -0.00523048716251935 2.70288346986252e-06 -0.000375913778878738 -0.00139891916991775
2500 0.000228473777076411 0.027799912875895 0.0145561149106814 -0.0035087954606261 -2.07546529020079e-06 0.000749655712220634 0.00138858401245219
2600 0.000228473777076411 0.0314543512211732 0.0171035346922266 -0.00104048868103404 4.01335827198377e-07 0.000758801549724791 0.00205786914088823
2700 0.000228473777076411 0.0347280585907024 0.0199977107761111 0.000804413727581122 2.35252539246299e-06 -0.000345996864028626 -0.000446214785148347
2800 0.000265364911246082 0.0383151803611352 0.0229966400891038 0.00298855010343383 2.61073804466711e-06 -0.00080993725513244 -0.00234888090126014
2900 0.000265364911246082 0.0419828037558864 0.0256152260196017 0.0053659368811308 5.1605807178784e-07 3.41358711967413e-05 -0.000520021753365182
3000 0.000265364911246082 0.0450621700948667 0.0286394188305139 0.00699022830217138 2.52258928268878e-07 0.000937565736241276 0.00224076957298372
3100 0.000265364911246082 0.0486058220122354 0.0311123927472926 0.00936648256453668 3.10650586837355e-06 0.000380461972564808 0.00138706130800149
3200 0.00030245599736266 0.052100212185309 0.0341650389937898 0.0113644462903518 1.67069825410452e-06 -0.000648359036151012 -0.00173730249126159
3300 0.00030245599736266 0.0554001599750072 0.0369672108481802 0.0133604962979662 -1.82462897091806e-06 -0.000599750149122812 -0.00196378458582438
3400 0.00030245599736266 0.0586437845201418 0.0393421336948414 0.0154691198178929 -7.2427095137674e-07 0.000447885976918009 0.000875499753469651
3500 0.000340346891265859 0.0617041302087873 0.0423735499964583 0.017133414799271 2.8376600977305e-06 0.000843320470025857 0.00217602362322706
3600 0.000340346891265859 0.0651327072177855 0.044798897552131 0.0194237619465396 3.28804673780206e-06 -5.47605611456423e-05 7.47938230009477e-05
3700 0.000340346891265859 0.0680028295982981 0.0474726694309777 0.0210743310860599 -3.25100777291361e-06 -0.00072235654887742 -0.00207359888442173
3800 0.000340346891265859 0.0708027357187402 0.0500086749045604 0.0227951643368011 -8.04206009638756e-06 -0.000289798354113566 -0.000864498363115382
3900 0.000340346891265859 0.0740168623922947 0.0524046417005899 0.0249308467889707 3.54275608272738e-06 0.000733240321352941 0.00152898652298663
4000 0.000381437016316715 0.0765397111908325 0.0551336325387288 0.0263127300085012 1.06625009574646e-06 0.000707658224567982 0.00161551256797155
4100 0.000381437016316715 0.0790567200744782 0.0570710924008949 0.0280797387986957 -3.07763667360878e-06 -0.000434168911800375 -0.000694876018510503
4200 0.000381437016316715 0.081725018179982 0.0596610214946192 0.0296849355232576 1.57195599697399e-06 -0.000741759330101234 -0.00208562290581697
4300 0.000381437016316715 0.0839635295347836 0.0619364514641627 0.0311254853199667 1.38171756991732e-06 0.000142358075559032 -0.000147186506669825
4400 0.000429225531582659 0.0861459682962231 0.06374944079532 0.0326934820495554 3.22875607869276e-06 0.000887517912687264 0.00208657888816029
4500 0.000429225531582659 0.0879980725462261 0.0661520109760309 0.0337450380450936 -5.81519942600064e-06 0.000342925622571289 0.00100584355937459
4600 0.000429225531582659 0.0903115166905782 0.0680285226816694 0.0354496065657347 -1.94864699294702e-06 -0.000750136820408422 -0.00164791809155308
4700 0.000429225531582659 0.092117660278398 0.0701487553348369 0.0366344948832772 -4.75356696379131e-06 -0.000430358446016214 -0.0017335132834024
4800 0.000429225531582659 0.0934750080028467 0.0719836019968484 0.0376031558964985 -1.50495625325639e-06 0.000457972605728412 0.000911475373035884
4900 0.000479513446182507 0.0950101309822879 0.0734633326379035 0.0388497827671404 3.68387145994235e-06 0.000714893249496503 0.00220112563837816
5000 0.000479513446182507 0.09613849414043 0.0756205965966619 0.0394435627037634 -9.28231267191903e-06 0.000153931372150539 -0.000251343926592243
5100 0.000479513446182507 0.0972909434688354 0.0768157523735359 0.0406857873041099 6.42572832541003e-06 -0.000761448706882787 -0.00175880173236656
5200 0.000479513446182507 0.0982943779586073 0.0786373766744449 0.0414866691783225 1.10617090049135e-06 -0.000419864394812957 -0.00073227358162066
5300 0.000479513446182507 0.0993807282735977 0.0804304493528715 0.042409132576868 -4.30687441586197e-06 0.000745586250348859 0.0011093023496716
5400 0.000528001793262039 0.099844235428425 0.0814113079945544 0.0431338554020426 1.42720541806074e-06 0.000777224454777406 0.00152364755938678
5500 0.000528001793262039 0.09987162758337 0.0829566077070052 0.0432801377029804 -3.49779536908318e-06 -0.000459915465762268 -0.000229084510193296
5600 0.000528001793262039 0.100562078490655 0.0840997099710516 0.0442403000317535 2.2063410154926e-06 -0.000769976897449819 -0.00209209007061274
5700 0.000528001793262039 0.100649259398395 0.0854275998360439 0.0445679955043072 -4.92284977104598e-06 0.000258108985006878 -0.000471701763553436
5800 0.000528001793262039 0.100471544087073 0.0865164273144947 0.0447929313745145 -8.89991778541006e-07 0.000873972582803619 0.00223033430670437
5900 0.000571491341673429 0.100425233046564 0.0873448492668868 0.0453134874702151 2.4706146141642e-06 0.000154973452737688 0.000994922138938298
6000 0.000571491341673429 0.0999795649177191 0.0886739996137601 0.0453015281704474 5.25084947883661e-07 -0.000672943537428636 -0.00179798905764466
6100 0.000571491341673429 0.0995108549714589 0.0891558478046734 0.0455808671404105 2.28968250884506e-07 -0.000402246344462921 -0.00147413253304362
6200 0.000571491341673429 0.0987535381227904 0.0901076871570734 0.045525418803624 -3.47329438502561e-06 0.000605751686966068 0.00112470568989964
6300 0.000612081586857437 0.0980460649997413 0.0909977515019925 0.04554066741802 4.34925593065176e-07 0.000754070802200129 0.00179652158023544
6400 0.000612081586857437 0.0971565466568102 0.0913288159624537 0.0455843785563368 1.66393249811478e-06 -0.000199302056917698 -0.000329535739547676
6500 0.000612081586857437 0.095740137114629 0.0921839778922277 0.0450878896326848 2.41991979514802e-07 -0.000805276870909645 -0.00178658484092873
6600 0.000650872264520962 0.0948465216785036 0.0925474020666315 0.0452023699469108 -9.03944440029679e-07 -4.86864535407249e-05 -0.000542866972477637
6700 0.000650872264520962 0.0934246960364539 0.0931210163498027 0.0448154483220264 4.68017679433798e-06 0.000953655435023693 0.00143253994247948
6800 0.000650872264520962 0.0917986231108109 0.0935091617185675 0.0443199124176821 2.04947619183074e-06 0.000437529460269327 0.00129702225702236
6900 0.000650872264520962 0.0905084384469407 0.0937017170337091 0.0441952374171809 3.05643792247178e-06 -0.00078607645705728 -0.000913021944234401
7000 0.000688763158424328 0.0887070821293329 0.0943640533709995 0.0435298715083097 1.8254541530445e-06 -0.000575577772547642 -0.00180764288313414
7100 0.000688763158424328 0.0871752891370979 0.0943611821551773 0.0432874617215527 2.01106004866469e-06 0.000620067855493332 0.000222589863857349
7200 0.000688763158424328 0.0853144033088829 0.094717666116466 0.0426567031279494 7.59512875335016e-06 0.000890018589493885 0.00201679088681107
7300 0.000688763158424328 0.0835424889952206 0.0950898145969778 0.0421467670271733 3.18611571767936e-06 -0.000238613245060337 0.000497400176526962
7400 0.000725854244540738 0.0817355721533388 0.0949789488236074 0.041736082216169 5.54361872994486e-06 -0.000823721357255452 -0.00177418381895578
7500 0.000725854244540738 0.0795046309373213 0.0953944378208305 0.0408232614595275 2.04997833933336e-06 -2.45139137706244e-05 -0.00119696773457706
7600 0.000725854244540738 0.0780057024013233 0.0954683805428168 0.0406204504748181 4.64953068955121e-06 0.000843945838549861 0.00129483559567306
7700 0.000725854244540738 0.0759617279020765 0.0956909359951442 0.0398974051562325 9.73331633576199e-07 0.000503258467052321 0.00173888218860634
7800 0.000761045787163462 0.0739637433693513 0.0959202476791193 0.0392463341072198 5.11955769961e-08 -0.000642863595792307 -0.000612033964972921
7900 0.000761045787163462 0.0721731919485337 0.095853394584824 0.0388379299237438 3.03155925956005e-06 -0.000655457295950744 -0.00189193629349888
8000 0.000761045787163462 0.0701166511712677 0.0963634887529179 0.0380517513569737 -5.60398247770634e-06 0.000462114938041453 -0.00037777619376273
8100 0.000795237570052491 0.068147410949468 0.0961226576887046 0.0375350283700306 5.80192978429071e-06 0.000886576705601193 0.00199779055135677
8200 0.000795237570052491 0.0660762097282123 0.0963931758979557 0.0368434324312982 5.1620524303266e-06 -2.58087884276454e-05 0.00105663286553292
8300 0.000795237570052491 0.0641206757258849 0.0966206918585153 0.0361931175766096 7.75515157396328e-07 -0.00079712347354688 -0.00156887847944609
8400 0.000828129665287716 0.0621980645880862 0.0964794164425089 0.0357162300701708 -3.76582770668513e-06 -0.000283082183108923 -0.00174318296000494
8500 0.000828129665287716 0.0598810422586507 0.0968274498141976 0.0347662085198006 -2.1155995257231e-07 0.000822605774585927 0.00110094573656258
8600 0.000828129665287716 0.0582504676573826 0.0968073484773313 0.0344365752786578 8.94048158153645e-06 0.000630991384336664 0.00188218388519312
8700 0.000858822289109147 0.0559419291609871 0.0969076737443196 0.0336039577887844 1.08669104035369e-06 -0.000503010455572137 -0.000126930546895479
8800 0.000858822289109147 0.0539775128152646 0.097096977116029 0.0329068148084719 -1.0272147674105e-06 -0.000727453444928965 -0.0019177090377828
8900 0.000858822289109147 0.0523479208220186 0.0971714330304033 0.0326041450959359 5.73131540045842e-07 0.000226862600156085 -0.000608609896107334
9000 0.00088831520125031 0.050351934078728 0.0976581600035997 0.031822165894442 7.08288746765284e-06 0.00100274677863401 0.00163959827058987
9100 0.00088831520125031 0.0486455359338793 0.097564524873242 0.0314090920391105 5.58177571345265e-06 0.000143763555703816 0.00126801768234237
9200 0.00088831520125031 0.0466172068822269 0.0978500186980436 0.0307406432478562 2.94916889009405e-07 -0.000789339904886473 -0.000917437756272595
9300 0.00091850794520506 0.0450462542944308 0.0982793428971289 0.0302715032035483 1.2879441024604e-06 -0.000416404585465262 -0.00192160964501663
9400 0.00091850794520506 0.043339100112787 0.098242459253093 0.0298815329885476 4.5301952526096e-06 0.00067773548535627 0.000355621289438235
9500 0.00091850794520506 0.0413788243846347 0.0987325205440913 0.0290953129406677 6.04366155745555e-06 0.000858207940958644 0.00206732719316342
9600 0.00094920056902649 0.0401498595582688 0.098979134059638 0.0289815506093192 6.76990692747596e-07 -0.000373225301513545 0.00030199636514134
9700 0.00094920056902649 0.0384479785934736 0.099371064119202 0.0284635696163143 -9.39481611845531e-07 -0.000922263652927573 -0.0017407055338386
9800 0.00094920056902649 0.0368200919169116 0.099739776379512 0.0279149460214732 -2.10701020817849e-06 0.000150186840289469 -0.000957326135121707
9900 0.000979793216874551 0.0354297459147862 0.0999323895464648 0.0277302334752145 7.2387775446927e-06 0.00102379973283204 0.00118337324063889
10000 0.000979793216874551 0.0341747360664654 0.100785046539073 0.027326384064279 5.5930202535519e-06 0.000330567885733869 0.00147429387544847
10100 0.000979793216874551 0.0348056684344822 0.101933234101457 0.0281018634686296 -2.04641889252612e-06 -0.000872081597057792 -0.000417812321589352
10200 0.000979793216874551 0.0353782676226327 0.103518302935301 0.0287596550757344 -1.24371906251183e-06 -0.000547878399162741 -0.00164003627145264
10300 0.00101098572056266 0.0360331300761372 0.105109377061538 0.0294143233914532 7.88263449636361e-07 0.000758352932383172 -0.000334082207507648
10400 0.00101098572056266 0.0366695879865706 0.106273481589676 0.0302262234116614 8.79024069893906e-06 0.000823090186384093 0.00141140664153408
10500 0.00101098572056266 0.0369582348122162 0.107926974546493 0.0306053948689197 -2.19715834202829e-06 -0.000272194176394802 0.00119919415775047
10600 0.00104127844049078 0.0377837448253952 0.109232562453219 0.0315175544183778 -7.92787851756722e-06 -0.000922453827797207 -0.00108174991704419
10700 0.00104127844049078 0.0382013671039933 0.110709681871943 0.0320977310193532 2.87650401864827e-06 -7.18467193866825e-06 -0.00162929146631205
10800 0.00104127844049078 0.0385683299021062 0.112133818059542 0.0325770404967094 5.88994973396835e-06 0.00104954619530832 0.000578391824504666
10900 0.00107097130457852 0.0394162488187882 0.11348326698738 0.0335453818623976 2.26454496234037e-06 0.000382708378535307 0.00161889586988816
11000 0.00107097130457852 0.0397733918848957 0.115180001433904 0.0339947467969983 -5.82647768234634e-06 -0.000821039390283439 0.000303416268253048
11100 0.00110046421671968 0.0403228698446598 0.11628292837132 0.0347127298475945 4.02335232226997e-07 -0.000667352385323522 -0.00137479045360819
11200 0.00110046421671968 0.0408001889197949 0.117871326277927 0.0353739421474337 3.36459939085518e-06 0.000634224841163152 -0.00106033130188286
11300 0.00110046421671968 0.0414119858187004 0.119449393368495 0.0360172130634657 1.66492307567451e-06 0.00096691749576463 0.00107072777500529
11400 0.00112915732107389 0.0420919983913631 0.120671281967905 0.0368665475412379 -4.33550860152904e-06 -0.000213747120105349 0.00156095964017837
11500 0.00112915732107389 0.0423489859178107 0.122359391966407 0.03730426520711 -5.25403369268574e-06 -0.00094530729406318 -0.000442580038777545
11600 0.00112915732107389 0.0430900030233676 0.123631484272606 0.038156777022121 -1.93505434375234e-06 -0.000158998013340686 -0.00174190993472159
11700 0.00115775044945472 0.0434379971466416 0.125097626071055 0.038731979208941 4.52211283530079e-06 0.00104535288473544 -0.000215721160677376
11800 0.00115775044945472 0.0438818342878083 0.126583248309877 0.0392955495466469 4.94266864393593e-07 0.000587633364688416 0.00153257251238008
11900 0.00115775044945472 0.0445125102081244 0.127873946574406 0.0401542510529704 -1.16534496638929e-05 -0.000821475416715868 0.000843426035215147
12000 0.00118634357783573 0.0448125492132234 0.129512092198535 0.0405993306880154 -2.13641499341002e-06 -0.000736077639008681 -0.000986929316632634
12100 0.00118634357783573 0.0454702709635887 0.130746243268841 0.0414029438170308 4.41651343627043e-06 0.000545944013825109 -0.00133698120059468
12200 0.00118634357783573 0.0457796950492337 0.132236438561652 0.0419836898626399 1.50232975732358e-06 0.00107243113120371 0.000375018341331243
12300 0.00121363701856293 0.0463351471416299 0.133769927956996 0.0426133065620132 -6.99544918305144e-06 -0.000171503419939486 0.00146937540739533
12400 0.00121363701856293 0.0466936500842 0.134869582220415 0.0432856418955169 -4.50086320009821e-06 -0.00100032142064709 0.000436301409724542
12500 0.0012397307476097 0.0471329808558636 0.136607612088353 0.043838510662388 2.39557716459144e-06 -0.000172151517133253 -0.00153399128313762
12600 0.0012397307476097 0.0477050788922166 0.137836655074702 0.0446029878991198 5.22299877358988e-08 0.000959806541167932 -0.000903606555179088
12700 0.0012397307476097 0.0479726355154938 0.13923040507726 0.0451336649466741 -1.99945643748885e-06 0.000672093354506171 0.00111106561626557
12800 0.00126622438055011 0.0483900047785659 0.14069406016577 0.0456850351308251 -3.15382401417083e-06 -0.000696144138344261 0.00133535710661769
12900 0.00126622438055011 0.0490588662261398 0.142027738077973 0.0465620323532036 1.61814840923726e-06 -0.000913303618792245 -0.000564864515298621
13000 0.00126622438055011 0.0492133334998097 0.143530532428368 0.0469187956189984 2.66054762512091e-07 0.000494269986741483 -0.00139035422258083
13100 0.00129281798946373 0.0496089515290944 0.144632047485313 0.0475595119947357 -2.99933394903521e-06 0.00113454078593946 -0.000170377190911591
13200 0.00129281798946373 0.0501726301542596 0.14624215673819 0.0482885457825115 -1.11904632222458e-06 -2.925684936306e-05 0.0012179133078546
13300 0.00131931162240414 0.0505861444258912 0.147673532375767 0.0488197671882278 -2.05660452822032e-06 -0.00112828487916991 0.000878017479785306
13400 0.00131931162240414 0.050792192008336 0.148671223406246 0.0493822710718247 -2.43738624087499e-06 -0.000245294623037443 -0.000744119159546323
13500 0.00131931162240414 0.0511947429213451 0.150355850609898 0.04991006393042 1.05310718245961e-06 0.00106127826483492 -0.00149779922275576
13600 0.00134580525534438 0.0518820068166219 0.151624105535287 0.0507049225308731 1.31570352885563e-06 0.000633400643852477 0.000240680041860926
13700 0.00134580525534438 0.0520114634514249 0.152901487507558 0.051134523744841 -4.59226827139488e-06 -0.000700026916120392 0.00167235115583636
13800 0.00134580525534438 0.0522721027483555 0.154200878430953 0.0515351057041845 -5.14724746025104e-06 -0.000826121227179199 0.0005216489764275
13900 0.00137199896036469 0.0529769199224661 0.155552158290908 0.0524241896023274 -1.28779906505023e-06 0.000377133219887238 -0.00170829719342376
14000 0.00137199896036469 0.0532233900274553 0.157053295336325 0.0528087412057944 2.38141841753904e-06 0.00102011420304259 -0.00114420027305011
14100 0.00139839261733156 0.0534306254775349 0.157993744561537 0.0532823086699042 -3.44945221906715e-06 0.000120191769353181 0.00152743539116636
14200 0.00139839261733156 0.0538772373773461 0.159504377764602 0.0539218615203967 -6.72618630528076e-06 -0.000937506054499544 0.00146135409166826
14300 0.00139839261733156 0.0544129739376649 0.160964539812133 0.0545056565539416 3.80254974926842e-06 -0.000507054089833685 -0.0009539025276887
14400 0.00142498622624534 0.0545495050332019 0.161898174891098 0.0549893142575444 2.27845142052777e-06 0.000879073304083535 -0.00155774567225812
14500 0.00142498622624534 0.0547781330472387 0.163401064484612 0.0553748098188181 -1.23519906775591e-06 0.000895225926054055 0.00014131035506071
14600 0.00142498622624534 0.0554886442562813 0.164702552804782 0.0561866471420013 -4.33405095840253e-06 -0.000552427815448787 0.00157345196486443
14700 0.0014517797871057 0.0555840393177796 0.165912188117766 0.0565651802285193 -6.65492965282483e-06 -0.00102417264244709 0.000555367950994426
14800 0.0014517797871057 0.0557610581507099 0.167159348794818 0.0569338197723886 -1.51402844484369e-07 0.000187704756270134 -0.00127340450980618
14900 0.00147917320380627 0.0563510023537982 0.168412608604013 0.0577100179086752 2.4373707146074e-06 0.00119122139601305 -0.00100754783985266
15000 0.00147917320380627 0.0565959097634073 0.169884885839374 0.05810595894925 -4.70171022233678e-07 0.000260748680719987 0.000583837039454976
15100 0.00147917320380627 0.0567395195678209 0.17081726754719 0.0585467262752895 -5.57875334659413e-07 -0.00106081256665593 0.00143010457685655
15200 0.00150696652440032 0.0570687706529543 0.172195750430157 0.0590872842093561 2.97014047967489e-06 -0.000531784081479685 0.000210807815013187
15300 0.00150696652440032 0.0575553061164016 0.17364747309609 0.0596663137438292 1.87025185836842e-06 0.000800004559080258 -0.00167552129494631
15400 0.00150696652440032 0.0576758023551286 0.174570520583134 0.0601336333220111 3.69845034829998e-06 0.000884060269316656 -0.000837802185141947
15500 0.00153695931640816 0.057757082773799 0.175960146381029 0.060441165908859 -1.62019178532517e-06 -0.000309259409369385 0.00167209202117044
15600 0.00153695931640816 0.0583727734763205 0.177217909057524 0.0611965362095191 -5.03042497341793e-06 -0.00103897784290945 0.00121641869492575
15700 0.00153695931640816 0.0584910879719383 0.178446368691303 0.0616181680951849 1.57941037226608e-06 -0.00010157533836647 -0.00130236127481788
15800 0.00156835177204318 0.0584787948849469 0.179582998506275 0.0618835995125714 7.68326855012292e-07 0.00111020125559463 -0.00126705549312554
15900 0.00156835177204318 0.0590765972487215 0.18085506849112 0.0626745779228974 9.37238276305955e-07 0.000583830333484359 0.000554969218130004
16000 0.00156835177204318 0.0591891421969603 0.182260469195658 0.0630253356809185 -3.53858150379877e-06 -0.000878005609459711 0.00130903211571959
16100 0.00159944429975792 0.0592306034179566 0.183148008980647 0.0634206462330689 -1.38923747132879e-06 -0.000897867929398693 0.000226654343534248
16200 0.00159944429975792 0.0595497100841106 0.184545354180365 0.0639887907056399 3.35750914325615e-06 0.000600060198546163 -0.00120607546779797
16300 0.00159944429975792 0.0598895742931965 0.185918250736629 0.0645022562341197 -1.00723683305713e-06 0.00112595537132471 -0.000846317126480943
16400 0.00162933711579256 0.0599014342948453 0.186808629815108 0.0649265046815354 7.80039895420764e-07 -0.00010052074752482 0.000860476990674773
16500 0.00162933711579256 0.059915766488442 0.188188217587726 0.0652488316438614 -1.23999568661477e-06 -0.0011112877851753 0.00130556924586539
16600 0.00162933711579256 0.0604144018177389 0.189404045484205 0.0659501742945081 4.4570187074351e-06 -0.000334143066574037 -0.000301975842976523
16700 0.0016579302441734 0.0603961515368178 0.190560005353656 0.0663098032249251 7.18519422904543e-06 0.00101554449558531 -0.00155120570171179
16800 0.0016579302441734 0.060361063881435 0.191719886800587 0.0666126501477294 6.60197573516356e-07 0.000766206275704027 -0.000238271214947253
16900 0.0016579302441734 0.0606105120307798 0.192843778008638 0.0672308832773378 3.97217969224905e-06 -0.000643472376623802 0.00150387672620763
17000 0.00168592351671419 0.0600973964041286 0.193903871816022 0.0672800764577182 1.25454047139504e-06 -0.00101695407442948 0.000770399495095903
17100 0.00168592351671419 0.0588281336854653 0.194194685978122 0.0670483886013633 9.08548446159041e-07 0.000258140456931394 -0.00115445008562217
17200 0.00168592351671419 0.0568641823724171 0.19443700160298 0.0664673458070598 6.93816135377673e-06 0.00117595369356426 -0.00120063711997304
17300 0.00171261710160117 0.0546010060645526 0.194488806281281 0.065680741937306 6.55147037476975e-06 0.000223057163571718 0.000679353650019782
17400 0.00171261710160117 0.05251778167403 0.194363726366163 0.0650532115527369 3.76221342742809e-06 -0.00102943094323746 0.00139660799433396
17500 0.00173761109494104 0.0506665555067663 0.194780368128965 0.0644548755165953 2.01312783037303e-06 -0.000637570147268459 -8.39102553367257e-05
17600 0.00173761109494104 0.0486209696350257 0.194740170487439 0.0638671937297768 -1.68733264654465e-06 0.000806937092963512 -0.00128858165984713
17700 0.00173761109494104 0.0462679906672663 0.194706330348446 0.0630481670204097 5.96235283674987e-08 0.0010094275257786 -0.000541592613826808
17800 0.00176250511230771 0.0440651306866045 0.194771488501574 0.0622722977061802 3.83856860718424e-06 -0.000405541240108048 0.00101801895344235
17900 0.00176250511230771 0.0418371492818569 0.194659346155715 0.0616239367081174 6.9898009260513e-07 -0.00110875149476433 0.00105967609573038
18000 0.00178729915370084 0.0395476690200083 0.194797895744273 0.0607876735699216 4.95631074428842e-07 -4.39563317833855e-05 -0.000607636022669348
18100 0.00178729915370084 0.0370133475267871 0.194465974247421 0.059901738033721 8.04868676812541e-06 0.00111137367265469 -0.00127221676076809
18200 0.00178729915370084 0.0347448600591203 0.194532012227804 0.0591627217778407 7.2430310490465e-06 0.000560221405760414 9.67536444388762e-05
18300 0.00181219317106751 0.0323994290132453 0.194523799728716 0.0583260580154394 2.12195048783442e-06 -0.000928862320886578 0.00119096940893529
18400 0.00181219317106751 0.029863592109321 0.194200046704238 0.0574739933846362 -9.13202008199461e-07 -0.000858857145920904 0.000509038888718454
18500 0.00183738711635411 0.0271868599370616 0.194143661946785 0.0564304275621735 2.92039883891391e-07 0.000605969218152256 -0.000916443789044716
18600 0.00183738711635411 0.0249462602627952 0.19402382791693 0.0557343393245745 9.13551493400531e-06 0.00107687204194677 -0.000962744451772738
18700 0.00183738711635411 0.0223572034626381 0.193855921203516 0.0547869004779983 5.29050513064858e-06 -0.000110433203180457 0.000479785587526527
18800 0.00186258106164072 0.0197004635560563 0.193656136849105 0.0537502110363532 -4.94254735405021e-06 -0.00111116761666949 0.00118995301980136
18900 0.00186258106164072 0.0173140806752523 0.193491550399192 0.0530129968157595 -7.29980990582596e-07 -0.000306284599596846 9.47488153628589e-05
19000 0.0018878749829007 0.0148398788404252 0.193484644416245 0.0520547246491149 6.77204715582198e-06 0.000985400954028004 -0.00116763249319077
19100 0.0018878749829007 0.0121719346504486 0.193110627727381 0.051093675229196 5.56689608362051e-06 0.000714257232622159 -0.000661638954540201
19200 0.0018878749829007 0.00969551109701701 0.193051063332001 0.0502263513577564 -1.62015996910166e-07 -0.000642724688249926 0.000966735105838972
19300 0.00191316890416085 0.00740708257017484 0.193050514956279 0.0493991996683428 -4.65442504018954e-07 -0.000976829049482719 0.00107923393869572
19400 0.00191316890416085 0.00480042682551508 0.19271831038271 0.0484969679115105 4.38509684439992e-06 0.000271945228160362 -0.000557051127444572
19500 0.00193876275334093 0.00222545836376558 0.192667941437602 0.0474850578348997 7.46197018805511e-06 0.00110692565717967 -0.00123054901879976
19600 0.00193876275334093 5.71286551585346e-05 0.192608564975037 0.0468120689132308 3.90730137128645e-06 0.000170541834606654 -9.04415915899589e-06
19700 0.00193876275334093 -0.00249873925254464 0.192452887637914 0.0458760931823538 -7.8911533693824e-07 -0.00099986765441401 0.00117020110191812
19800 0.00196445657849422 -0.00511120868285783 0.192259750960859 0.0448486550856572 -7.92775803342939e-08 -0.000555856764825251 0.00061250086387218
19900 0.00196445657849422 -0.00721430050312519 0.192254151409945 0.0442304770666249 5.52435384636732e-06 0.000788573837907527 -0.00090472970175523
20000 0.00196445657849422 -0.00951002588306475 0.192318555121034 0.0433748526774064 5.41285596619761e-06 0.000860314380357576 -0.00108955876912482
20100 0.00199065028351453 -0.011809259423811 0.192149007782473 0.0425806183041796 2.4832168719338e-06 -0.000404206922618897 0.000483963026177026
20200 0.00199065028351453 -0.0139964832566555 0.192223997953564 0.0418455755305989 -1.31134824421564e-06 -0.000978943910721027 0.001372524578157
20300 0.00201734386840168 -0.0159598329331842 0.192382543028653 0.041183325595935 1.4095391972162e-06 -1.16026185604197e-05 2.60486017436144e-05
20400 0.00201734386840168 -0.0178910694252998 0.192423897263669 0.040612292945853 7.33140760903071e-06 0.000984371930873995 -0.00136795417708782
20500 0.00201734386840168 -0.0199295067313284 0.192625754404003 0.0398866524670186 3.73786899774805e-06 0.000428221609694687 -0.00053080482721244
20600 0.00204463730912888 -0.0215979620492875 0.192828172526628 0.0394398123254058 -5.23833931408226e-06 -0.000818952488413862 0.00108972939961328
20700 0.00204463730912888 -0.0232266728463018 0.193154390938928 0.0389876592707528 -1.58693603366578e-06 -0.000698227448897964 0.00100502730851079
20800 0.00204463730912888 -0.0248785228236861 0.193454804944187 0.0384599347883533 6.32150742386384e-06 0.000506827007319528 -0.000646243473824933
20900 0.00207313046153635 -0.0261517358823025 0.193892347186487 0.0382473498143503 7.53308224000978e-06 0.000905531519033067 -0.00127750698795238
21000 0.00207313046153635 -0.0274217389527933 0.194468422247757 0.0379359069129066 -1.21915057924347e-06 -0.000102045986826036 0.00010027566335664
21100 0.00207313046153635 -0.0285836029024164 0.194903176104868 0.0377068760446503 -3.22464548838648e-07 -0.000946093756407261 0.0012870095887851
21200 0.00210242342173077 -0.0295406746412864 0.195627543582986 0.0376260606298875 4.83324526454676e-06 -0.000254581927759447 0.000457450432137545
21300 0.00210242342173077 -0.0301341754232798 0.196489796360391 0.0376741516162776 1.44859333627229e-06 0.000818297295029336 -0.00108861566255476
21400 0.00210242342173077 -0.030825460539962 0.197184902545307 0.0377224403079055 7.9120714279413e-07 0.000591371678489463 -0.000888864707633955
21500 0.00213281611763209 -0.0314457055879251 0.198121244247158 0.0377597034201055 -9.74637984135813e-07 -0.000547062467989506 0.000682088291858419
21600 0.00213281611763209 -0.0315935595436367 0.199130687616189 0.0380836107108862 -9.47747884367761e-07 -0.000817475022646718 0.00117556597053666
21700 0.00213281611763209 -0.032011660259129 0.200090629632243 0.0382658477599941 3.60544234835171e-06 0.000239663633633732 -0.000164583014892714
21800 0.00216410859729357 -0.0322112495974541 0.201143479077334 0.0384981526254833 2.27806778875855e-06 0.000878466422792654 -0.00120825207527149
21900 0.00216410859729357 -0.0319100641689268 0.202412050187269 0.0390828223756686 -3.373623212977e-06 0.000122604231129003 -0.000324126112112213
22000 0.00216410859729357 -0.0316281651941261 0.203794807432049 0.0396003605544505 2.13994899250115e-06 -0.000785675205058142 0.00104813198845883
22100 0.00219620088474218 -0.0312851068056217 0.205026321526712 0.0401461356225376 5.29171493723031e-06 -0.000465817530735916 0.000731933488687435
22200 0.00219620088474218 -0.0308344202999473 0.206490136069872 0.0408029106368993 -4.78492998052281e-08 0.000623450021842181 -0.000717931763791487
22300 0.00219620088474218 -0.0299400508369809 0.208129728251957 0.0416361477135968 -6.97931864576086e-07 0.00068449928282442 -0.000988147262895019
22400 0.00222689350856361 -0.0291962966964467 0.209590141105063 0.0424232287102018 5.4408356198198e-07 -0.000337510252050029 0.000290620553328673
22500 0.00222689350856361 -0.0282241165480656 0.211347342265302 0.0433005332100791 4.73854380226754e-06 -0.000794237568293506 0.00108431227347743
22600 0.00222689350856361 -0.0269671648807079 0.213105934339977 0.044352076386162 4.95773909702711e-06 -8.07350498766786e-06 0.000139870835271817
22700 0.00225758613238504 -0.0258454582381428 0.214856006852419 0.0453311499602177 -2.52056282184186e-06 0.000805573397776344 -0.000997952506385179
22800 0.00225758613238504 -0.0247247453981924 0.216606603727017 0.0462673813705792 5.48051995197954e-07 0.000292231484706528 -0.000587182434459659
22900 0.00225758613238504 -0.0230872994286707 0.218592103026119 0.0475405050435227 3.94321614297608e-06 -0.000659259602425693 0.000737066012950281
23000 0.00228747894841951 -0.0215094376552822 0.220610834261061 0.048727548284883 -4.23865839731061e-08 -0.000536146534265909 0.000923784339891578
23100 0.00228747894841951 -0.0199393164085162 0.222504413863139 0.0499081060153109 -1.96270267089209e-06 0.000406811951897954 -0.000361691758284608
23200 0.00228747894841951 -0.0181198370660234 0.224663137661 0.0512627655685801 -4.96721978440595e-07 0.000712454331767314 -0.00107742925538135
23300 0.00231667193264057 -0.0162164703218053 0.226793055808583 0.0526126819102344 5.18972370381397e-07 -0.000138965531985536 -9.84603474188462e-05
23400 0.00231667193264057 -0.0142676151022345 0.228891190124201 0.054005928813906 3.21000381829714e-06 -0.000751870538077752 0.00106787037823243
23500 0.00231667193264057 -0.0124090028780455 0.231078825790973 0.0553395019881969 1.82906899737222e-06 -0.000153853102819071 0.000535423983652681
23600 0.00234586491686162 -0.0101692393048957 0.233318720529528 0.0568806984160738 -2.79562244212345e-06 0.000645744189085047 -0.000871288849295823
23700 0.00234586491686162 -0.00819172427380541 0.235449080620936 0.058265157003279 8.59601664457922e-07 0.000444709968231027 -0.000843060317670569
23800 0.00234586491686162 -0.00621324398818139 0.237502180844453 0.0595972156701395 5.62368761698041e-06 -0.000499805601825797 0.000538641366554352
23900 0.00237505790108268 -0.0041669598044674 0.23948822005804 0.0609875581451051 1.38197942189395e-06 -0.00065019879955415 0.000979592819998879
24000 0.00237505790108268 -0.00206484992098365 0.241497752979767 0.0623627337863393 -3.54002609860139e-06 0.000265705543580358 -0.000128208080891285
24100 0.00237505790108268 -0.000164512544217796 0.243302058842921 0.063602607462054 -1.74193713917643e-06 0.000713959081633522 -0.000997786350418297
24200 0.0024043508612771 0.00180580070840483 0.245291670852629 0.0649360663899008 -8.83292223133263e-07 4.03784296584164e-05 -0.000267503229101434
24300 0.0024043508612771 0.00397184178464189 0.247334385386476 0.0663533594761487 5.64755876566426e-06 -0.000726071330622247 0.00081368805977059
24400 0.0024043508612771 0.005879782858629 0.249142399123442 0.0676020142939346 -3.63136920979342e-07 -0.0003182358738862 0.000583090965448172
24500 0.00243404372536484 0.0077188369908457 0.251013058291628 0.0688307375396886 -7.94715182779763e-06 0.000608742806971755 -0.000540095919214551
24600 0.00243404372536484 0.00989429744929861 0.253019477015625 0.0702461413252698 1.441419896534e-06 0.00051192199539777 -0.000824670968687091
24700 0.00243404372536484 0.0116722939237196 0.254808644667069 0.0714431007106665 -1.26498754753896e-07 -0.000368976576678909 0.000169595285905944
24800 0.00246393654139948 0.0133936633148693 0.256541677379101 0.0725742775590782 5.61320486537289e-07 -0.000701094976383851 0.000905755771168836
24900 0.00246393654139948 0.0152598285310319 0.258409570204219 0.0738301029053466 -9.23044737490679e-07 9.57969941036571e-05 0.000217481236590818
25000 0.00246393654139948 0.0172523698758508 0.260337698349942 0.0751484404819984 -3.68915893831282e-06 0.000762662600043634 -0.000826385262588822
25100 0.0024943292373008 0.0188864250658388 0.261985477634663 0.076217086791206 1.01376464190388e-06 0.00015518057680688 -0.000608716029000627
25200 0.0024943292373008 0.0205933228016832 0.263794983266846 0.0773916606777018 8.09327714527792e-07 -0.000673663505344233 0.000629548402057905
25300 0.0024943292373008 0.0225425456146097 0.265674804954564 0.078677447830896 -3.28530795189821e-07 -0.000453576291884617 0.000874805971006617
25400 0.00252522181306897 0.0241115984348137 0.267341108541897 0.0797334477882449 -4.51424236038357e-06 0.000507777020786812 -0.000343213381347151
25500 0.00252522181306897 0.0256873184869889 0.269056294404611 0.0808279726482578 -1.68049419384904e-06 0.000641631146134242 -0.000984952490483604
25600 0.00252522181306897 0.0275469269018407 0.270918013349239 0.0820645620521008 -1.24251547430869e-06 -0.000281360791368664 -7.97135277133552e-06
25700 0.00255671424467719 0.0290801113565374 0.272597859925622 0.0831310292242834 4.46207750490759e-06 -0.00071678860332985 0.000951005980099754
25800 0.00255671424467719 0.0304339013765505 0.274158630619869 0.0840823438850821 -4.23958379711356e-06 -7.05844790246048e-05 0.00035367415820457
25900 0.00255671424467719 0.0321748213344466 0.276046259728763 0.085286173454573 -8.81834162258162e-06 0.000715496483280448 -0.00077907908370904
26000 0.00258870655615242 0.0337809521583937 0.277763329087378 0.0864194635043496 1.24872944921606e-06 0.000382019525802834 -0.000665600448215782
26100 0.00258870655615242 0.0350668626626988 0.279331531519325 0.0873260580594582 -2.82746364870575e-06 -0.000625667901624405 0.000490910302200664
26200 0.00258870655615242 0.0364559118705712 0.28104679901638 0.0883608694048353 -1.48414713955658e-06 -0.000624450304259112 0.000867802512661776
26300 0.00258870655615242 0.0379704167577799 0.282741283497749 0.0894478955430456 -8.5368921585652e-06 0.000368367449694669 -0.000153107611027333
26400 0.00262089881957423 0.0391273209943963 0.28430711845174 0.0903105546313463 -3.61465361380636e-06 0.000799259996268848 -0.000978829409752876
26500 0.00262089881957423 0.0404036739727416 0.285908676353089 0.0912932952309424 6.25054767536645e-06 -9.15914825316092e-05 -0.000274357051295194
26600 0.00262089881957423 0.0418819383100885 0.28770688306475 0.0923817825921368 1.58614061168905e-06 -0.000869803438540856 0.000843677031760298
26700 0.00265309108299603 0.0430879910918413 0.289326632673602 0.0933202049735262 -2.57271388887178e-06 -0.000208067148099914 0.000593808259397339
26800 0.00265309108299603 0.044020109676078 0.290748327293786 0.0941085832735225 -9.95783928879417e-06 0.000743448985722135 -0.000610673980921247
26900 0.00265309108299603 0.0448545344977052 0.292326066836477 0.0948871982560109 1.33234520683031e-06 0.000513604474823997 -0.000821879209397472
27000 0.00268448353863105 0.0448690179430997 0.293333561044807 0.0952768145508726 2.30493593051999e-07 -0.000552378944541626 0.000264049849728819
27100 0.00268448353863105 0.0431517894491959 0.293545660773851 0.094723257692477 -1.04102535060747e-05 -0.000754613489370156 0.000903007823360607
27200 0.00268448353863105 0.0400165578196952 0.293107275581565 0.0935252288519512 -7.42550781862246e-06 0.000266402016322569 0.00010489142163924
27300 0.00271257678714504 0.0365770177666193 0.29244474351586 0.0921886827684021 -2.25323188417372e-07 0.000811864817364304 -0.000878889837479289
27400 0.00271257678714504 0.0336063304893789 0.292138241746978 0.0910274991295882 5.40509774675046e-06 9.37244873034674e-05 -0.000528926243453669
27500 0.00273807066035176 0.031289990960205 0.292066428512888 0.0902779079419915 -3.5314920689031e-06 -0.000805927553191121 0.00065365566440641
27600 0.00273807066035176 0.0281865661957072 0.291735763604578 0.0891037612457447 -1.08700104956517e-05 -0.000457961274924913 0.000822598308763398
27700 0.00273807066035176 0.025167862093069 0.291413333191508 0.0879876307785146 -5.02707632297727e-06 0.000655466936253488 -0.000369185265626134
27800 0.00276296467771843 0.0224960308743747 0.291190087080964 0.0870447897002273 4.64618846024325e-06 0.000670553805105469 -0.00101801773591964
27900 0.00276296467771843 0.0192165053594215 0.2908930315042 0.0857922556743018 7.85314961244911e-07 -0.000384637619742771 -3.21242324367375e-06
28000 0.00278785869508493 0.0165349589448539 0.29068692906097 0.0848979996263298 -4.53302924671844e-06 -0.000827405943604907 0.00104776873826059
28100 0.00278785869508493 0.0133668205207085 0.290386960260873 0.083686328780446 -1.5884682657956e-06 -2.0744625242342e-07 0.000348557397888684
28200 0.00278785869508493 0.0104088995448673 0.290210418439733 0.0826460358773241 7.15461638157544e-07 0.000845979903797944 -0.000936147946667823
28300 0.00281255276050469 0.00755318109718464 0.289982173447968 0.0816607166273563 1.28118516787322e-06 0.000309748850743579 -0.000675926903515229
28400 0.00281255276050469 0.00439481035011023 0.289791519372759 0.0804706253987528 -2.68870008110827e-06 -0.000721864015708064 0.00067131960034746
28500 0.0028366469700844 0.00135643799379185 0.289470188408321 0.0794178524787313 -2.05507799459896e-06 -0.00064667437382061 0.000915210246410419
28600 0.0028366469700844 -0.00177932104012057 0.289319849352169 0.0782718716547334 -1.11990679847687e-06 0.000430158063254486 -0.000285606184110535
28700 0.0028366469700844 -0.00480635400271852 0.289145224064269 0.0772050866641026 1.9371009561573e-06 0.000858295951956089 -0.0010008196177719
28800 0.00286094113161085 -0.00788105644191527 0.288879754805165 0.0761226680339648 -1.64771520770793e-06 -0.000154537416230963 -0.000144896384472461
28900 0.00286094113161085 -0.0111241396098577 0.288763647828522 0.0749260759711157 -7.11441947475561e-06 -0.00092491698753519 0.000952743684013271
29000 0.00288513531716393 -0.0140189716177155 0.288546478510501 0.0739608322703181 -2.59738268947175e-06 -0.000248852142724779 0.000492102044131802
29100 0.00288513531716393 -0.0172538367653591 0.288403828249998 0.0727684566075042 -3.1472636630779e-06 0.000791117545465634 -0.000774785401329946
29200 0.0029090295747969 -0.0203602368787387 0.288257395688295 0.0716815897862125 1.43577561445202e-06 0.000572218700367539 -0.000783567647105237
29300 0.0029090295747969 -0.0233801521541668 0.288072895443666 0.0706462138824125 -1.03543985769832e-06 -0.000629105940670122 0.00044189409798574
29400 0.0029090295747969 -0.026647811715038 0.287953303885743 0.0694214679130667 -1.51998158851893e-06 -0.000840072202644855 0.000908326426300094
29500 0.00293272388048314 -0.0296993000555153 0.287708651463498 0.0683913600541359 1.78461661443992e-06 0.000249419844805962 -6.20190225328559e-05
29600 0.00293272388048314 -0.0328062063905393 0.287680355946942 0.0672744645854822 4.56120050912688e-06 0.000913645739823944 -0.000898790268263858
29700 0.00295651816214274 -0.0360328343125254 0.287472471822625 0.0661171613451686 3.61330852622472e-06 0.000103360265513525 -0.000333989585408249
29800 0.00295651816214274 -0.0392847499569247 0.287188693259219 0.0649550289020162 -1.24095388994387e-06 -0.000970356393725264 0.000723470621880714
29900 0.00298021246782897 -0.0423741565475814 0.287226236201188 0.0638385196703214 2.27164342690808e-06 -0.00048570053359685 0.000685064072887222
30000 0.00298021246782897 -0.0454828356966007 0.28692956991281 0.0627674330130259 -1.08809935567648e-08 0.000724766013569401 -0.000408855717708654
30100 0.00298021246782897 -0.0487502626385007 0.286816358024547 0.0615421329688876 1.81826655045156e-06 0.000719884900321811 -0.000903096410980336
30200 0.00300350686962189 -0.0517844599782948 0.286729640232302 0.0604921765192295 4.82258907196636e-06 -0.000487117596789859 1.66073073223762e-05
30300 0.00300350686962189 -0.0547446567108442 0.286583156372409 0.0594757342201636 4.22732585685863e-07 -0.000967056859243497 0.000971645312371996
30400 0.0030273011512815 -0.0578348159278277 0.286596797919092 0.0583265289713501 -9.46256698018967e-07 7.18678848986406e-05 0.000374033624418236
30500 0.0030273011512815 -0.0607382921593384 0.286394176449859 0.057359613027827 8.27226850454991e-06 0.000906700288923109 -0.000802601662058685
30600 0.0030273011512815 -0.0636856647296867 0.286431099571527 0.0562904898949013 5.19233141171518e-06 0.000227422631807537 -0.000708089782587318
30700 0.00305149533683441 -0.0664460001901428 0.286412975865817 0.0553454150607563 -2.82705588329446e-06 -0.000841756455471796 0.000476549503871616
30800 0.00305149533683441 -0.0691367139248668 0.286377340822724 0.0544483993827318 5.07691196372141e-06 -0.000651333549741279 0.000944239343437229
30900 0.00307618940225434 -0.0717941822503506 0.286589200043641 0.0535142808210623 5.0137541685159e-06 0.000527715867944333 -4.7456616583236e-05
31000 0.00307618940225434 -0.07422580227885 0.286564312317121 0.0527683264210632 7.21551665558872e-06 0.000788070798154557 -0.00101163778518955
31100 0.00307618940225434 -0.0766770779509616 0.286795522893563 0.0519196101785076 3.40478822624254e-06 -0.000280881565411448 -0.00040675248125926
31200 0.00310148332351432 -0.0788970724308342 0.287044334810911 0.0512542286020218 3.00726499462963e-07 -0.000953400471400119 0.000878279280739673
31300 0.00310148332351432 -0.0808948234093712 0.287275287201151 0.0506895199251903 3.94296076397922e-06 -0.000187361670557214 0.000805629161784184
31400 0.0031270771726944 -0.0830183363746762 0.287690254083447 0.049992673541026 4.78363058997074e-06 0.000806309904916809 -0.000583258899440658
31500 0.0031270771726944 -0.0848268504077117 0.287945263363246 0.0495581193189105 4.62327713150754e-06 0.000423444539324126 -0.0010730801848198
31600 0.0031270771726944 -0.0865516000896027 0.28849139753322 0.0490643307297186 -3.83972418103835e-07 -0.000695912824604821 0.000177353606920393
31700 0.00315327087771471 -0.0883426250227476 0.288863023981642 0.0485874204382458 3.81641903688555e-06 -0.000762680411457132 0.00114297085184802
31800 0.00315327087771471 -0.0898186897120716 0.289333208940578 0.048277333976104 7.9926809272506e-06 0.000257479740251317 0.000264117006743298
31900 0.00315327087771471 -0.0910601945283953 0.290147820294579 0.0480186821948718 7.57548642944405e-06 0.000809580357461418 -0.00101095475789485
32000 0.00318056431844191 -0.0920338991609395 0.290757490846808 0.0480039484655603 6.87546310988319e-06 1.09495779547677e-06 -0.000676537175125999
32100 0.00318056431844191 -0.0931153745961899 0.291604456379176 0.0478271049391324 2.00645112443728e-06 -0.000905117024923948 0.000747655656598688
32200 0.00320885751890264 -0.0940279298761776 0.292398737536024 0.0478015791505626 5.38449021455853e-06 -0.000434320333613821 0.000991776424915154
32300 0.00320885751890264 -0.0946056756348643 0.29324558897243 0.0479378117555833 7.050410981375e-06 0.0006174414336242 -0.000309173485672833
32400 0.00320885751890264 -0.0952918509699003 0.294329194830549 0.0479581514172544 9.1213705864385e-06 0.00061709466618955 -0.00116526710720217
32500 0.00323855038299054 -0.0954805227253303 0.295272715410166 0.0483275309474987 6.47171126395859e-06 -0.000461537093402165 -0.000193197217693131
32600 0.00323855038299054 -0.0956250213998647 0.29656744762908 0.0486250575156546 6.24401126474755e-06 -0.000870073703122612 0.00114790261691451
32700 0.00323855038299054 -0.0957968835761629 0.29768160859582 0.0489631391426311 5.50330076599273e-06 1.24674704364351e-05 0.000591838454422874
32800 0.0032691430308386 -0.0956989042350795 0.298817226941842 0.0494323287634396 3.92393747933534e-06 0.000743868303295681 -0.000927372732481341
32900 0.0032691430308386 -0.095433374376029 0.300389834702568 0.0499454234707417 9.65053951599741e-06 0.000245587176558972 -0.000975854841495187
33000 0.0032691430308386 -0.0949288055215215 0.301624110057549 0.0506570319358475 -5.87374237079619e-07 -0.000738622662591974 0.000495559944411682
33100 0.0032691430308386 -0.0944594283301525 0.303214090913117 0.0512545583795497 -4.08438976451594e-07 -0.000643217579016608 0.00121170068088597
33200 0.00330043551050025 -0.0936794855756116 0.304777556902046 0.0520809309117885 8.25216868844863e-06 0.000367956993504708 1.51779592400403e-05
33300 0.00330043551050025 -0.0928329267059948 0.306249465676456 0.0529172134303518 2.56364299053779e-06 0.000709827350734012 -0.0012082478037284
33400 0.00330043551050025 -0.0918469484572249 0.308123993700871 0.0537695892336612 2.19858941365201e-06 -0.000164358750295147 -0.000548713667681296
33500 0.0033318279661351 -0.0907184819732046 0.309614925729837 0.0547942490057431 3.30129259714334e-06 -0.000892401653067042 0.000943473106676556
33600 0.0033318279661351 -0.0895699771965895 0.311376674243989 0.0556799216459023 3.77397253605484e-06 -0.000285294357101961 0.000981640426293382
33700 0.0033318279661351 -0.0884549583629773 0.312795324670179 0.0565720681608861 6.81700649793535e-06 0.000683158435280094 -0.00050810959813818
33800 0.00336332039774349 -0.0873249495342113 0.313888290544955 0.0573749049678635 2.69103418030262e-06 0.000458679479308054 -0.00117942534086462
33900 0.00336332039774349 -0.0864547069369524 0.314974971355524 0.0579310399822679 1.76098872123209e-06 -0.000562865388377762 1.31818727062037e-05
34000 0.0033839154482556 -0.0852851185535499 0.315611482197756 0.058685100267265 2.37403691012331e-06 -0.000789297945153875 0.00116837211155071
34100 0.0033839154482556 -0.0843022717148826 0.31661659865942 0.0592513566389048 2.24291764777409e-06 0.000123479058852391 0.000469349026311855
34200 0.00340331078708728 -0.0830341657324838 0.317748007771642 0.0601028768039591 1.29106553536408e-06 0.00076007979911355 -0.000913423092904608
34300 0.00340331078708728 -0.0816586327381507 0.318806460368315 0.060978284042019 -3.93587583381983e-07 0.000104041974958574 -0.000876791073830549
34400 0.00342340595773254 -0.0805036982532626 0.319940259326654 0.0616351875256544 5.14321487090784e-08 -0.000813860191548433 0.000437709782205131
34500 0.00342340595773254 -0.0789333747092817 0.321013613543601 0.0626689210251965 -4.47276909693246e-06 -0.000548437407968406 0.00101968864963822
34600 0.00344540067187183 -0.0774974935245513 0.32241810158287 0.0635286477847877 3.51390717116614e-06 0.000520133256654918 8.08694238219595e-05
34700 0.00344540067187183 -0.0761255834275302 0.323501621836068 0.0643933963313723 1.13574049730563e-06 0.000692534923458427 -0.0010153425257334
34800 0.00346879504963795 -0.0745303148911897 0.32476733217031 0.0654039429649419 -5.75240481995303e-06 -0.000365361613601523 -0.000569910837587904
34900 0.00346879504963795 -0.0731197359760745 0.326218648975025 0.0662597891192139 -8.91263658910684e-07 -0.000910074684884393 0.00079925694763937
35000 0.00346879504963795 -0.071369248153962 0.327419243693829 0.0673864072310027 -5.00619322758422e-06 -8.43929339740385e-05 0.000948049980263306
35100 0.00349328916311097 -0.0699729770444782 0.328869990969832 0.0682304254873284 -2.41675375841328e-06 0.000795332423282867 -0.000361664950082282
35200 0.00349328916311097 -0.0683556050397129 0.330246773601914 0.0692706516764638 -3.44706976343622e-06 0.000327919083061938 -0.00113867176779133
35300 0.00351898298826443 -0.0665593283460003 0.331714394488332 0.0704225237329655 -8.16003103397848e-06 -0.00074792574618642 -0.000159338683032162
35400 0.00351898298826443 -0.0650390477793531 0.333298324205768 0.0713436252750511 -3.11824026406283e-06 -0.000690327356670589 0.00104488727233669
35500 0.00351898298826443 -0.0632547791410041 0.334676221686866 0.0725401035897504 -1.06848686657032e-06 0.000364336746014847 0.000614279755476541
35600 0.00354547662120484 -0.0615280015233335 0.336400657607029 0.0735899546156313 -1.09135749943069e-06 0.000775300727331464 -0.00067111230639572
35700 0.00354547662120484 -0.0598832346237021 0.337825296645453 0.0746429128282584 -6.70605032536043e-06 -0.000119434599080952 -0.00103133546890276
35800 0.00354547662120484 -0.0582769453598268 0.33929744805301 0.075711919082053 -5.32478228933276e-06 -0.000933542131919257 0.00023738955315909
35900 0.00357197025414509 -0.0565392225550929 0.341077003842464 0.0767728157421531 -1.8698784123065e-06 -0.00031327724116234 0.00120005058680508
36000 0.00357197025414509 -0.0547741864654969 0.34249692669593 0.0779830555242036 -3.56759642318677e-06 0.000736378275673564 0.00029405486228223
36100 0.00359836391111213 -0.0532958157186098 0.344137941880284 0.0788979857281707 -7.35669672496545e-06 0.000535020571875508 -0.00104236460686952
36200 0.00359836391111213 -0.051741910229402 0.345648362178438 0.0799583250138408 -1.13875150304562e-05 -0.000604371670688635 -0.000785301921852963
36300 0.00359836391111213 -0.0501678719133089 0.347156358557835 0.0810282757513589 -3.9073977154704e-06 -0.000843296129960773 0.000777351522733138
36400 0.00362475756807901 -0.0488375631176965 0.348754798789147 0.0818679389220067 -5.83561102709491e-06 0.000209929961954936 0.00105128037073136
36500 0.00362475756807901 -0.0471902459534311 0.350231745730364 0.0830660817684804 -6.30058883399336e-06 0.000839304790062296 -0.000321288889212282
36600 0.00362475756807901 -0.0457196995251727 0.351962090669695 0.084005267237678 -8.91333351614393e-06 7.81555815233171e-05 -0.0012151235028621
36700 0.00365075132115257 -0.0443103716494121 0.353422298441389 0.0850151932367209 -1.38147416275629e-05 -0.00086204368143561 -0.000279435134294597
36800 0.00365075132115257 -0.0430416540127441 0.354832866462662 0.0859375090692906 -7.50330558222732e-06 -0.000510228316137699 0.00110343767932865
36900 0.0036765451222794 -0.0420438549676259 0.356371205863564 0.0866553796639162 -1.09901077366707e-05 0.000598422312219955 0.000745106331126265
37000 0.0036765451222794 -0.0412913119340576 0.357398840138218 0.0874146515028285 -1.30105770395668e-05 0.000696652916748364 -0.000724568841077498
37100 0.0036765451222794 -0.0416791655201437 0.358186120607805 0.0873777841484259 -1.02694957112448e-05 -0.000372505430723498 -0.00117231351515236
37200 0.00370193901951275 -0.0426026095340547 0.358558218348534 0.0872572965161837 -8.75578963506016e-06 -0.000925880969162871 0.000236300942608341
37300 0.00370193901951275 -0.0434288211878898 0.358912213977795 0.0871166355639799 -5.91719573428075e-06 -6.56934414360572e-05 0.00129431104327216
37400 0.00372773282063957 -0.0440435004673005 0.359616810838398 0.0870142424138519 -9.02362132939263e-06 0.000853072023626318 0.000273694783009855
37500 0.00372773282063957 -0.0444558186344775 0.360042514610196 0.0871694669190466 -1.2966354777451e-05 0.000331274962639547 -0.00121381916398557
37600 0.00372773282063957 -0.0452964174326603 0.360613769790865 0.0869144505367742 -8.49860578085205e-06 -0.000762233843292727 -0.000808461360179884
37700 0.00375392652565988 -0.0457732891624575 0.361183148438288 0.0870417812794817 -4.33984990478153e-06 -0.000701254400924096 0.000851036207024869
37800 0.00375392652565988 -0.0463293836456695 0.361605095801138 0.086982577031645 -8.09281066585508e-06 0.00041155865636567 0.00112894038089845
37900 0.00375392652565988 -0.0472586882969464 0.362187600418837 0.0867628767820685 -1.21119816708556e-05 0.000823583658978199 -0.000326473209075869
38000 0.00378032018262675 -0.0476484153455126 0.362575221076532 0.0869226574088617 -8.86323955776814e-06 -0.000137613680448171 -0.0012764525803687
38100 0.00378032018262675 -0.0484797700455477 0.363084748443238 0.0866454211541758 -8.08906036197932e-06 -0.000927610920943946 -0.000249887302430458
38200 0.00380741367140721 -0.049210820251705 0.363502902611166 0.0866343300149839 -7.56696166102337e-06 -0.000313486633327063 0.00109068508492204
38300 0.00380741367140721 -0.0497332026161026 0.363930651258633 0.0865995408281526 -1.12095827618717e-05 0.000755205449079248 0.00079057720663267
38400 0.00380741367140721 -0.0503877436158873 0.364612664437303 0.0865323467602513 -1.50876461278337e-05 0.000583501574239271 -0.000784198184991154
38500 0.00383440718421447 -0.051045050915608 0.364808293556719 0.0865259360552654 -5.45648988136504e-06 -0.000607640476535761 -0.00116520032280645
38600 0.00383440718421447 -0.0518975382173258 0.36529160007792 0.0862383691932672 -4.89265465062611e-06 -0.000877128216113459 0.000326285356633135
38700 0.00383440718421447 -0.052697135744873 0.36558526340833 0.08618426462596 -1.01978195668236e-05 0.000194087480380184 0.00134573742123638
38800 0.0038613007210482 -0.0531981878975402 0.365976674042669 0.0861317528802574 -1.17458099327495e-05 0.00090007646176934 0.000263939735550661
38900 0.0038613007210482 -0.0541841891704677 0.366426827658854 0.0858755392936189 -9.96752746265445e-06 0.000112397542275742 -0.0013642518230966
39000 0.0038861947384147 -0.0547639248918642 0.366610668577488 0.0858996243038346 -8.38684107467134e-06 -0.000926121291260664 -0.000823432237659966
39100 0.0038861947384147 -0.0555023905216583 0.367115748064214 0.0856586460237157 -1.41349915711622e-05 -0.00053755052996818 0.00100384460459887
39200 0.00390908923631414 -0.0562253550503269 0.367431470033123 0.0856539120920281 -1.15714324963386e-05 0.000618997719519017 0.00129696283330473
39300 0.00390908923631414 -0.0570426845527641 0.367562527491998 0.0853928705126217 -1.16501346744184e-05 0.000743903282357869 -0.00057214681992941
39400 0.00390908923631414 -0.0578683117316418 0.368033751103101 0.0852046703414745 -1.05135351003865e-05 -0.000391311131808935 -0.0015444407956795
39500 0.00393108395045326 -0.0584515400231865 0.368188116910028 0.0852195923941198 -8.78651768750235e-06 -0.0010007358225211 -0.000127687738827139
39600 0.00393108395045326 -0.0592630975544209 0.368629808601488 0.0849311602675765 -9.14932391424416e-06 -5.62406875672723e-05 0.00156698943620679
39700 0.00395197892888548 -0.0600483855888538 0.368800009818012 0.0848493644605743 -1.12977280893892e-05 0.000887316256788178 0.000731123065957287
39800 0.00395197892888548 -0.0607717088252365 0.368983294929683 0.0846382081060003 -1.32060035300449e-05 0.000355093820309127 -0.00125048628194507
39900 0.00397207409953075 -0.061690870122037 0.369361741916474 0.0843848936122055 -9.70811379034848e-06 -0.000829247229392056 -0.0013311540769961
40000 0.00397207409953075 -0.0622630149019181 0.369456156952386 0.0843798495090612 -1.45522618328164e-05 -0.000780636850976231 0.000741353025160029
40100 0.0039915694143358 -0.0631145166778529 0.369843635893397 0.0840484651643717 -1.51961944632742e-05 0.000471981913052068 0.00160867334391697
40200 0.0039915694143358 -0.0638581982861781 0.369997321106089 0.0839803937237179 -1.28805700824035e-05 0.000861968574452232 -7.96653227968325e-05
40300 0.00401096475316764 -0.0645511733332389 0.370238037021276 0.0837942958964746 -1.41142122003232e-05 -0.000181344040030933 -0.00166575678522978
40400 0.0040296602601859 -0.0654022103192989 0.370552094604515 0.0835288104224253 -1.36824596646185e-05 -0.00101796277717943 -0.000602944145504884
40500 0.0040296602601859 -0.066037622005883 0.370648428641282 0.0835015065162682 -9.74429608420518e-06 -0.000321011099318072 0.00146559857492144
40600 0.00404805583928405 -0.0669443648764001 0.37097532710928 0.0831073776797454 -1.07616736934249e-05 0.00082277719678121 0.00117780575332837
40700 0.00404805583928405 -0.0677206566613592 0.371049708951736 0.0829798740262055 -1.79633445778626e-05 0.000545588407489102 -0.00108057372652514
40800 0.00406645141838237 -0.0682564754880884 0.371409425773775 0.0828808496557476 -1.65047932086725e-05 -0.000670485257333532 -0.00156008220168749
40900 0.00406645141838237 -0.0690610393889645 0.371717843665805 0.0826180803081702 -1.59437592430867e-05 -0.000919485007710483 0.000352170557023898
41000 0.0040842471416403 -0.0697932934643971 0.371775990522125 0.0825266268309727 -1.28850405948877e-05 0.000209706037246865 0.00167175408178688
41100 0.0040842471416403 -0.0705438258228277 0.37218003377769 0.0822061842175489 -2.09313500969745e-05 0.000925987550571295 0.000332444704245486
41200 0.00410244276879172 -0.0711780167266206 0.372396063915867 0.0821877808048444 -2.23215818542735e-05 4.24272900447214e-05 -0.00162024445938373
41300 0.00410244276879172 -0.0718139189824159 0.372685007840256 0.0820041258500237 -1.35052398509145e-05 -0.000986315771246434 -0.0010063297836256
41400 0.00412143820373008 -0.0725291908138977 0.373091381409088 0.0818075027973728 -1.94152141873185e-05 -0.000547047478195253 0.00114514985505314
41500 0.00412143820373008 -0.0730745701711686 0.373278495404396 0.0818272712642757 -2.21901590254533e-05 0.000663169799078326 0.00143686105943077
41600 0.00414053361464182 -0.0737733455843137 0.373776002388973 0.0815415275368661 -2.23346456155493e-05 0.000734941027813268 -0.000602605645715267
41700 0.0041598289775003 -0.0743234827078423 0.374071031382302 0.0815880274416457 -1.88390024058651e-05 -0.000468496827246319 -0.00164622569980811
41800 0.0041598289775003 -0.0749779202040413 0.374404156369691 0.0814014424461491 -1.61858178477585e-05 -0.00102079321060846 -0.000148091393609221
41900 0.00417972419619882 -0.0756678332898902 0.374867845421796 0.0812318423396341 -2.33229405853873e-05 -4.69321977339972e-05 0.00151622480726636
42000 0.00417972419619882 -0.0761296358235857 0.375137153244276 0.0813071319271644 -2.26054464756491e-05 0.000914164909738763 0.000787086684127824
42100 0.00417972419619882 -0.0768069422382304 0.375675324932025 0.0810439556000928 -2.34275857636146e-05 0.000329137481376817 -0.00121143985039949
42200 0.00420031924671094 -0.077411584856145 0.375958323804513 0.081059281657961 -1.94489809471384e-05 -0.000898288501701149 -0.0013513087774994
42300 0.00420031924671094 -0.0779124510810588 0.376447902226334 0.0809796626000604 -1.9940799195876e-05 -0.000766078874483174 0.000609154996645556
42400 0.00422261388877016 -0.0785200669383612 0.377003061206997 0.0808877345027908 -1.88596554951581e-05 0.000488153468681017 0.00152336812244757
42500 0.00422261388877016 -0.0790466410166755 0.377273426052679 0.0809336823635086 -1.8867188446541e-05 0.00088593704098351 -8.39636613498664e-06
42600 0.00424560836264298 -0.0796777466578942 0.377940645697162 0.0807254861530006 -2.40528767200226e-05 -0.000224088122661436 -0.00155891522547805
42700 0.00424560836264298 -0.0801310136211556 0.378369024214496 0.0808797041974954 -2.37560068456812e-05 -0.00108754219534501 -0.000779513857966219
42800 0.00424560836264298 -0.080512931829305 0.378972012364544 0.0808559970263657 -2.63774887134675e-05 -0.00027803981505578 0.00127215219490179
42900 0.00427400153907708 -0.0812070244396093 0.379531083981842 0.0807634981101465 -2.42955568807891e-05 0.000851551689120005 0.00120379394577226
43000 0.00427400153907708 -0.0816354807473503 0.379901558476684 0.0808672046441297 -2.84940329408714e-05 0.00053169135676955 -0.000736389412354957
43100 0.00427400153907708 -0.0820322432212632 0.380754654600918 0.0808231127686375 -3.30115914361091e-05 -0.000721956974665874 -0.00153217362903992
43200 0.00430289459537802 -0.0824472875982459 0.381239050844542 0.0810215298690347 -3.05313870050148e-05 -0.000946078138177634 -1.906492822855e-05
43300 0.00430289459537802 -0.0829565747093641 0.381833791751601 0.0809283565190709 -3.076731979265e-05 0.000265773354477368 0.00148908033298971
43400 0.00430289459537802 -0.0833642401244489 0.382604810046896 0.0810464696330694 -3.12792570295249e-05 0.000946768059898409 0.000683757816121047
43500 0.00433178765167897 -0.0835363673237753 0.383189592509772 0.0813032903158453 -3.12057230340775e-05 2.34130385687693e-05 -0.00118529744693304
43600 0.00433178765167897 -0.0840901004553831 0.384053564772112 0.0812082675509903 -3.20613571713311e-05 -0.00104080235496619 -0.00131734696351478
43700 0.00435988090019313 -0.0843831517521119 0.384700204912249 0.081513385726844 -3.47420379241004e-05 -0.000531208600969893 0.000633140538903251
43800 0.00435988090019313 -0.0844693853341272 0.385743607055076 0.0817100994126346 -3.18400741775645e-05 0.000763044013836568 0.00157036204037975
43900 0.00435988090019313 -0.0843487092839795 0.387080069209051 0.0822189246271967 -2.98434891719542e-05 0.00072535472515909 -1.43071893993415e-05
44000 0.00438827407662723 -0.0837022329995329 0.388351090414232 0.082958779202418 -3.24268985345394e-05 -0.000538502787437047 -0.00167031841954953
44100 0.00438827407662723 -0.0824399428130464 0.390326075385921 0.0838692264251342 -3.32266974601596e-05 -0.00103847537444623 -0.000724928755104639
44200 0.00438827407662723 -0.0803062561154463 0.392314594779155 0.0854612826624489 -3.36235030885669e-05 2.65122202025179e-05 0.00131934015495011
44300 0.00441736708487491 -0.0780523772293111 0.394645570831598 0.0868687557466875 -3.16521731884872e-05 0.00098407841288653 0.00121071842247648
44400 0.00441736708487491 -0.0761317121531582 0.396804854622168 0.0882695206049516 -3.53100268698357e-05 0.000251448229172357 -0.000932801379671934
44500 0.00441736708487491 -0.0742942551992655 0.39865506732903 0.0896169340957095 -3.74421021785264e-05 -0.000952288784938138 -0.00161327011293799
44600 0.00444725990090938 -0.0724355650873839 0.40095225189197 0.0908379998071598 -3.25037532496821e-05 -0.000714944899736674 0.000171827516583283
44700 0.00444725990090938 -0.0701178367084109 0.403026214524773 0.0925177272070699 -3.13042741900341e-05 0.000578034345372945 0.00165614757058871
44800 0.00444725990090938 -0.0679631693760642 0.405309636925879 0.0938663610701998 -3.61466074970299e-05 0.000889248526174528 0.000510132338013517
44900 0.00447615295721033 -0.0660181239623339 0.407424976697666 0.0952753009181224 -3.8547763998008e-05 -0.000340355255263055 -0.00154525371925208
45000 0.00447615295721033 -0.0637242746669908 0.409504796284904 0.0968274689428462 -4.05611456230956e-05 -0.00109182380204054 -0.00119156441727721
45100 0.00447615295721033 -0.0614822944958928 0.4119664534637 0.0982374256503254 -3.90609245604383e-05 -0.000160725084227187 0.000969814660385992
45200 0.00450234666223063 -0.0592063911679836 0.413954896051891 0.0998717446627056 -3.67073016056583e-05 0.000961954322242653 0.00158878407725391
45300 0.00450234666223063 -0.056866801133238 0.416375096136019 0.101331616061439 -3.70749092483369e-05 0.000470649495302541 -0.000430146664688303
45400 0.00452544111207682 -0.0545450430586509 0.418585264224652 0.102889745042252 -3.7207563300463e-05 -0.000875547663348036 -0.00186274724888019
45500 0.00452544111207682 -0.0521618334732287 0.420740055755777 0.104492289283441 -4.07096804825831e-05 -0.0008517167840423 -0.000334156503115695
45600 0.00454733585024257 -0.0496022964172545 0.423290273418524 0.106046032882726 -3.45520272767289e-05 0.000470043438961071 0.00176225409329435
45700 0.00454733585024257 -0.0474075646662997 0.42520093433197 0.107593006388262 -3.36156076848444e-05 0.00095229343954315 0.000809390711911918
45800 0.00456933056438169 -0.0449385485423761 0.427665139345428 0.109106818676516 -3.64605172007775e-05 -0.000146444331159616 -0.00129696967903248
45900 0.00456933056438169 -0.0424097660016101 0.429924886162012 0.110760338661246 -3.60521087312473e-05 -0.00109483374171156 -0.00145432541164171
46000 0.00456933056438169 -0.0401014377049852 0.4320179245658 0.112289376975067 -3.6582595886832e-05 -0.000328417224139505 0.000684930188375224
46100 0.0045910253506007 -0.0377486338863099 0.43441189024216 0.113715508670652 -3.47081327791856e-05 0.000894299889807827 0.00171487388598881
46200 0.0045910253506007 -0.0352385152879762 0.436462821569461 0.115435249691888 -3.89769916055836e-05 0.000625194123496528 -1.56618062729019e-06
46300 0.00461262016084634 -0.0329545871471411 0.438801229833963 0.116811461311858 -4.25255378180356e-05 -0.000696637361842546 -0.00181646482726728
46400 0.00461262016084634 -0.0306804151115862 0.440868549518065 0.118320276565736 -4.39428142738292e-05 -0.000989060765720184 -0.000782126768705091
46500 0.00463451489901225 -0.0281093586166473 0.443119479524311 0.119986608502528 -4.12240800431847e-05 0.000281355735152511 0.00154339377104155
46600 0.00463451489901225 -0.0258254945767227 0.445449478710315 0.121375307914961 -3.88761715380368e-05 0.0010425495459131 0.00124109899740941
46700 0.00465560982939105 -0.0234377580410402 0.447377576726549 0.122994787415139 -4.51996748479431e-05 7.60631784518199e-05 -0.00107278943279586
46800 0.00465560982939105 -0.0211555364636632 0.449755360315036 0.124386514548221 -4.57724998485502e-05 -0.00108134166486445 -0.00169824264335159
46900 0.0046764048318499 -0.0187531166721856 0.451832771504657 0.125961317424922 -4.11381641213647e-05 -0.00055630071213006 0.000313796431972421
47000 0.0046764048318499 -0.0166001222606458 0.453863905792107 0.12737597820964 -3.78632214545802e-05 0.000851702709555957 0.00182337314044966
47100 0.00469699988236201 -0.0145826413292396 0.456041288979605 0.128637352983264 -4.19572472262409e-05 0.000810651589992403 0.000274154413697515
47200 0.00469699988236201 -0.0121782084454701 0.457997860774211 0.130282326889231 -4.59820913406136e-05 -0.000577239904363847 -0.00163652342883774
47300 0.0047166951491138 -0.0104328206226267 0.460080919359288 0.131371929159216 -4.43343982269709e-05 -0.00108442349787506 -0.00105839587166506
47400 0.0047166951491138 -0.00849032358828569 0.461887660650298 0.132710842022396 -4.17888445836533e-05 8.72791152104824e-05 0.00118333403402397
47500 0.00473619046391901 -0.00655721763882627 0.463871226156122 0.134029519347577 -4.26985017084798e-05 0.00108607508182229 0.00150411924000666
47600 0.00473619046391901 -0.00477122484644656 0.465889330806598 0.135183763445195 -4.00588133478047e-05 0.000290004285524635 -0.000671041614376949
47700 0.0047557857546976 -0.00312644604607696 0.467425826241221 0.136407627391934 -4.24819233467803e-05 -0.00101107162859393 -0.00184836311857871
47800 0.0047557857546976 -0.00167572607279443 0.469433401779327 0.137379087452674 -4.32656459475963e-05 -0.000757645318017352 -4.95805900864365e-05
47900 0.00477498114158254 -0.000147593540571934 0.471004196352381 0.138539879491727 -4.24466458475402e-05 0.000676830284780486 0.00178750428340923
48000 0.00477498114158254 0.000939481370621155 0.472540303047006 0.139382558096181 -4.51591541157872e-05 0.00101918525579073 0.000610916002198371
48100 0.0047936766486008 0.00206050677257001 0.474196773931041 0.140210907560955 -4.19738608822036e-05 -0.000371427381280667 -0.00150233836503565
48200 0.0047936766486008 0.00320773329653754 0.475556488765023 0.141222307119679 -4.16279484090468e-05 -0.0012088130791394 -0.00133294008477186
48300 0.00481217220367249 0.00410441166998124 0.477260114379575 0.141903396739006 -4.39678953776211e-05 -0.000130239513015693 0.000977412217695001
48400 0.00481217220367249 0.00475129356907969 0.478352733199173 0.142610275581302 -4.62910457858716e-05 0.00113799213839253 0.00154576354336053
48500 0.0048303678308239 0.00539284639287956 0.479735610708492 0.143243964865196 -4.27967349027666e-05 0.000506851774541913 -0.000240118242592035
48600 0.00484816355408183 0.00593655054350764 0.481105452391298 0.143815009037185 -4.13124609847885e-05 -0.000998936485591814 -0.00178859488780647
48700 0.00484816355408183 0.00634474447354103 0.482086342835835 0.144430742409358 -4.01200967955529e-05 -0.000903339473106855 -0.000548698728069156
48800 0.00486545939747309 0.00655009206008194 0.483449276973642 0.144764495323786 -4.02869024180419e-05 0.000566676394209642 0.00152363145392381
48900 0.00486545939747309 0.00679791932230109 0.484380680789688 0.145317971061835 -4.3069366211228e-05 0.00109636869401285 0.0011394036582243
49000 0.00488295519281108 0.00653495519291208 0.485350588893019 0.145492788353648 -3.89896972047202e-05 -0.00016751930742579 -0.00110639414754302
49100 0.00488295519281108 0.0063487554162173 0.486318095779992 0.145697491994992 -4.18208441990597e-05 -0.00123873380796099 -0.00174605116679282
49200 0.00490025103620233 0.00628903546670951 0.487118460421809 0.146097689841237 -4.42263612946195e-05 -0.000353546972758135 0.000434878730643758
49300 0.00491754687959358 0.00561804702151821 0.488047271740147 0.146002680377815 -4.61992338422899e-05 0.00106905670339454 0.00182941617480814
49400 0.00491754687959358 0.00515419640149341 0.488603951536261 0.146191033304371 -4.39563149941302e-05 0.000718060602601673 0.000264213452749963
49500 0.00493494269895821 0.004434014072676 0.489400123302252 0.146151736576519 -3.99630885495483e-05 -0.0008604173002782 -0.0017884151835427
49600 0.00493494269895821 0.00369030686140333 0.490080624875473 0.146108579622825 -3.84659442204812e-05 -0.0010930401864971 -0.00101758167539523
49700 0.00495243849429603 0.00279322537208229 0.490477406115535 0.14605888792038 -4.09446222189428e-05 0.000399002025255627 0.00118051898840875
49800 0.00495243849429603 0.00185971339688529 0.491287765645359 0.145853123642374 -4.3970871735518e-05 0.00117531596056952 0.00157942270272241
49900 0.00497003426560739 0.000989856364855203 0.491641843057195 0.145842295899108 -3.65633973667895e-05 7.85736795959357e-07 -0.00067474520658579
50000 0.00498822989275881 -0.000296682528871075 0.492185721683702 0.145515178946104 -3.62183406908598e-05 -0.00119942145318885 -0.00181605709753143
50100 0.00498822989275881 -0.00167802604277975 0.492495475690115 0.145131470513605 -4.12645979457364e-05 -0.000525243348725356 -0.00027434807601616
50200 0.0050071253517238 -0.0027979050333384 0.492857516524405 0.144990256606902 -4.26915465661533e-05 0.000930202127809328 0.00171492819535578
50300 0.0050071253517238 -0.00421467731796079 0.493419168984623 0.144552140129104 -4.08730576988391e-05 0.000853001906466681 0.000899817236154878
50400 0.00502642071458228 -0.00570015345123299 0.493464596191556 0.144212625026548 -3.42840244050323e-05 -0.00064757765900748 -0.00147953244189422
50500 0.00502642071458228 -0.00724363630975412 0.493925152562996 0.143764949660352 -3.83470076384991e-05 -0.00116234849758474 -0.00143231354703512
50600 0.00504611598133407 -0.00869172084777196 0.494178218234099 0.143354936467636 -4.04779461339125e-05 0.000138119323845483 0.000717516485886714
50700 0.00504611598133407 -0.0101921783770948 0.49440627505402 0.143021949605816 -4.1082405502642e-05 0.00117946391289172 0.00175064518807042
50800 0.00506631112795287 -0.0119700285638014 0.494742613253816 0.142380015365756 -3.93260009790943e-05 0.000241640131532513 -0.000225625029424934
50900 0.00506631112795287 -0.0132957786186654 0.494910137656873 0.14213504811525 -4.0839118970432e-05 -0.00112651386605145 -0.00175043575610026
51000 0.00508660625054488 -0.0149660593556529 0.495324113541549 0.14161712682936 -4.47789160152385e-05 -0.000715851055895855 -0.000691304120073741
51100 0.00508660625054488 -0.0165081471274203 0.495522015425011 0.141158954731839 -4.38356585559462e-05 0.000775330366431987 0.00147649559790617
51200 0.00510770118092367 -0.0180965748788676 0.495734210889243 0.140758413998185 -4.21926821148662e-05 0.000972526913221832 0.00119194681259641
51300 0.00510770118092367 -0.0196041511774171 0.496220069897895 0.14027805813341 -3.98112697089308e-05 -0.000443378851778729 -0.00102060604373518
51400 0.00512919601519611 -0.0209534654440372 0.496395345300118 0.140003292096613 -4.21167853732972e-05 -0.00120339072136517 -0.00167446590323669
51500 0.00512919601519611 -0.0225889361388386 0.496845425077368 0.139491785373814 -4.57607000808689e-05 -7.32421135715657e-05 0.000159619538371696
51600 0.00512919601519611 -0.023875772130176 0.497179993453862 0.13917736019536 -4.7876798353755e-05 0.00111635546178954 0.00180663947976153
51700 0.00515099077738849 -0.025093332791633 0.497624257892289 0.138961961177895 -4.03330185601819e-05 0.000457470296423413 0.000398561418982422
51800 0.00515099077738849 -0.0265634457117842 0.498105572405927 0.138488680374492 -3.96817455574033e-05 -0.000996988330660707 -0.00169121120700246
51900 0.00517358534736782 -0.0276417724800554 0.498421999556706 0.138338513254234 -4.39996813041282e-05 -0.000913198228435041 -0.00117263437551769
52000 0.00517358534736782 -0.0290128751494361 0.499033858399772 0.137977261264112 -4.18553330051431e-05 0.000626235807747223 0.00113837616465664
52100 0.00519657982124047 -0.0301532274611174 0.499386685975549 0.137705239276225 -4.14602611731769e-05 0.00107510660425326 0.00154970409104639
52200 0.00519657982124047 -0.0314953505965109 0.499777849671026 0.137401515928023 -3.17729161282483e-05 -0.000267545403662759 -0.000585760561145877
52300 0.00519657982124047 -0.0324970137395468 0.500527238954321 0.137206941138044 -3.80314420436885e-05 -0.00121080116275978 -0.001755237043662
52400 0.00522007417497996 -0.0335317691025121 0.50082293841543 0.137041567078489 -4.2710166874577e-05 -0.000255075634546814 -0.00034219532002061
52500 0.00522007417497996 -0.034960656273132 0.501402916630391 0.136633672959812 -4.05504353353087e-05 0.00104396282942912 0.00157406127400653
52600 0.00524416838455967 -0.0357616995103157 0.501938102777361 0.136557394440464 -3.6396641851849e-05 0.000609335176880381 0.000931399906333662
52700 0.00524416838455967 -0.036844356262678 0.502482566943863 0.136386395533965 -3.55566826946794e-05 -0.000836533459954908 -0.0012906013865365
52800 0.0052688624499796 -0.0380438927279015 0.503059064102455 0.136052039190108 -4.33291536273256e-05 -0.000995190179159226 -0.00151914110090031
52900 0.0052688624499796 -0.0388595054821554 0.503506795737534 0.136012155921759 -3.77251588357083e-05 0.000388449273773933 0.000497248502320982
53000 0.0052688624499796 -0.0398413482677199 0.504362714829696 0.135861811135736 -3.8983607558752e-05 0.00112692034215434 0.00179827578787679
53100 0.00529285668358595 -0.040719387646087 0.504810472130663 0.135725035877751 -4.02778472905114e-05 -2.16863498518033e-05 -9.54280491387099e-09
53200 0.00529285668358595 -0.0415152330913899 0.505534832371438 0.135708703922557 -3.99345256289201e-05 -0.00119305895484554 -0.0016868553389807
53300 0.00531655098927218 -0.0424963965133974 0.50622452647887 0.135497836827774 -4.26879627037481e-05 -0.000471629846348335 -0.000960367888550578
53400 0.00531655098927218 -0.0432069861036078 0.506749588486072 0.13553260424256 -3.89847738541202e-05 0.00095904344923749 0.00133180893338307
53500 0.00531655098927218 -0.0440323429181882 0.50764572465627 0.13542121525769 -4.13640289521158e-05 0.000788616880875272 0.00132008932386085
53600 0.00534014531898504 -0.0445900474342257 0.508270863993291 0.135486807077452 -3.67775041652542e-05 -0.000710970342150282 -0.000748166173285863
53700 0.00534014531898504 -0.0453729859179805 0.509007142648292 0.13545446846702 -4.35003073402987e-05 -0.00108928369242977 -0.00180321967320839
53800 0.00536383962467128 -0.0457521123264882 0.5099890556621 0.135561653345244 -4.0306893302643e-05 0.000228510106259481 -3.78134230997429e-05
53900 0.00536383962467128 -0.0455098453624438 0.510998835583823 0.136088736236675 -3.72750389921152e-05 0.00111087254104655 0.0017493668829703
54000 0.00538793383425099 -0.044587252417262 0.512796467372622 0.136878541666404 -3.53219421533077e-05 0.000183136665096122 0.000629388441745985
54100 0.00538793383425099 -0.0419537407663789 0.515037913862066 0.138584886931629 -3.89704533630656e-05 -0.00110611214259551 -0.00152748822221409
54200 0.00538793383425099 -0.0381799987402082 0.518133711665522 0.140901126178242 -4.41834621355071e-05 -0.000653191781342223 -0.00135093302054946
54300 0.00541122823604374 -0.0339872025823541 0.521415996478691 0.143361985361104 -3.46171231284032e-05 0.000805351710295168 0.000961859222569227
54400 0.00541122823604374 -0.0307498476637203 0.523944027313012 0.145403360632554 -3.86298002523874e-05 0.000895262238158388 0.0015117752983645
54500 0.00543492254173014 -0.0281382861211993 0.526580439788235 0.147065694433927 -3.57269917332606e-05 -0.000510572312138096 -0.000269160391297144
54600 0.00543492254173014 -0.0246339162851865 0.529246287428237 0.149230181261468 -4.0030139678267e-05 -0.00115550834506003 -0.00177584816019886
54700 0.00545861684741638 -0.0210769889893846 0.53220414654328 0.151411827194663 -3.8486223369936e-05 5.26055540253266e-05 -0.000570889537528137
54800 0.00545861684741638 -0.0177180218539324 0.535063370995944 0.153455292506438 -3.26256028375611e-05 0.00108877358921625 0.00146601478914613
54900 0.00545861684741638 -0.0144617324056412 0.537658897349384 0.155545179990024 -3.80627527344989e-05 0.000294492789567699 0.00110956779737351
55000 0.00548231115310261 -0.0110821759012495 0.540681618175413 0.157591180933686 -3.85372804540339e-05 -0.000984296195552263 -0.00110805304490073
55100 0.00548231115310261 -0.00748112350630793 0.543370712505474 0.159794658514748 -4.4665897761987e-05 -0.000746601046915024 -0.00168683721136039
55200 0.00550590548281547 -0.00427701296214019 0.546216351361453 0.161824519252389 -3.55130658672976e-05 0.000666376450295966 0.000346305925302418
55300 0.00550590548281547 -0.000551672184591463 0.549236613523906 0.164074259520375 -3.36442834800986e-05 0.000931815826251311 0.00178056173886454
55400 0.00550590548281547 0.00281320216500574 0.551857265605018 0.166165956055943 -3.73547242271185e-05 -0.000352530776632458 0.00014848240119918
55500 0.00552989971642181 0.00611521376389022 0.554861238508805 0.168201548908019 -4.10748077939236e-05 -0.00111699631547532 -0.00170428189909244
55600 0.00552989971642181 0.0102088161457135 0.557813025087304 0.170683352645628 -3.71448211690518e-05 -0.000136402623767824 -0.000944019281962892
55700 0.00555449380586821 0.0132484693633187 0.560534276033031 0.172574453724826 -2.95052587035587e-05 0.00106700895217725 0.00115806323862001
55800 0.00555449380586821 0.0169262025177782 0.563500602190831 0.174798359408155 -3.29462294569317e-05 0.000428151593167181 0.00135568535325027
55900 0.00555449380586821 0.020867638351395 0.566495228156542 0.177231303345606 -3.35605880872616e-05 -0.000925587819240941 -0.000634058843055262
56000 0.00558048755894177 0.0240342382010075 0.569351119550447 0.179156583201326 -3.98559175473169e-05 -0.000795457250269737 -0.00181401292013494
56100 0.00558048755894177 0.0277458339609051 0.572071588691989 0.181407099434208 -3.28255194727003e-05 0.000541751062215798 -0.000177972374902565
56200 0.00560738109577549 0.0313848512653509 0.575172062522016 0.183650397424499 -2.86969024630601e-05 0.000978902939600907 0.00176419650658487
56300 0.00560738109577549 0.0351801813813002 0.578125873008322 0.185914313319983 -3.75757046914549e-05 -0.000232134209521147 0.000607779471951526
56400 0.00560738109577549 0.0385185960832088 0.580786659706103 0.187975099395207 -3.78400310127267e-05 -0.00106837447782325 -0.00146076191935201
56500 0.00563607420012987 0.0422429190494271 0.583933481698715 0.190209821694866 -3.86681512135645e-05 -0.000228275967083713 -0.00137652952613843
56600 0.00563607420012987 0.0461665401739923 0.586774182609535 0.19258466613967 -3.26164652316189e-05 0.000938906409705611 0.000871688154401062
56700 0.00563607420012987 0.0495683145760793 0.589733842519645 0.194639822163321 -3.2261782754463e-05 0.000587907361399895 0.00159427279288535
56800 0.00566426742461723 0.0533606367154062 0.592620712544188 0.196910203195572 -3.47207730427601e-05 -0.000798912853716967 -0.000329329724378483
56900 0.00566426742461723 0.0573207826975981 0.595649967423595 0.199308507719979 -4.02333135148168e-05 -0.000881210145355051 -0.00177149102008551
57000 0.0056881616822502 0.0605561750612962 0.598474793296253 0.201254470825286 -3.64635770833073e-05 0.000452713794410776 -0.000507344736733331
57100 0.0056881616822502 0.0642401878362081 0.601167043124934 0.203473337839161 -3.15991217582228e-05 0.0010103790005642 0.0014491939204917
57200 0.0056881616822502 0.0679300437439071 0.60433026926609 0.205713424729162 -3.68281234903241e-05 -7.4396012834109e-05 0.00102777242651633
57300 0.00571065627625617 0.0715430847767597 0.60709867652711 0.207891677669012 -3.67598586324888e-05 -0.00109302749486217 -0.00116288549748393
57400 0.00571065627625617 0.0746757366958454 0.609636206690086 0.209771137883415 -3.91240312555024e-05 -0.000278023383752341 -0.00170140441348534
57500 0.00573315087026213 0.0782162350669008 0.612660755917856 0.211938240017208 -3.20622540401388e-05 0.000925030775205819 0.000631070729843644
57600 0.00573315087026213 0.0816254064082731 0.615227591503482 0.214021096580849 -2.81382717668823e-05 0.000603335588338535 0.00159460233515044
57700 0.00575534553634799 0.0844293041996989 0.617811053677584 0.215716637830142 -3.94531161946089e-05 -0.000650433063691655 1.94423672543869e-05
57800 0.00575534553634799 0.0876977241915301 0.62044234264782 0.217746656916218 -4.1645066833925e-05 -0.000889772349310962 -0.00165217823381248
57900 0.00577774015438059 0.0907823423628039 0.623023664674616 0.219651866055264 -3.58411176623129e-05 0.000340633168956086 -0.000773227175514381
58000 0.00577774015438059 0.0934160439642182 0.625509719631114 0.221293003094151 -2.96417354666845e-05 0.00100412569624641 0.0012759725332998
58100 0.00577774015438059 0.0962059084870285 0.627782397719248 0.223056627794648 -3.27512120889706e-05 5.96181190573038e-05 0.00116543335038091
58200 0.00579993482046645 0.09887676012623 0.630375574407643 0.224745528213059 -3.75675622226751e-05 -0.000981289395982867 -0.00092265850809702
58300 0.00579993482046645 0.101389882140615 0.632571786846735 0.22636851627446 -3.86949056733059e-05 -0.00044351973173981 -0.00150888323421799
58400 0.00582292929433909 0.103354295706402 0.634561787019477 0.227647835318434 -3.37054982767289e-05 0.00090578384136416 5.98598082137886e-05
58500 0.00582292929433909 0.10568030547309 0.636921783267947 0.229189587698908 -2.99809286119533e-05 0.000734457641551093 0.00159717124261094
58600 0.00584732343183891 0.107860300139648 0.638883395193792 0.230641357982969 -3.50340010744312e-05 -0.00060587287411909 0.000453074548752678
58700 0.00584732343183891 0.109476021396284 0.640900216194895 0.231743378347916 -4.22924785080533e-05 -0.00089644354812835 -0.0015651497000031
58800 0.00584732343183891 0.11144772885891 0.642832732777013 0.233111546561483 -3.8811485964556e-05 0.000277722803495854 -0.00109855389918261
58900 0.00587281730504563 0.113073134757822 0.644741076573753 0.234271608489291 -3.00645854432111e-05 0.00103621152455642 0.00102777922302452
59000 0.00587281730504563 0.114132043236282 0.646357039134276 0.235115084793412 -3.40651717722661e-05 0.000105094837453334 0.00142206615902624
59100 0.00587281730504563 0.115330611739265 0.647884703295744 0.236077525489396 -4.04833718275471e-05 -0.000910090193155941 -0.000592172113723005
59200 0.00590340995289369 0.116539135977885 0.649703810153117 0.237021413758815 -4.2097778643428e-05 -0.000446491527803716 -0.00171888325873933
59300 0.00590340995289369 0.117353625899119 0.65101864444975 0.237782677792836 -3.86088408748338e-05 0.000793717931589014 -0.000140392656159235
59400 0.00590340995289369 0.117751089906639 0.652330878043408 0.238303151962152 -3.69002733381014e-05 0.000811921202972342 0.00152468595934889
59500 0.00593470243255534 0.11844679810462 0.65373475606023 0.239000196788391 -4.02495378065977e-05 -0.000488602712923547 0.000754096656994224
59600 0.00593470243255534 0.11883158337654 0.654893534207991 0.239560209095837 -4.13200104494888e-05 -0.000924230409802692 -0.00137602587063476
59700 0.00593470243255534 0.118813770405847 0.656048901297655 0.239849341859263 -3.83540698856123e-05 0.000203945045426736 -0.00129332331442853
59800 0.00596419534469634 0.119136366663955 0.657093717062121 0.240363433075524 -3.42554893384529e-05 0.00103719581416652 0.000772615282366985
59900 0.00596419534469634 0.119119544869027 0.658260943299445 0.240724818116915 -3.51588998887695e-05 0.000238317797806103 0.00143410962854974
60000 0.00596419534469634 0.118628934156271 0.659008839761045 0.240782648407018 -3.64701819977865e-05 -0.000919516719305154 -0.000255940629118774
60100 0.00599288844905071 0.118008803835882 0.659637905425887 0.240805894842707 -3.75496410368957e-05 -0.00045950612617145 -0.00165819578140253
60200 0.00599288844905071 0.117651909901373 0.660649178450689 0.240979086609818 -3.56049257047503e-05 0.00075400914104112 -0.000382101594305647
60300 0.00599288844905071 0.117000601901185 0.661219560476707 0.240996541851708 -3.47398379091247e-05 0.000789274941495426 0.00134304175285775
60400 0.00602288124105855 0.11576415523045 0.661694144413951 0.24068978434377 -3.48205265516016e-05 -0.00035149849298918 0.000797193031391686
60500 0.00602288124105855 0.114867255958765 0.662233696814948 0.240566649089844 -3.79331127868352e-05 -0.000901425052684268 -0.00112278699871572
60600 0.00602288124105855 0.113802160770967 0.662698755276836 0.240389979458107 -3.90537283224742e-05 0.000101865759948287 -0.0013332469918133
60700 0.00605317396098651 0.112466337081026 0.663124015988349 0.240028596308076 -3.52150472703606e-05 0.000977538823463151 0.000627206178429112
60800 0.00605317396098651 0.111010635383701 0.663247703143831 0.239603073386437 -3.66602302942059e-05 0.000362391792121256 0.0013432478317164
60900 0.00605317396098651 0.109776215131205 0.663800958110254 0.23935579931405 -3.96631662875537e-05 -0.000810243572195701 -8.90361384646953e-05
61000 0.00608326672896789 0.108269957797233 0.66393782255458 0.238879989185178 -4.10744075845173e-05 -0.000615404695712495 -0.00168527572638082
61100 0.00608326672896789 0.106584364958704 0.664079895619847 0.23836737607278 -3.90506186718086e-05 0.000710408238031359 -0.000402140166996192
61200 0.00608326672896789 0.104779356134039 0.664234255469306 0.237762979641163 -3.41255457334368e-05 0.00088185662441755 0.00119958634184449
61300 0.0061123597372154 0.103335873287338 0.664387861825329 0.237371957152053 -3.46659727419191e-05 -0.000313555553464565 0.000962805113436805
61400 0.0061123597372154 0.101357245877826 0.664491960729446 0.236691592193483 -3.47934664440875e-05 -0.000913553874223485 -0.000996704978923529
61500 0.0061123597372154 0.0995319966868502 0.664434714902978 0.236047783739003 -4.19937882605746e-05 2.76080287978782e-05 -0.00148060829591621
61600 0.00614005308183608 0.0977990534298686 0.664585742624001 0.235521497430642 -3.68248293229437e-05 0.000991901270218234 0.000531794642727935
61700 0.00614005308183608 0.09600461610374 0.664691807723179 0.234915094786659 -3.36016382440479e-05 0.00037549297040939 0.00137385072041323
61800 0.0061668466426966 0.0942020240073322 0.664628432954058 0.234293739263769 -3.60616140551226e-05 -0.000752869040550807 3.35746838040364e-05
61900 0.0061668466426966 0.0922512613373315 0.664753146872458 0.233641468202274 -3.30267607435813e-05 -0.000617022309824126 -0.00145373551572626
62000 0.0061668466426966 0.0904173716101275 0.664670162111858 0.232999934634696 -3.50609191019764e-05 0.000568232658147495 -0.000793901526390876
62100 0.00619444001134375 0.0884472154687042 0.66466420174709 0.232303562429289 -3.37863831124536e-05 0.000937999123554335 0.00126207921979577
62200 0.00619444001134375 0.0863504127604001 0.664584958507941 0.231543662440722 -3.15734819759895e-05 -0.000219699578475949 0.001026924223926
62300 0.00619444001134375 0.0846999378361025 0.664611183871875 0.231003436013628 -3.54424185921881e-05 -0.000939755058245611 -0.000925918434852385
62400 0.00622383294751154 0.0826347355477421 0.664614384551653 0.230254995688592 -3.83259026370032e-05 -6.80674883458835e-05 -0.00140495806949003
62500 0.00622383294751154 0.0805190853138039 0.664328760097795 0.229438232223073 -3.59230909720012e-05 0.000970569382263533 0.000209016324237348
62600 0.00622383294751154 0.0787436814127699 0.664398156481598 0.228813487661242 -2.85113168283644e-05 0.000477038393349751 0.0013959988173014
62700 0.0062544255953596 0.0768054615171389 0.66435497435056 0.228145875488028 -2.75422696663743e-05 -0.000764923329200762 0.000370575202270872
62800 0.0062544255953596 0.0747631553374635 0.664093202780865 0.227331191658137 -3.13701499518595e-05 -0.000658373882695649 -0.00151042660478484
62900 0.0062544255953596 0.0729667390860873 0.664211185408986 0.226712019883107 -3.53987948049457e-05 0.000529661573694863 -0.00087715699227005
63000 0.00628231889192702 0.0713599758896933 0.664238835560277 0.226205433997247 -2.86502347534124e-05 0.000916805794654448 0.00111769757698478
63100 0.00628231889192702 0.0694329703093546 0.664207348270654 0.225459941354334 -2.51760581293256e-05 -0.000123142105554337 0.00104613495001873
63200 0.00628231889192702 0.0677373840713759 0.664245773474012 0.224907139874147 -2.77354633215306e-05 -0.000935711931856373 -0.000548532361081115
63300 0.0063125116358816 0.0659046632071052 0.664159752947576 0.224220225343067 -3.31172663665559e-05 -0.000171221879788947 -0.00158235616756128
63400 0.0063125116358816 0.0642296047530754 0.664319536659904 0.223661139078834 -3.03064390824248e-05 0.000902128378078038 3.59996803708175e-05
63500 0.0063125116358816 0.0626004172654454 0.664262337429649 0.223097131378339 -2.49156396644361e-05 0.000576720447825764 0.00139032878799428
63600 0.0063422044999695 0.061000658206004 0.664447299418787 0.222547409470585 -2.5954833452654e-05 -0.000669403630973092 0.000488592506452706
63700 0.0063422044999695 0.0595860231947924 0.664594597156519 0.22213341695439 -3.23344542422542e-05 -0.000803824329374817 -0.00134057001749786
63800 0.0063422044999695 0.0581877569788574 0.664749182109333 0.221669669240986 -3.14513639616999e-05 0.000418161297567688 -0.00105003898192894
63900 0.00637109755627045 0.0570131028632172 0.665116070106143 0.221345735636276 -2.39482606116366e-05 0.000974050683631388 0.00084995260393532
64000 0.00637109755627045 0.0565502520097327 0.665684766733036 0.221407219674973 -2.33410500975946e-05 -3.96307594334445e-05 0.00116842415284894
64100 0.00637109755627045 0.0564776000888988 0.666631756299906 0.221627275721895 -2.64879604385277e-05 -0.000940961650322158 -0.000326637823925081
64200 0.00639979066062466 0.0570075294857858 0.667728984866428 0.222189079285039 -2.88587613891724e-05 -0.000300309239536778 -0.00151771981430819
64300 0.00639979066062466 0.0580081706888911 0.669135493017999 0.222962800735063 -2.47764927496855e-05 0.000838855900381039 -0.000334321406268519
64400 0.0064286837169256 0.0583642869046145 0.670239871760337 0.223425490130471 -1.69628132285026e-05 0.000600932451060227 0.00134607383926595
64500 0.0064286837169256 0.0583222721907254 0.671017919271057 0.22368501074662 -2.11930821437924e-05 -0.000566907544798107 0.00072240951812065
64600 0.0064286837169256 0.0587092317349384 0.672223111715942 0.224161250938617 -2.50083390714119e-05 -0.000828978879495275 -0.00111352328581209
64700 0.00645887646088019 0.0593944627310398 0.673382115122474 0.224825162805856 -2.16698989758414e-05 0.000279687167006144 -0.00120305955079974
64800 0.00645887646088019 0.059647967215353 0.674404014901768 0.225191137075063 -1.48531765749977e-05 0.000970612614716076 0.000445668859048849
64900 0.00645887646088019 0.0597625515082188 0.675415242170332 0.225563431043223 -1.02825585198855e-05 3.38271826251722e-05 0.00135899949375503
65000 0.00648936913275505 0.0602939309162674 0.676478438216112 0.226118445654477 -2.14004087498214e-05 -0.00094654346427462 -6.57465787261189e-05
65100 0.00648936913275505 0.0606444709459112 0.677648530261404 0.226573330444572 -1.90468452107031e-05 -0.000358905346042904 -0.00138159374747483
65200 0.00648936913275505 0.0606903317272982 0.678487697460915 0.226894367014689 -1.11621000554505e-05 0.000832349765287637 -0.000694000873021257
65300 0.00648936913275505 0.0611985523196176 0.679728346941299 0.227455143065888 -1.06426414559097e-05 0.000636268740564251 0.00112316897100509
65400 0.00652056163644316 0.061480387897928 0.680751954186584 0.22790232446646 -1.20792787097234e-05 -0.000612867601386757 0.00102761994272936
65500 0.00652056163644316 0.0616126364506771 0.681642183364774 0.228232717849537 -1.91662691828416e-05 -0.00080649079875718 -0.000817306044369821
65600 0.00652056163644316 0.0620943927371734 0.682931855221679 0.228804775472301 -6.97943893133018e-06 0.000283982130904483 -0.00133450810146133
65700 0.00655215404402491 0.0624262859316024 0.683909137206761 0.229288058509355 -2.79375988006084e-06 0.000907792301305101 0.000152279286061258
65800 0.00655215404402491 0.0625249010489589 0.684890871646433 0.229589925989528 -3.71981951758631e-06 9.1743587182799e-05 0.00127503260631995
65900 0.00655215404402491 0.0628639667994867 0.686037733719481 0.230120207585536 -7.73831822163132e-06 -0.000915110640099634 0.000417620252712742
66000 0.0065837464516065 0.0632393305933608 0.687086323522192 0.230602080838312 -9.61663026081693e-06 -0.0003914841356103 -0.00136803937083115
66100 0.0065837464516065 0.0634836701616506 0.688202502976767 0.231028042657481 9.84459694231492e-07 0.000789206994140741 -0.000894730544674713
66200 0.0065837464516065 0.0636388692032301 0.689139191703322 0.23141505733003 3.00992138047007e-06 0.00069473978917612 0.000862223962058256
66300 0.00661483897932141 0.0640364454220488 0.690318208860488 0.231916138892579 -3.7268820690027e-06 -0.000552085238545854 0.00105411158881538
66400 0.00661483897932141 0.0641716617774255 0.691330311752418 0.232329251293527 -8.50311063933952e-06 -0.000858297506025273 -0.00034658161829
66500 0.00661483897932141 0.0643867149464599 0.692325025921932 0.23270776911908 -2.8277015778451e-06 0.000321053653721281 -0.00134551823805744
66600 0.00664463181938268 0.0647406764348664 0.693506303854676 0.233209178222326 7.03154109612112e-06 0.000939308197768813 -0.00029880619287316
66700 0.00664463181938268 0.0651596901562136 0.694623167030484 0.233759836572699 5.78081087228453e-06 6.37212212086356e-05 0.0012462987459661
66800 0.00664463181938268 0.0650900678984407 0.695554071785263 0.233989235825702 -5.56886231610714e-06 -0.000849707464410154 0.000638514397433114
66900 0.00667422470749705 0.0653457054193771 0.69661660200302 0.234458596961334 -4.31737718920856e-06 -0.000356125994411038 -0.00104502325558181
67000 0.00667422470749705 0.0658201667425479 0.69782150557086 0.235014543898372 3.69500979987954e-06 0.000761471077524234 -0.00103972967510262
67100 0.00667422470749705 0.06585764183716 0.698808471829313 0.23532019450286 5.20861550308479e-06 0.000676609637000477 0.000468654453607165
67200 0.00670371761963821 0.0660534209150153 0.699798703298806 0.235741047902452 4.05510614182439e-06 -0.000442384907288882 0.00127244254917506
67300 0.00670371761963821 0.066525341186297 0.701084642748617 0.236298925667739 -1.60981255686624e-06 -0.000845165017806967 -0.000101469682647904
67400 0.00670371761963821 0.0665695917517831 0.702026743808286 0.23663517418696 3.40632961019441e-06 0.000218024774588902 -0.00132188374515622
67500 0.00673451021943301 0.0667617168595327 0.703025754682865 0.236992365304286 8.40814315587687e-06 0.000992778748928442 -0.000457851443027654
67600 0.00673451021943301 0.067175304435701 0.704260942860177 0.237532513048706 1.02141921172391e-05 0.000150691801229841 0.000913516624746145
67700 0.00673451021943301 0.06757464661294 0.70538530184945 0.238057019721733 4.64473527173791e-06 -0.000867801408279357 0.000956569618559707
67800 0.00676490291533433 0.0674699924942351 0.706245101609464 0.238224257037836 -2.89218881343028e-06 -0.000395833614265762 -0.000809408593190434
67900 0.00676490291533433 0.0678862291475268 0.707439979842134 0.238796047208501 1.00312604910855e-05 0.000787415460732769 -0.00119414758858773
68000 0.00676490291533433 0.0683205404951208 0.708639893630548 0.239308964717718 1.08416569331233e-05 0.000707725557945919 8.2778006279901e-05
68100 0.00679489570734218 0.0682061300030049 0.709496068905946 0.239499796506891 8.19016044601699e-06 -0.000452192522729641 0.0012144532790633
68200 0.00679489570734218 0.0683987057696202 0.710513425609341 0.239897321500285 5.0440865233206e-06 -0.000799417114300467 0.000378341866209225
68300 0.00679489570734218 0.0688703300070539 0.711806653861246 0.240453681729019 5.68620763740492e-06 0.000194133014653628 -0.0012304508909843
68400 0.00682608821103045 0.0690008220880676 0.712775600448565 0.240816282875138 1.34598049648414e-05 0.000944866084088946 -0.000873159623605935
68500 0.00682608821103045 0.0690670582332845 0.713730760297663 0.241093615431446 1.45502396046953e-05 0.000236770467388021 0.000876360627659236
68600 0.00682608821103045 0.0695520073439358 0.71501174706855 0.241675070253045 1.14902945568621e-05 -0.000837673690151019 0.00104094655505943
68700 0.00685888033029248 0.0698524240750911 0.716074585899989 0.242122946414423 1.23998036625901e-06 -0.000450866304879702 -0.000555178924505185
68800 0.00685888033029248 0.0697754057630321 0.717017534953237 0.242349989070501 8.69722627038952e-06 0.000740878331571628 -0.00119540709793411
68900 0.00685888033029248 0.0700251792117966 0.718070012028064 0.242772242015477 1.81641514137694e-05 0.000779057492423294 -0.000167165097503247
69000 0.00685888033029248 0.070453325459964 0.719297892339999 0.243295975981141 1.65368145886037e-05 -0.000434002506621798 0.00112422581728697
69100 0.00689357199304835 0.0705221172340131 0.720282049960505 0.243623374961118 8.3608336817453e-06 -0.000854470636362999 0.000606094763564898
69200 0.00689357199304835 0.0707290328338208 0.721306028292161 0.244016087868215 7.09084553493214e-06 0.000208777423313806 -0.00105898718651802
69300 0.00689357199304835 0.0711530311559648 0.722579480294306 0.244552308791587 1.69711364979914e-05 0.000928233516892395 -0.00107019856381259
69400 0.00692856358372417 0.0713243602404165 0.723559870453964 0.244925222422078 1.78500266380878e-05 0.000223398173807221 0.000536648599424372
69500 0.00692856358372417 0.0714267412181691 0.724574856231337 0.245257334194922 1.45631792417955e-05 -0.00075940159256679 0.00118500617982326
69600 0.00692856358372417 0.0716762031851767 0.725713706397699 0.245703687152599 6.67711275615698e-06 -0.000479885363157366 -0.000244861560445572
69700 0.00692856358372417 0.0719680119570382 0.726815667294321 0.246174017704405 1.08550588480583e-05 0.00064383984341315 -0.00125259828384864
69800 0.00696395507829347 0.0720120791439049 0.727791687776143 0.246464588861909 1.89452748022874e-05 0.000781201198474656 -0.000446153583575071
69900 0.00696395507829347 0.0722670129562545 0.728856653989734 0.246907014267749 1.84304791459313e-05 -0.000310278090693739 0.00101814488629841
70000 0.00696395507829347 0.0725582065977365 0.730033267748363 0.247381043930936 1.31105610891253e-05 -0.000888674217901553 0.000774961937161058
70100 0.00699824683715586 0.072615038377342 0.730985249304856 0.247700747909127 1.29312608705422e-05 7.43454925999734e-05 -0.000862109121872547
70200 0.00699824683715586 0.0728602832123876 0.732047964245967 0.248141523904297 2.10402322738283e-05 0.000964605563247047 -0.00110581782347243
70300 0.00699824683715586 0.0731082225175611 0.733238741615858 0.248596654943331 2.01169247877099e-05 0.000269012946667923 0.000303277768058488
70400 0.00699824683715586 0.0732031658680038 0.734210933515985 0.248960668655702 2.12111975071434e-05 -0.000803672745013987 0.00105445254523852
70500 0.00703233864407152 0.0732587729890795 0.735187317700948 0.249282537256347 1.22989419711273e-05 -0.000490500075875593 0.000115287880677411
70600 0.00703233864407152 0.0734156141926387 0.736281677439881 0.249706533991502 1.28016206545626e-05 0.000652175233414758 -0.00114444872086062
70700 0.00703233864407152 0.0734842041207025 0.737267886080539 0.250060816939454 2.21521398428167e-05 0.000725821503707497 -0.000673939761300454
70800 0.00706533071528029 0.0733666938158169 0.738204792504756 0.250306448433712 1.82270842824274e-05 -0.000315129581522305 0.000933300130364446
70900 0.00706533071528029 0.0731041921962258 0.738979419999985 0.250490271032978 1.70362707380979e-05 -0.000776311930151517 0.000820087750797684
71000 0.00706533071528029 0.0725614832259071 0.739791656617631 0.250572098710972 1.38368024117735e-05 1.10579456938326e-05 -0.000516908622062731
71100 0.00709742300272872 0.0712582580930034 0.740095342601374 0.250241381560918 2.14840220537956e-05 0.000821849662486984 -0.00121645983938742
71200 0.00709742300272872 0.0693492095916683 0.74006112192101 0.249570587393409 2.50009450652291e-05 0.000355560273255439 -7.91384914791956e-05
71300 0.00709742300272872 0.0672779512908379 0.740106827626811 0.248871021899772 2.34408365911908e-05 -0.00070919578450117 0.0012306784645173
71400 0.00709742300272872 0.0650725348556272 0.739898537234894 0.248073046379526 1.99831146301968e-05 -0.000579431796487998 0.000176099995660922
71500 0.0071297152421239 0.0631621331950522 0.740001603869208 0.247427947083357 1.36943863130454e-05 0.000532534882514443 -0.00100059733593705
71600 0.0071297152421239 0.0615249403192493 0.740138281379152 0.246936010981454 2.31141899362019e-05 0.000783341390797227 -0.000776124079190048
71700 0.0071297152421239 0.0596344336057834 0.740169946418295 0.246294537046266 2.2684368581085e-05 -0.000271120167819351 0.000457221648055994
71800 0.00716270731333266 0.0573536452079256 0.740101914814451 0.245484073024075 1.95107544211396e-05 -0.000817913809643045 0.00109501207561006
71900 0.00716270731333266 0.0551576809160326 0.739896464281291 0.244693118421197 1.4088760890567e-05 4.99797130618282e-06 -0.000267681048618502
72000 0.00716270731333266 0.0532696461289061 0.74002599095412 0.244054477260106 2.22429397138734e-05 0.000789065378490063 -0.00131532162337561
72100 0.00719769890400848 0.051258332902246 0.739991038214072 0.243396380158427 2.70610746028242e-05 0.00031595197648526 -0.00024108234097075
72200 0.00719769890400848 0.0487837551768432 0.73970918146413 0.242421288425363 1.44194381095448e-05 -0.00065376913160159 0.00100530050490296
72300 0.00719769890400848 0.0467107832766549 0.739706678535697 0.241717546722632 1.4401193390987e-05 -0.000524782733266491 0.000653057403296141
72400 0.00719769890400848 0.0447851779466246 0.739681913885108 0.241088071126275 1.68789479072247e-05 0.00043957538101607 -0.000904619013199864
72500 0.00723159075897756 0.0423366843737085 0.739519075501362 0.240140948133663 2.1991339257954e-05 0.00071006837346821 -0.00109512087348727
72600 0.00723159075897756 0.0400211705484822 0.739252240439382 0.239296632451781 2.20438431089032e-05 -0.000160175733186984 0.000392317521568492
72700 0.00723159075897756 0.0379550254122193 0.73923474682274 0.238550415690307 1.6255337245922e-05 -0.000786117518891973 0.00104425150233749
72800 0.00726438287823942 0.0355709717820918 0.739039893007502 0.237658766402296 1.81443400593361e-05 -6.13748146658175e-05 -3.24745586201982e-05
72900 0.00726438287823942 0.0331934665775853 0.738775729268787 0.236767789282892 1.71733449157511e-05 0.000766571998783651 -0.00112248551543737
73000 0.00726438287823942 0.0310117045325692 0.738765859368371 0.235968457402342 2.27421142328446e-05 0.000333340597273281 -0.000609771032629306
73100 0.00729597528582118 0.0287195018604856 0.738610529312225 0.235177323780891 1.80109226798336e-05 -0.000611874019687311 0.000820660746478226
73200 0.00729597528582118 0.026469237343545 0.738506834911696 0.234311396084064 1.88277465375556e-05 -0.000508496101671741 0.000867627950081571
73300 0.00729597528582118 0.0242931591230863 0.738402349496322 0.233534022867804 2.08065867186586e-05 0.000447690664169257 -0.000663588218938384
73400 0.00732696783756271 0.0220475041394637 0.738360119087902 0.232758510289075 1.91394123562949e-05 0.000648786419148232 -0.00117807342876172
73500 0.00732696783756271 0.0198353886334809 0.738298860387297 0.231922849941893 1.72677168275672e-05 -0.000144679740854535 6.03861180434257e-05
73600 0.00732696783756271 0.0176297798152159 0.738131002653383 0.231135752959705 1.12911904103923e-05 -0.000690200298594296 0.0011159534674735
73700 0.00735796038930409 0.0154634704450274 0.738214957979221 0.230361152166948 1.14121851647297e-05 -7.63933981616186e-05 0.000249365485478023
73800 0.00735796038930409 0.0133667272675334 0.738172544817793 0.229644861991234 1.68281317218016e-05 0.000714747952470482 -0.00103773907183007
73900 0.00735796038930409 0.0112678552626127 0.738139474835279 0.22889231229541 1.25899789300378e-05 0.000373119130571381 -0.00083783325521893
74000 0.00735796038930409 0.00930281756275419 0.7382495581872 0.228205816794975 9.93947168489739e-06 -0.000529432392568245 0.000589350639737041
74100 0.0073893528449391 0.00739486702961182 0.738348024900609 0.227618801389746 1.04590002489908e-05 -0.000554093588489522 0.00104847078451352
74200 0.0073893528449391 0.00551335251707104 0.738506742313832 0.22695446303078 1.50898249720249e-05 0.000408167611637025 -0.000398087110109812
74300 0.0073893528449391 0.00371315284955519 0.738643279601685 0.226396380765136 1.98473771886244e-05 0.00076088647562743 -0.00125397704769668
74400 0.00742214496420113 0.00205614200316282 0.738972745861888 0.225920820793559 1.00268157580376e-05 -0.000118878863694688 -0.000254519350897231
74500 0.00742214496420113 0.000363569579779268 0.739205672935279 0.225369463804388 6.66292282510751e-06 -0.000686577297163979 0.00100441228393229
74600 0.00742214496420113 -0.00117015999335279 0.739493855413994 0.224960279762977 1.24161126161516e-05 -7.97866360978537e-05 0.000637246853358236
74700 0.00745593684319668 -0.00259766841474767 0.739999687324732 0.224575671010925 1.61678616258349e-05 0.000695502253708218 -0.000910149679593376
74800 0.00745593684319668 -0.00377885738125295 0.740480342432031 0.224354609949977 1.07788421973991e-05 0.000371513701784214 -0.00112376226548905
74900 0.00745593684319668 -0.00498827527724232 0.741032914598581 0.224096045078274 2.8747354360432e-06 -0.000448340818752881 0.000415609936687104
75000 0.00745593684319668 -0.00589568496500608 0.741744408807915 0.223995617029044 1.35983720964799e-05 -0.000442369526338744 0.001208820294922
75100 0.00749112838581923 -0.00682225889457762 0.742443775145319 0.223931472367861 1.95177187817334e-05 0.000339952217085905 -0.000149942575614797
75200 0.00749112838581923 -0.00766516085376281 0.743222489872051 0.223834907799208 9.11016177186272e-06 0.000646999906731247 -0.0013283073831387
75300 0.00749112838581923 -0.008284200190469 0.744045769397356 0.223936795726205 5.16042489952777e-06 -2.56457433905366e-05 -0.000410625164387013
75400 0.00752801951998907 -0.00869807021422605 0.745112541800161 0.224108723885083 6.08992290286179e-06 -0.000587186703845055 0.000943811445867964
75500 0.00752801951998907 -0.00915239823386885 0.746046854809923 0.224252123064267 1.43082783683064e-05 -6.5898149498786e-05 0.000761248935437695
75600 0.00752801951998907 -0.00934940042663314 0.747142584237156 0.224568442973826 1.49358093635756e-05 0.000665673272308998 -0.000682224750017561
75700 0.00752801951998907 -0.00955214036522913 0.748325946014016 0.224848354453359 4.84683462172569e-06 0.000359143543671704 -0.00127386006477515
75800 0.00756431079831869 -0.00954681562193098 0.749501644262639 0.225274990606282 6.72007749675545e-06 -0.000453959405770303 0.000200242738397574
75900 0.00756431079831869 -0.00937089220739121 0.750873324193481 0.225750184140762 1.2277015099254e-05 -0.000377229111173953 0.00125564494303488
76000 0.00756431079831869 -0.00905153417020749 0.752245911883385 0.226327407449664 1.31177245216798e-05 0.000402533864714573 2.53561984807516e-05
76100 0.00756431079831869 -0.00850633862437482 0.753800562022247 0.227047748369142 7.77031811730039e-06 0.000578659114815254 -0.00115984860988601
76200 0.00760010219678147 -0.00801846070942799 0.755344709655932 0.227708962380437 2.90136487824069e-06 -7.27384335650777e-05 -0.000624589260206798
76300 0.00760010219678147 -0.00745831584193089 0.756816571867089 0.228413093687446 4.73337493343535e-06 -0.000496973841657217 0.000664773184888756
76400 0.00760010219678147 -0.0066334865669028 0.758590146781292 0.22926201604976 9.99602252613197e-06 1.48887613807032e-05 0.00092680963429687
76500 0.00763389407577702 -0.00562713511555366 0.760325943356508 0.230214490985543 9.79955825365331e-06 0.000576426960697417 -0.000521442013488897
76600 0.00763389407577702 -0.00471698727944877 0.762065471683004 0.231092099349919 4.90655841591586e-06 0.000312366872282727 -0.00120931569065961
76700 0.00763389407577702 -0.00363493369889961 0.763941757950428 0.232085262260555 4.92253666353688e-06 -0.000351911478419435 7.71589256387376e-05
76800 0.00766378689181149 -0.00244478220089861 0.765793522944553 0.2331419648401 7.31235200235476e-06 -0.000348643140318819 0.000997624282279557
76900 0.00766378689181149 -0.00124651956708877 0.767733588643409 0.234163552122903 7.08215083074249e-06 0.000374494430851033 0.000258363771349898
77000 0.00766378689181149 0.000134455727842216 0.76969785336881 0.235322468856354 6.85367998320104e-06 0.00058020339984642 -0.0009641878806286
77100 0.00769447951563292 0.00171266680487335 0.77183870030458 0.236569182765589 7.05810164028867e-06 -8.36297083151136e-05 -0.000751728780770962
77200 0.00769447951563292 0.00324259207613185 0.773902241022421 0.237775715163773 9.33711161741399e-06 -0.000453630753439705 0.00063012993398356
77300 0.00769447951563292 0.00479420119436179 0.775996439670774 0.239029350061021 9.94704118772425e-06 5.26881289154286e-05 0.000927162143861203
77400 0.00772417237972082 0.0065021230443289 0.778207570157755 0.2403265393668 1.1389175343006e-05 0.000581487543418888 -0.000467278175686476
77500 0.00772417237972082 0.00830173099868387 0.780393033655927 0.241698202965582 6.66603936323583e-06 0.000230111133924569 -0.00113782573863452
77600 0.00772417237972082 0.0100131041411665 0.782613592484048 0.243008843231801 5.17823007234247e-06 -0.000339623761644597 -6.17414910955946e-05
77700 0.00775566481132904 0.0117206032265988 0.784755090781107 0.244301771842969 9.10139312570636e-06 -0.000223825696047606 0.000883882488549166
77800 0.00775566481132904 0.0136290469901015 0.78706551189098 0.245742906602453 9.5078218902299e-06 0.000349369337040607 0.000469078940508266
77900 0.00775566481132904 0.015312913144817 0.789226075021637 0.247010451463405 6.11086268172679e-06 0.000480931499326283 -0.000888407478981161
78000 0.00778475781957673 0.017033414693188 0.791363623090898 0.248322954077941 2.79881717758425e-06 -6.60537965302189e-05 -0.000991395357143363
78100 0.00778475781957673 0.0190079480237707 0.793744206178941 0.249786196227992 8.76551985058974e-06 -0.000339482619259029 0.000610760073412987
78200 0.00778475781957673 0.0206787371763064 0.795849363243115 0.251048083300953 8.23894827168398e-06 1.49229142926388e-05 0.000910375715542268
78300 0.0078135508999043 0.0224207037976594 0.798031408610542 0.252363511219407 1.31726556710394e-05 0.000495704025767192 -0.000280085654114542
78400 0.0078135508999043 0.0241977762166482 0.800260312554596 0.253703010491237 9.13489877062326e-06 0.000299756239716695 -0.000974085213796646
78500 0.0078135508999043 0.0258578176793296 0.802391157038681 0.254980773372353 3.80078742255732e-06 -0.000299640588615515 -0.000367148325610952
78600 0.00783984458089798 0.0274537995725779 0.804484158301889 0.256195189770664 1.21497540866611e-05 -0.000264436070385957 0.000819508721629482
78700 0.00783984458089798 0.0290762562920183 0.806597184512663 0.257448776754136 1.31080174267146e-05 0.000316702274208133 0.000599522082182192
78800 0.00786543843007807 0.0306084556595461 0.8086857188156 0.258657460095332 1.02384155128498e-05 0.000490462008417486 -0.000768535331994416
78900 0.00786543843007807 0.0321261169683843 0.810699272183659 0.259820108618279 4.80559355835181e-06 -5.38262734194937e-05 -0.000929327910365361
79000 0.00786543843007807 0.0336462031031935 0.812791451250916 0.261025810012296 9.14724946763463e-06 -0.000405681550924673 0.000358699038366438
79100 0.00789123223120489 0.0351828443929047 0.81483911724454 0.262214932853661 1.49697508853577e-05 5.60337935347338e-05 0.000969787797574434
79200 0.00789123223120489 0.0366117226184383 0.816819058666875 0.263345756941103 1.68902769978826e-05 0.00047293848122728 -0.000180169676842225
79300 0.00791782584011851 0.038048955613425 0.818815387505904 0.264477813944958 1.05826264142605e-05 0.000236767739282001 -0.00108272218260165
79400 0.00791782584011851 0.039459378519293 0.820764779856116 0.265590490899138 6.30644043197571e-06 -0.000280047589348164 -0.000242446494837156
79500 0.00791782584011851 0.0406841286679654 0.822648056567608 0.266610288018453 1.71527685510744e-05 -0.000262464871410296 0.000699433408599549
79600 0.00794481935292577 0.0420726384607698 0.824533070037991 0.267696979390621 1.72752835837215e-05 0.000287912524778912 0.000482630535927264
79700 0.00794481935292577 0.0433411013894738 0.826425790554411 0.268732020054338 1.36753369096933e-05 0.000436695879748623 -0.00049676772774403
79800 0.00794481935292577 0.0445218436685243 0.828210931473341 0.269712599783439 7.2633228218696e-06 -2.41994806718827e-05 -0.000992957683345858
79900 0.00797281262546639 0.0456831144581341 0.829963438009771 0.270666779840949 8.67929008636385e-06 -0.000386188046763749 0.000143609563093636
80000 0.00797281262546639 0.0468751364173336 0.831797392215725 0.271670246542361 2.64548047694539e-05 -3.37276030489079e-05 0.00103254695889482
80100 0.00797281262546639 0.0479010460382715 0.833451625808653 0.272548531905389 2.0340838657768e-05 0.000481965803405847 -5.50137601159594e-05
80200 0.0080029053934476 0.0489743325847377 0.835192449788941 0.273466809503286 1.33408773879864e-05 0.000246929882996388 -0.00105158139193
80300 0.0080029053934476 0.0500172396872368 0.836838313379085 0.274362184101593 1.40662462904019e-05 -0.000318330076073846 -0.000427972782894001
80400 0.0080029053934476 0.0509228970054367 0.838502167447733 0.275192586032838 2.18488150578185e-05 -0.000309045859177546 0.000705757017966621
80500 0.00803439782505599 0.051822794510707 0.840078479373676 0.276020449211825 2.77053785931891e-05 0.000292470343246851 0.000602334319108319
80600 0.00803439782505599 0.0525485432146482 0.841559510090216 0.276733780721763 2.09963820645077e-05 0.000450753042665275 -0.000599236234045807
80700 0.00803439782505599 0.0531539178337425 0.843088228657777 0.277425688380822 2.04816342091904e-05 -9.65835495866146e-05 -0.000849117031585193
80800 0.00806619018458431 0.0536305151364515 0.844382460442872 0.278029117336053 1.92587058742233e-05 -0.000395908742165439 5.82336933072621e-05
80900 0.00806619018458431 0.0534407028823804 0.845482448690921 0.278278418106834 3.2480528116435e-05 -2.81381860069872e-05 0.000827636029179051
81000 0.00806619018458431 0.0525745625669928 0.846176282885685 0.278240822860385 3.61114660746325e-05 0.000440973701030661 0.000292725143261745
81100 0.00809758264021933 0.0505687005637008 0.846320374861394 0.27756955662134 2.61658298909911e-05 0.000240544689462901 -0.00103798005064962
81200 0.00809758264021933 0.0475153278944808 0.845966018667276 0.276401239746486 2.40562562988194e-05 -0.000341003052089147 -0.000640955672504656
81300 0.00809758264021933 0.0438934157634183 0.845216429922704 0.27493931451056 2.86032500802549e-05 -0.000325535121140039 0.000752449643458152
81400 0.00812237668161246 0.0400145449940942 0.844528822831345 0.273317765798744 3.86666223922724e-05 0.000255590216617118 0.000592876895273163
81500 0.00812237668161246 0.037097922729097 0.844130710463719 0.27224413575083 3.20996618550636e-05 0.000485341605101406 -0.00045267459300347
81600 0.00814607098729886 0.0345541118370339 0.844063847919074 0.271305936766466 2.10515688261814e-05 -8.35158399525135e-05 -0.000843542107600354
81700 0.00814607098729886 0.0315095168469502 0.843676555666351 0.270148161041075 2.55137378101403e-05 -0.000494746350119849 -0.000116706886014734
81800 0.00814607098729886 0.0279351276065185 0.842967907766963 0.26870962444149 3.83467000900351e-05 -8.46000739274096e-06 0.000790237745816294
81900 0.00817046512479852 0.0244743501730839 0.842463300397345 0.267302028038304 4.004579313179e-05 0.000523185964190881 0.000350623505608083
82000 0.00817046512479852 0.0216925764265521 0.842123183900354 0.266308772289834 2.52658487373381e-05 0.00019276891840614 -0.000858784412267131
82100 0.00819515919021844 0.0186059526094679 0.841826543307772 0.265090953675421 2.41684031617489e-05 -0.000410145055099277 -0.000739559513258521
82200 0.00819515919021844 0.0151307305597053 0.841164591277088 0.263720147580983 3.58364723923527e-05 -0.000274983971555686 0.000555333409386017
82300 0.00821815366409109 0.0118275178737054 0.840682318391064 0.262430566839533 3.83136614488135e-05 0.000315219998166464 0.000743926774485885
82400 0.00821815366409109 0.00891819144643437 0.840442830244115 0.261320333450849 3.87021565794424e-05 0.000406154849012581 -0.000301376584642224
82500 0.00821815366409109 0.00552161705848145 0.839796717231998 0.2600184457699 3.13203952531157e-05 -0.000107523464803565 -0.000909499910818067
82600 0.00824144806588401 0.00189437789443782 0.839255860282822 0.258513445628635 2.80634891158564e-05 -0.000453626587390726 -0.000236620502830863
82700 0.00824144806588401 -0.00102969722059675 0.838861670330542 0.257442232323856 3.72483762304439e-05 -3.61107671668565e-05 0.000794493799310617
82800 0.00826494241962351 -0.00443255279184541 0.838431974717825 0.25612639534161 4.53443906070997e-05 0.000523072550792001 0.000398373061046413
82900 0.00826494241962351 -0.00793481523029434 0.837798987482149 0.254678739730929 3.39457210405241e-05 0.000230514236498398 -0.000769983859409319
83000 0.00828773694154958 -0.0110553564825043 0.83739205561544 0.25353603883333 2.29689782089434e-05 -0.000443048248255359 -0.000699212623031352
83100 0.00828773694154958 -0.0147102806183691 0.836854965206853 0.252039595192693 3.6083389239911e-05 -0.000367393544888543 0.000299257448200818
83200 0.00828773694154958 -0.0179715788369244 0.836213895308383 0.250759190805641 4.32721613226817e-05 0.00037261014378699 0.00070800106560456
83300 0.00830953170374196 -0.0212564094144696 0.835923196846208 0.249509017009702 4.11259480036887e-05 0.000507580712272309 -1.867397114524e-05
83400 0.00830953170374196 -0.0248305305590654 0.835238214256211 0.24805152271398 3.20102440216169e-05 -0.000210054543362089 -0.000895270465862333
83500 0.00833162639385445 -0.0281257367424438 0.834746498402633 0.246766815684327 2.5934562013323e-05 -0.000506833825726818 -0.000439866929351619
83600 0.00833162639385445 -0.0316129305630174 0.834297408953542 0.24538787630788 4.24385383990393e-05 4.893689361798e-05 0.000693057468285651
83700 0.00835372108396694 -0.03492180425525 0.833696168289613 0.244088803258632 3.70705615549489e-05 0.000523876122321257 0.00053400053321843
83800 0.00835372108396694 -0.0385567601088685 0.833185155347478 0.24261019002075 3.04473747893401e-05 0.000163598137408419 -0.000564428179105864
83900 0.00837551584615932 -0.0420356216242371 0.832553998807716 0.241232523543605 2.63031204591602e-05 -0.000421977879638861 -0.000802282931100873
84000 0.00837551584615932 -0.0451628137329617 0.832163294078843 0.240007750722347 3.01354451933019e-05 -0.000323503653097072 2.44140965310491e-05
84100 0.00839761053627181 -0.0487910359863714 0.831646082584135 0.238561441677236 3.9961840639159e-05 0.000335989720101952 0.000784324048809525
84200 0.00839761053627181 -0.0519844779441353 0.831041301748413 0.237280929304108 3.20713309428522e-05 0.000503074807069696 0.000246709663360985
84300 0.00839761053627181 -0.0552969536984738 0.830698324271722 0.23596842289377 3.13175900771499e-05 -0.000185804182935269 -0.000886427240924225
84400 0.00841990517833103 -0.0585073003418026 0.830189633777097 0.234732784058381 3.0152851798366e-05 -0.000559289522762695 -0.000686926765979074
84500 0.00841990517833103 -0.0616644151915597 0.82978924642551 0.233453530839237 2.96800332304265e-05 3.70446228084745e-05 0.000528775622730009
84600 0.00844229979636363 -0.0648581421750803 0.829417116288553 0.232222270861431 3.33163967620568e-05 0.000615492058815575 0.000805727853185344
84700 0.00844229979636363 -0.0676951742110423 0.829056698866778 0.231136243672395 2.52285792915611e-05 0.000152231930068565 -0.000308293862087433
84800 0.00846529427023628 -0.0707205874998407 0.828857938552772 0.229955148466118 2.42675048590374e-05 -0.000557642510744707 -0.00110222787444993
84900 0.00846529427023628 -0.0734250803476474 0.828515742765314 0.228947827697992 2.77541960768079e-05 -0.000291345816312182 -0.000186349916105247
85000 0.00848868864800257 -0.076081744165791 0.828450671564134 0.227947327388687 3.0007986156727e-05 0.00044431566763026 0.000972552176544958
85100 0.00848868864800257 -0.07866069454623 0.828294847049415 0.227010770445395 3.03825428804153e-05 0.000459044137079764 0.000331204400850781
85200 0.00848868864800257 -0.0810926705640512 0.828140486137709 0.226107309849508 2.88076893233458e-05 -0.000255943927205907 -0.000869676813324394
85300 0.00851288283355565 -0.0834567053940298 0.828210958924966 0.225259581934408 2.60462775699566e-05 -0.000550125151679827 -0.000741933635112948
85400 0.00851288283355565 -0.0854567986536334 0.828245123645854 0.224618160734947 2.31889558346662e-05 5.19961078498618e-05 0.000320874854382456
85500 0.00853787682689552 -0.0875751855174629 0.828423477617978 0.223876742640459 2.62128806451704e-05 0.00059621105238027 0.000867447440879052
85600 0.00853787682689552 -0.0894763412121502 0.828544099132157 0.22328023536267 2.9259265308331e-05 0.000182696932144335 -3.65316821569878e-05
85700 0.00853787682689552 -0.091226229307491 0.828762301475104 0.222717231912252 2.50902173183779e-05 -0.000555215532834844 -0.00108757548016201
85800 0.00856407053191582 -0.0929190718989143 0.82915217308512 0.222237329969305 2.24818413505975e-05 -0.00038557689325561 -0.000513156078480184
85900 0.00856407053191582 -0.0944156817477399 0.829390159094093 0.221810677454102 1.86069930564615e-05 0.000468077940268869 0.000829088731528623
86000 0.00856407053191582 -0.0956542195514119 0.829957745692863 0.221513582467734 2.40757148537262e-05 0.000522454496246852 0.000674844795106887
86100 0.00859176387653634 -0.0967048874250343 0.830536753662851 0.22137691516703 2.44260762249929e-05 -0.000296103337103939 -0.000613518669890809
86200 0.00859176387653634 -0.0976954645050312 0.831130075309939 0.221197895527445 1.32892247177352e-05 -0.000608868209878623 -0.00106448176702665
86300 0.00859176387653634 -0.0986549222064516 0.831772723772702 0.221063040323722 1.55326453701233e-05 8.75676812668722e-05 3.14725617198976e-05
86400 0.00862195662049109 -0.0992593126853079 0.832535665194265 0.221123702662 1.76870469480775e-05 0.000612262184747362 0.00106736544695936
86500 0.00862195662049109 -0.0996714861993946 0.8334854356425 0.221251989609585 2.17522163321924e-05 0.000126224198162433 0.00013120835463395
86600 0.00862195662049109 -0.100109206425653 0.834291237044223 0.22138571160496 1.40995930853517e-05 -0.000557058069062263 -0.00104092308493216
86700 0.00865164948457882 -0.100273566887795 0.835326057804424 0.221653236386657 4.30603690684241e-06 -0.000361938410074809 -0.000610246560847481
86800 0.00865164948457882 -0.100356403445955 0.836398988466956 0.221971161934383 6.65357764681218e-06 0.000420306754278781 0.000523181959947069
86900 0.00865164948457882 -0.100359688859412 0.837422198520098 0.222320045810048 1.61919729539711e-05 0.000503788296129562 0.000819260271427385
87000 0.00868034258893303 -0.100200814670837 0.838615339456998 0.222734220907429 2.07754696636876e-05 -0.000242393952268165 -0.000258978293939384
87100 0.00868034258893303 -0.099689068162723 0.839933778043041 0.223371117574695 7.72175539381704e-06 -0.000587663922082728 -0.00114446577192185
87200 0.00870733610174029 -0.0991074500224594 0.841310593780244 0.224015426109134 4.44068558668749e-06 2.13373846644912e-06 -0.00037773326478523
87300 0.00870733610174029 -0.0985234748476988 0.842662316937516 0.224648578998825 1.51488071205927e-05 0.000611642002535317 0.00105895756998135
87400 0.00870733610174029 -0.0977107769228339 0.844122964348455 0.225438201427231 1.82672418419305e-05 0.00018152415892205 0.000671100042644646
87500 0.00873422963857401 -0.0967994768307559 0.845679380487157 0.22623879081738 7.71808243424755e-06 -0.000569047655503995 -0.00109674899928769
87600 0.00873422963857401 -0.095791167325749 0.847198566988635 0.227102121080908 2.62966102106937e-06 -0.000365996170915159 -0.00110600235432659
87700 0.00873422963857401 -0.0947122809146825 0.848820873110298 0.228010327421209 6.58201570879595e-06 0.000368203440410055 0.000626651775307921
87800 0.00876022339164758 -0.0934422839549025 0.850528060457612 0.229004369986839 6.74225616227488e-06 0.000497668421118062 0.0010138451069824
87900 0.00876022339164758 -0.0922119509099653 0.852157281362427 0.229980418438817 8.71552648490691e-06 -0.0002108713661653 -0.000175148145998875
88000 0.00878651707264108 -0.0909141642075982 0.853887167474296 0.230976555736704 -2.1091575800259e-06 -0.000618296931352277 -0.00112930678928019
88100 0.00878651707264108 -0.0894353950041151 0.855650763008114 0.232092133826894 7.73891967165881e-07 -2.78958361100386e-05 -0.000650809209970735
88200 0.00878651707264108 -0.0880667084728727 0.857400085196516 0.233123034232111 7.28581345808655e-06 0.000591569509464581 0.000842633509471347
88300 0.00881341060947481 -0.0864433513244653 0.859241989601779 0.234289119110283 1.70593342242442e-07 0.000239491262717954 0.00100507121624091
88400 0.00881341060947481 -0.0849063679739089 0.861041120022323 0.23542592516186 1.05244638078303e-07 -0.000529676197262833 -0.00068154815067401
88500 0.00881341060947481 -0.0833062411333829 0.862920708468602 0.236571467029362 -3.21097939366724e-06 -0.000421580535963939 -0.00148923779008102
88600 0.00883980426644185 -0.0817916135307275 0.864659999153492 0.237678898938458 -1.19437642251991e-06 0.000374562980896334 0.000125519379962856
88700 0.00883980426644185 -0.0801874191764077 0.866533277168772 0.238835854972433 -1.29376919404614e-07 0.000514496347020078 0.0013640869038348
88800 0.00886629789938209 -0.0784980142297409 0.868400395015121 0.240028522843002 -1.91881361156396e-06 -0.000179062595361166 0.000214825716408931
88900 0.00886629789938209 -0.0769595561016832 0.870196380665493 0.241150297489169 -7.63827936737628e-06 -0.000586179861688315 -0.00136348697473352
89000 0.00886629789938209 -0.0751962480426838 0.872122985404176 0.242368801960139 -1.12903653763822e-05 -7.95591891273816e-05 -0.000806193886228058
89100 0.00889289150829588 -0.0734334163472334 0.874025410490637 0.243616633459471 -4.60865801730255e-07 0.000558426993708491 0.000847755799264239
89200 0.00889289150829588 -0.071880350860191 0.875860827444728 0.244725411476392 -7.00088316055269e-07 0.00028000038179074 0.00095651379409582
89300 0.00889289150829588 -0.0701079856492208 0.877749758611725 0.245953082986586 -4.34282850721365e-06 -0.000464460595650065 -0.000394623328355939
89400 0.00891908521331618 -0.0683393175099696 0.879688415306059 0.247199033783876 -3.54346717156215e-06 -0.000481608654346642 -0.00138642326685375
89500 0.00891908521331618 -0.0668353478082434 0.881467882447919 0.248264571486536 -7.09157938680482e-06 0.000273741327824744 -0.000366576201652797
89600 0.00894527891833632 -0.0650291831896733 0.883358349813643 0.249510455179683 -1.92372712209218e-06 0.000580295801354261 0.00133497630221797
89700 0.00894527891833632 -0.0633782408936853 0.885234056952767 0.250664242034715 -6.11561105040233e-06 -7.98975106601782e-05 0.000687817732110233
89800 0.00894527891833632 -0.0617208751808892 0.887084926588335 0.251829634294613 -9.43428381959036e-06 -0.000609397082107781 -0.00131957333599164
89900 0.00897127267140988 -0.0601179665922043 0.888912818505795 0.252961420342407 -7.1447906014115e-06 -0.000139364714742944 -0.00116237345732911
90000 0.00897127267140988 -0.0584557152343704 0.890770742997309 0.254122591096012 -6.84990255680379e-06 0.000581698931220642 0.000692467797852406
90100 0.0089967665446166 -0.0569122803502645 0.892547082404903 0.255225151253473 -5.37517016414123e-06 0.000355713953353602 0.00129720843380866
90200 0.0089967665446166 -0.0554289873645896 0.894350997509609 0.256302484587153 -9.62491374782123e-06 -0.000456263199163681 -0.000218569040237279
90300 0.0089967665446166 -0.0539830223561361 0.896096113407642 0.257353727249192 -8.87771295115483e-06 -0.000523407762865769 -0.00150906361914475
90400 0.00902216044184995 -0.0525205438959739 0.897856562400582 0.258417550175156 -3.6301700670387e-06 0.000246681610512651 -0.000503091534748291
90500 0.00902216044184995 -0.0511236127394363 0.899606757061323 0.259453404536696 -1.28080337947762e-06 0.000617629256341908 0.00123225200415461
90600 0.00904765431505666 -0.0499550054031048 0.901205664150336 0.260359162497239 -1.11088127648312e-06 -2.19428740365205e-05 0.000938338467710555
90700 0.00904765431505666 -0.0487251260889454 0.902867977810193 0.261308746075505 -7.00923989261221e-06 -0.000619672708596053 -0.00105196882900728
90800 0.00904765431505666 -0.0475736928447204 0.904507053732088 0.262224726186656 -4.64972969982821e-06 -0.00019529104167343 -0.00142483672825567
90900 0.00907324816423675 -0.0468855672716941 0.905893192472649 0.262902650662567 1.42402105317662e-06 0.000552830923194353 0.000456201239808233
91000 0.00907324816423675 -0.046599555580764 0.907062090348532 0.263352284992948 -4.48010619944105e-06 0.000407303926617618 0.0014768912937442
91100 0.00907324816423675 -0.0468207358329136 0.908039839240328 0.263584214592066 -9.02509359771009e-06 -0.00042435929098129 1.91004230205265e-05
91200 0.00909964182120379 -0.0475658333931567 0.908740745705925 0.263538243732885 -4.26075035295245e-06 -0.000565244323714622 -0.00151354072496911
91300 0.00909964182120379 -0.0485439632773535 0.909340910411694 0.263369076984203 1.31609082916107e-07 0.000230457042779668 -0.000773321754913008
91400 0.00912813497361126 -0.0494658120226177 0.909992021365845 0.263253609449144 -6.03395654982259e-06 0.000646706604639945 0.00119847368229255
91500 0.00912813497361126 -0.0497970068217054 0.910919254640676 0.263424490622969 -3.13581541672746e-06 2.33404172030922e-05 0.00113031169812617
91600 0.00912813497361126 -0.0501698253238676 0.911795839695955 0.2635671729357 -4.07286599396821e-06 -0.000617306491715996 -0.000929751831626948
91700 0.00912813497361126 -0.0508108914906923 0.912477964483511 0.263561901671355 -4.1354237255865e-06 -0.000231492764657019 -0.00153229769669562
91800 0.00915922750132617 -0.0516821143789049 0.913032244993628 0.263426250181494 -1.878647606239e-06 0.00052900975616373 0.000302948644077666
91900 0.00915922750132617 -0.0524312284518359 0.913688333971655 0.263375386089042 -1.00031885239209e-05 0.000438769353575494 0.0014401028319489
92000 0.00915922750132617 -0.0527884161419296 0.91456234855241 0.263529288914419 -6.29054653141647e-06 -0.00035512491983964 0.000220436185699676
92100 0.00918982014917423 -0.0533185693412357 0.915393450101508 0.263614835476092 -4.05934665942092e-06 -0.000576098564202464 -0.00141861716755227
92200 0.00918982014917423 -0.0541335281788805 0.916049421205044 0.263549851018179 -3.97065827384919e-06 0.00014311730710355 -0.000959287083403052
92300 0.00921621380614111 -0.0547522871350094 0.916780187189554 0.263558597309847 -4.4264497870852e-06 0.000630006712270457 0.0010651121569587
92400 0.00921621380614111 -0.0551186252267808 0.917681925663798 0.263741970586758 -6.84990840270086e-06 9.09049027850189e-05 0.00128147675803264
92500 0.00921621380614111 -0.0559067401234265 0.918364158129237 0.263689119506995 -6.48045362000423e-06 -0.000595820963627993 -0.000787797156706936
92600 0.00924170767934782 -0.0566079605850575 0.919101313628349 0.263679627493733 -8.59480175332123e-06 -0.000278668489341856 -0.00158701037096833
92700 0.00924170767934782 -0.0570178052944818 0.919944726237807 0.26383627131822 -6.17338111234383e-06 0.000503833953112966 0.000135900066723649
92800 0.0092669016246346 -0.0577275697974386 0.92066243825886 0.263809308013982 -5.33152480713956e-06 0.000439337019469336 0.001437658347743
92900 0.0092669016246346 -0.0582905490478323 0.921486351269619 0.263905231321246 -9.62143582174638e-06 -0.000328541017619892 0.000401240376513617
93000 0.0092669016246346 -0.0588295374811372 0.922266684075549 0.2639743911535 -1.06826612674795e-05 -0.000545492035858869 -0.00139867423689107
93100 0.00929209556992121 -0.0596330410547334 0.922914463018862 0.263896855397661 -1.15474804695732e-05 0.000118357343189708 -0.00104000040653652
93200 0.00929209556992121 -0.0600970097122363 0.923778947241233 0.264058183294566 -8.09839106139087e-06 0.000580237807356471 0.000960352535998623
93300 0.00931678963534097 -0.0607792869535468 0.924496532284565 0.264024255703907 -7.3376708479216e-06 0.000115304279386671 0.00133679068373678
93400 0.00931678963534097 -0.0615160137038564 0.925167233996107 0.264014526217061 -7.23118749300294e-06 -0.000523802858384912 -0.000618807162613101
93500 0.00931678963534097 -0.0619602878391826 0.926028693026981 0.264141672820635 -8.22433785115182e-06 -0.000321370916535316 -0.00159804541705484
93600 0.00934168365270764 -0.0626305204799206 0.926754969060195 0.264139396015871 -6.3845166292971e-06 0.000420235356150326 -8.31164303863409e-05
93700 0.00934168365270764 -0.0632463874568351 0.927489171533977 0.264195328649989 -6.16495152233464e-06 0.000455371639986925 0.00143168670960489
93800 0.00936667764604751 -0.0638299300627634 0.928252635002487 0.264203641827718 -1.27407582773509e-05 -0.000265872843547819 0.000621775291418684
93900 0.00936667764604751 -0.0644837596254567 0.928985574812555 0.264258665164003 -1.1368060518867e-05 -0.000527470284627817 -0.00131898564653527
94000 0.00936667764604751 -0.0650413488348891 0.929765489451779 0.264299190129307 -1.2684093543791e-05 6.11576657497252e-05 -0.00127994526955092
94100 0.00939217151925422 -0.0656565933418383 0.930482398368233 0.264309139111509 -1.09813969482249e-05 0.000534155307715465 0.000848366839702973
94200 0.00939217151925422 -0.0661626862315376 0.93127998021351 0.264429523231835 -8.45674672208661e-06 9.29010919790738e-05 0.00155052197721261
94300 0.00941876512816801 -0.0667614698304829 0.932039950397711 0.264422751657599 -1.1840833814727e-05 -0.000494639751313592 -0.000398940025478231
94400 0.00941876512816801 -0.0673345746536167 0.932758191743607 0.264491288771175 -8.97971152977215e-06 -0.000264459175595921 -0.00180209766071863
94500 0.00941876512816801 -0.0679151873627933 0.933525409330347 0.264505056027211 -9.57564897960886e-06 0.000367052760184242 -0.000219470557946979
94600 0.009446858376682 -0.0684495151569069 0.934287199247151 0.264563655927295 -1.04321856298716e-05 0.000361116721351124 0.0015959021992555
94700 0.009446858376682 -0.0689902830492279 0.935038774732834 0.264619409220245 -7.74273917179804e-06 -0.000240794498605555 0.000650295188235568
94800 0.009446858376682 -0.0695200878153162 0.935826119792495 0.264642306045673 -1.39767285117485e-05 -0.000437527920390499 -0.00130057972517849
94900 0.00947535152908963 -0.0699503601409008 0.936633723593773 0.264789316198628 -8.32910412896392e-06 3.70519772441906e-05 -0.00113957406578775
95000 0.00947535152908963 -0.0705161781514775 0.937437542078711 0.264799154282738 -7.97085177615444e-06 0.000435510237440031 0.000611168676547359
95100 0.00947535152908963 -0.0710524466548821 0.938165749838294 0.2648444472109 -7.7619770111851e-06 0.000102566071760481 0.00136497936364257
95200 0.00950334480163025 -0.0714942162055791 0.93903032642126 0.264967494656888 -3.727642680678e-06 -0.000437022974232628 1.96964424663075e-05
95300 0.00950334480163025 -0.0719822223994489 0.939861115902531 0.265019047303093 -8.59730717562954e-06 -0.000266714272825707 -0.00162291941024879
95400 0.00950334480163025 -0.0724547300863857 0.940638798258752 0.265117267346158 -3.52965007378642e-06 0.000311545567422735 -0.000718140527754344
95500 0.00953213788195783 -0.0728554691763974 0.941563206069813 0.265235120379354 -6.03085143810761e-06 0.000321205613676259 0.00150477360943488
95600 0.00953213788195783 -0.0732769523980545 0.942388965480277 0.26535256324674 -5.4366379610051e-06 -0.000236605617920501 0.00110727561437205
95700 0.00953213788195783 -0.0737404705976316 0.943246789681231 0.265440720775348 -4.66249249070216e-06 -0.000432918223447232 -0.00127784146188388
95800 0.00956153081812562 -0.0741041675103259 0.9441178551009 0.26556776133733 -6.35918707070891e-06 6.05812083714745e-05 -0.00149125649379924
95900 0.00956153081812562 -0.0745184810632462 0.944963455473806 0.265703281228354 6.02569443223955e-07 0.00040148759587463 0.000645666629608657
96000 0.00956153081812562 -0.0749518708599283 0.945906881885579 0.265799337989524 -3.37828493537681e-06 3.89245925609957e-05 0.00151918951419498
96100 0.00959172356208021 -0.075300421775994 0.946704707719224 0.265949170695265 -6.76048441244372e-06 -0.000428796761278672 -2.94778921241833e-05
96200 0.00959172356208021 -0.0755756824814355 0.947723592341302 0.266151469237212 -8.85911788329022e-06 -0.000210820641253985 -0.00156478378513276
96300 0.00959172356208021 -0.0760556143743903 0.948591493046629 0.266239757759708 -3.27128808348943e-06 0.000303836717255769 -0.000648882693597041
96400 0.00962231620992827 -0.0763337706503249 0.949469467779879 0.266430320503284 -7.42853296063508e-07 0.000284708348879644 0.00119004795286747
96500 0.00962231620992827 -0.076624814602885 0.950532501080716 0.266621643432763 -4.83483874922996e-06 -0.000257525676075799 0.00109817277443254
96600 0.00962231620992827 -0.0770026184692786 0.95141825314359 0.266801080825748 -5.19566019970727e-06 -0.000426262629748213 -0.000694807632842297
96700 0.00965420854543013 -0.0772639686508244 0.952443992196734 0.266992140327787 -1.58377707756547e-06 0.000107016367590043 -0.00157819050512504
96800 0.00965420854543013 -0.0775718470336825 0.953411054514479 0.267193666401813 5.14451666520805e-07 0.000403488813036127 5.57225804405136e-05
96900 0.00965420854543013 -0.0779339171340394 0.954401104656751 0.267389478037125 -2.15932639315131e-06 -1.61665302447111e-05 0.00170487175990131
97000 0.00968780047247894 -0.0782602049802556 0.95542371132025 0.267548269623053 -2.92436404259987e-06 -0.00045858106966645 0.000490860882692171
97100 0.00968780047247894 -0.0783916894267989 0.956481250406641 0.267886719218956 -6.82969670909962e-07 -0.000184458286330578 -0.00174061556880205
97200 0.00968780047247894 -0.078622568641347 0.957637225018631 0.268125155855867 2.22402657654246e-06 0.000382423270258291 -0.00104031551500942
97300 0.00968780047247894 -0.078910798683962 0.958642271034354 0.268358594241873 6.24722093635252e-06 0.000223535480569238 0.00134811312967533
97400 0.00972309199107487 -0.0790869438825231 0.959763230827776 0.268663722789452 -1.03810128839442e-06 -0.000335444352059505 0.00129099590696026
97500 0.00972309199107487 -0.079204959612828 0.960936854979796 0.268957470443522 6.57784167200711e-07 -0.000375844696128295 -0.000785095415193799
97600 0.00972309199107487 -0.0793753557459209 0.96204557339777 0.269300637083068 9.08360939299549e-06 0.000157907698166094 -0.00153172126347653
97700 0.00972309199107487 -0.0794514841527843 0.963351100503607 0.269641160121193 4.76409252121653e-06 0.00040295451681318 2.26298116588428e-05
97800 0.00976038302913802 -0.0792718525603498 0.964543093155076 0.270120057197392 5.26968845525946e-06 -7.1596280574063e-05 0.0014857973525213
97900 0.00976038302913802 -0.0791110572580446 0.965962025057522 0.27061784936198 1.03541555987422e-06 -0.000474855095738542 0.000642814804075082
98000 0.00976038302913802 -0.0783551340215282 0.967604667755946 0.271391838704623 2.9463477935194e-06 -0.000153011250453746 -0.00131861833954238
98100 0.00979707421136112 -0.0768303068873412 0.969575583942786 0.27260587032723 1.66866596207879e-05 0.000407818868481843 -0.00127212504286967
98200 0.00979707421136112 -0.0750753154352777 0.971829695574286 0.273896553333955 6.79293485613448e-06 0.000256551936209827 0.000891721359093452
98300 0.00979707421136112 -0.0729491143034281 0.974085769252862 0.275404519452565 3.49803854874378e-07 -0.000408424315945357 0.00163475765046679
98400 0.00979707421136112 -0.0707422658596524 0.976627798237393 0.27697969058881 5.09558042816965e-06 -0.000391945248975697 -0.000408024231705467
98500 0.00983166589814363 -0.06892153894348 0.978710555268837 0.278291142651194 1.09649263734465e-05 0.000247885081670854 -0.00182055507654696
98600 0.00983166589814363 -0.067407324193867 0.980752997995933 0.279484226341692 1.36859721978729e-05 0.000437074233028256 -0.000178466131308245
98700 0.00983166589814363 -0.0654402075978753 0.983191511566642 0.280940850565194 4.11525523232312e-06 -0.000119185588089947 0.00166253275808688
98800 0.00986515784921907 -0.0631261918949758 0.985484716609285 0.282537910557479 -1.99016515900529e-07 -0.000504706273950295 0.00070509540304441
98900 0.00986515784921907 -0.0611361166051639 0.987911832694562 0.283957479828391 2.37284115309268e-06 -7.38795041896031e-05 -0.00131482091217103
99000 0.00986515784921907 -0.0590314891755385 0.99025220838476 0.285490249767971 1.63838636319031e-05 0.000439200500124746 -0.00122606918890084
99100 0.00986515784921907 -0.0570401088619647 0.992600024081447 0.286938441701495 8.3189171710127e-06 0.000218056734549562 0.000753842182508175
99200 0.00989874977626788 -0.0551229395700088 0.99485547327419 0.288303112855637 -2.28010405115056e-06 -0.000397021201264124 0.00152624085236856
99300 0.00989874977626788 -0.0526911606996667 0.99730736690878 0.289990369940048 5.50993957538464e-06 -0.000390314218531259 -0.000264713265293749
99400 0.00989874977626788 -0.0504247179970749 0.999942214736348 0.291584391010282 8.37105017022601e-06 0.000245756677658758 -0.00167000804713096
99500 0.00993354141499712 -0.0483363631401452 1.00212834765319 0.293062533527212 1.39436753896526e-05 0.000457462046015551 -0.000378018392944352
99600 0.00993354141499712 -0.046067609788438 1.00463658441128 0.29461854453632 3.39939876174758e-07 -0.000100479958903123 0.00151791834979653
99700 0.00993354141499712 -0.0435671792917962 1.00728603494521 0.296352689411649 -5.0505405189869e-06 -0.000523608675315067 0.000906031369872505
99800 0.00996833305372637 -0.0414515332408807 1.00949412081383 0.297830289934218 4.44134354597783e-06 -9.85464288924568e-05 -0.00118632174170738
99900 0.00996833305372637 -0.0395006648389411 1.01190356310023 0.299202166472855 1.09488847928316e-05 0.000470126161094813 -0.00132354642704389
100000 0.00996833305372637 -0.0368461266613336 1.01445732024497 0.301024472375405 6.68431927032384e-06 0.000226637614287861 0.000586059280666945
100100 0.00996833305372637 -0.0345918507460985 1.01702234299166 0.302581694955659 -9.84053584923435e-06 -0.000392462944587757 0.00153401201584744
100200 0.010002724788562 -0.0325337412531147 1.01920135650881 0.30399648477002 -4.03947441602478e-06 -0.000398069284016552 -5.12940374653698e-05
100300 0.010002724788562 -0.0300408086673768 1.02173375254456 0.305705460135071 7.9532357300948e-06 0.000227040482515507 -0.00163021147332961
100400 0.010002724788562 -0.0277195279744738 1.02438081014947 0.307307273943335 1.10715708842012e-05 0.000451945420513837 -0.000563275042564836
100500 0.0100376164032646 -0.0255494206044156 1.02647810301231 0.308799554123489 9.95817547072341e-07 -0.000100031006726392 0.00139407392242299
100600 0.0100376164032646 -0.0233707675135094 1.02903066517377 0.310292728367785 -9.22330549934638e-06 -0.00050069782456268 0.00109280264553251
100700 0.0100376164032646 -0.0209627252321015 1.03151033174225 0.311978752942489 5.62969719010143e-06 -0.000134715988547085 -0.00110405882161915
100800 0.0100376164032646 -0.0188780439078979 1.03385510237781 0.313439238161241 1.04596256330752e-05 0.000426436213968046 -0.00143489933481212
100900 0.0100724080419938 -0.0168021401648708 1.03617515785455 0.314842135068097 1.05908253391477e-06 0.000273776088402612 0.000560323251950634
101000 0.0100724080419938 -0.0145151923211176 1.03856739383873 0.316491873286527 -6.71193566268415e-06 -0.000374840462615878 0.00153416708810797
101100 0.0100724080419938 -0.0125263681501762 1.04114323156493 0.317907043530626 -3.77361474368206e-06 -0.000456867873254325 -3.67585191035971e-05
101200 0.0101070997047495 -0.0104816919628549 1.0433451563326 0.319381172209362 3.97919594137366e-06 0.000177723152755471 -0.0014967005402886
101300 0.0101070997047495 -0.00836185491926014 1.04600482985728 0.320936488641233 7.20497683597793e-06 0.00047784396833882 -0.000561854661867109
101400 0.0101070997047495 -0.00638943381181672 1.0484243090339 0.322386661829537 -6.18284244667898e-07 -6.79756478038008e-05 0.0012016980687964
101500 0.0101070997047495 -0.00478794887215403 1.0503617988504 0.32359347033057 -6.01603812510159e-06 -0.000522289455808314 0.00101271767617044
101600 0.0101435909350259 -0.00326982572367086 1.05234590879138 0.324668743919885 2.36238932895509e-07 -0.000198761351561646 -0.000731764858232257
101700 0.0101435909350259 -0.00173702752479892 1.05400449287489 0.325825491163179 4.88287548910746e-06 0.00039910516169555 -0.00141160790221395
101800 0.0101435909350259 -0.000565752134667292 1.05579332349092 0.326709183913393 1.57833715815971e-06 0.000313336972583135 0.0002064117079809
101900 0.0101435909350259 0.000636667625966049 1.0574676338068 0.327697771302357 -6.32508609447649e-06 -0.00036259768249456 0.00155221030832154
102000 0.0101840812042365 0.00189245566381254 1.05927848521024 0.328715724956792 -3.13379720607507e-06 -0.000509992854531894 0.000319971357106622
102100 0.0101840812042365 0.00301427237737581 1.06127684198038 0.329695312533017 3.04120770604314e-06 0.000124937325139196 -0.00145359540372747
102200 0.0101840812042365 0.00386865225433347 1.06276793619211 0.330528018012121 1.61579306907949e-06 0.00049168868308319 -0.000758428346092245
102300 0.0101840812042365 0.00464470618181047 1.06454275986701 0.331276382261565 -3.59121189348686e-06 -2.66255936610877e-05 0.00110265335172904
102400 0.010223671689687 0.0054931504951902 1.06606967739796 0.332138995165202 -9.80094939918704e-06 -0.000574767830676808 0.00115670724086313
102500 0.010223671689687 0.00608318053692087 1.06769872801392 0.332813251248886 -5.88499426685954e-06 -0.000236883314100194 -0.000665927627292454
102600 0.010223671689687 0.00641861585980306 1.06915714648814 0.333385708169708 -3.88980098727337e-07 0.00040102460053502 -0.0013151456862688
102700 0.010223671689687 0.0069780346114471 1.07055147018407 0.334070200149953 -2.44774421899214e-06 0.000309061739249523 4.88873888141032e-05
102800 0.0102616625595638 0.00712950849938601 1.07192963605859 0.334489144856196 -3.63456432947863e-06 -0.000375635530834506 0.00134757153406056
102900 0.0102616625595638 0.00723594273459227 1.07312140335929 0.334982979617847 -9.13515733095894e-06 -0.000528326415815195 0.000489460074591048
103000 0.0102616625595638 0.00717729111950501 1.07436753925714 0.335290649433433 -5.33866442752595e-06 0.000103427680803174 -0.00118329893831222
103100 0.0102616625595638 0.00705212015828782 1.07553064412654 0.335675624541037 -1.17588869892588e-06 0.000448238556377753 -0.000956059914797817
103200 0.0102988536216535 0.00671495440698419 1.07646023220411 0.335854888320948 -4.11273946412324e-06 -1.8588131303061e-05 0.000832170300451984
103300 0.0102988536216535 0.00627689793548673 1.07750574828968 0.335991486009042 -4.61021833170002e-06 -0.000541757087559517 0.00130015357467738
103400 0.0102988536216535 0.0058303073460243 1.07839391596104 0.336204014457274 -8.18263264585751e-06 -0.000281681368226808 -0.00027289904201157
103500 0.0103346450201163 0.00522341281839303 1.07931185907828 0.336216246586918 -4.18920175387047e-06 0.000349965343594425 -0.0014449946212571
103600 0.0103346450201163 0.00427264326714047 1.07998034318417 0.336150287686543 1.11303202808507e-06 0.000294371922333459 -0.000283543491297954
103700 0.0103346450201163 0.00350586814502667 1.0807336177719 0.33610899670192 -1.5779071234174e-06 -0.00035324000010621 0.00141679454732847
103800 0.0103346450201163 0.00281018476081872 1.08164903524436 0.336156579771784 -1.02419407609574e-05 -0.000518334753730363 0.000819926800508553
103900 0.0103690367549521 0.00182434714942186 1.08220712769595 0.336045715244193 -1.34700292293987e-05 7.66600080431835e-05 -0.0011294884575694
104000 0.0103690367549521 0.0005250244869424 1.08272264658063 0.335683856527078 -8.96182756177372e-06 0.000423769294373609 -0.00116231965421745
104100 0.0103690367549521 -0.000476564066634626 1.0834312133345 0.335638751580446 -4.14789282702666e-06 -1.98835346552257e-05 0.000729109198542157
104200 0.0104034284897878 -0.00180683234182391 1.08385513824208 0.335284794526959 -9.94392989827206e-06 -0.000537708030186108 0.00131214556506901
104300 0.0104034284897878 -0.00323705147477015 1.08430020950009 0.33491157248023 -1.63502636449134e-05 -0.000288680688116797 -0.000153531952528126
104400 0.0104034284897878 -0.00446016342712964 1.08484475364505 0.334716946875377 -7.23950889372574e-06 0.000329121379015744 -0.00117694985519772
104500 0.0104366205129432 -0.00576007545464081 1.08535914958472 0.334377757892489 -6.66225654242192e-06 0.000300704244022781 -0.00048161745994079
104600 0.0104366205129432 -0.00734095688545362 1.08568585211496 0.33397617203146 -8.33889928023647e-06 -0.000338111435655612 0.000926315148303872
104700 0.0104366205129432 -0.00884445170936263 1.0860969828695 0.333557040771922 -1.08467077924713e-05 -0.000533446759349279 0.00103136042874318
104800 0.0104366205129432 -0.0100811307055106 1.08665547327966 0.333316955617186 -1.63120692690385e-05 6.1701048699803e-05 -0.000531917393568161
104900 0.0104690127283117 -0.0115908573726955 1.08705605729457 0.33294064742007 -6.11408804950548e-06 0.00045073724740845 -0.00136442883560479
105000 0.0104690127283117 -0.013109922554915 1.08746537426008 0.332494431980498 -5.86229353276204e-06 -2.88655469769499e-05 0.000164292945916007
105100 0.0104690127283117 -0.0144776223842452 1.08796777825137 0.332230120413905 -1.37421392298189e-05 -0.000566873619631446 0.00148566114973649
105200 0.0105009050638134 -0.0158622968709597 1.0885093801173 0.331890355025504 -1.58023174302656e-05 -0.000246904956155384 0.000255047002429942
105300 0.0105009050638134 -0.0174060874808303 1.08886097943347 0.331460537715826 -9.97322938034698e-06 0.000380911215998136 -0.001306733297242
105400 0.0105009050638134 -0.0187958573385498 1.08940600341071 0.331157484783119 -6.93412033700164e-06 0.000257865598147918 -0.000587993363507378
105500 0.0105325974473685 -0.0199555503257407 1.09005423661264 0.330944591931935 -1.68343006147318e-05 -0.00037020041723012 0.000916670336526726
105600 0.0105325974473685 -0.0212769564020061 1.0905509932947 0.330646187265568 -1.93110807307252e-05 -0.000487825924062584 0.000919463610894805
105700 0.0105325974473685 -0.0225003497470666 1.0912144407534 0.330413019947448 -1.68148834002185e-05 0.000111388326224846 -0.000429412717426853
105800 0.0105648896867637 -0.0235270803091854 1.09190785703118 0.330287587710454 -1.09723035190664e-05 0.000450465444438795 -0.00104411844423569
105900 0.0105648896867637 -0.0246744147581448 1.09259164730421 0.330089356295484 -1.31834648349637e-05 -5.63571804252816e-05 -7.2454235211763e-05
106000 0.0105648896867637 -0.0259000148008264 1.0931605567785 0.32982598649405 -1.66382778502019e-05 -0.000555560969429908 0.00115253814049597
106100 0.0105969819742122 -0.0270254781290436 1.09387812918019 0.329656372524621 -1.70904791755824e-05 -0.000232243303614371 0.000681377041083452
106200 0.0105969819742122 -0.0280269752556911 1.09462886631242 0.329536386961475 -1.72264060620723e-05 0.000424539955630144 -0.000965315432976675
106300 0.0105969819742122 -0.0291955935319682 1.095249969747 0.329305955125197 -1.29007328034897e-05 0.000306611985020617 -0.0010209466192234
106400 0.0105969819742122 -0.0302526094148276 1.09597002936261 0.329152244765709 -1.38874479820266e-05 -0.000440135911591761 0.000645417985398711
106500 0.0106292742136073 -0.0311454575793608 1.09679695083131 0.329097784318025 -1.5137018317999e-05 -0.000533720515957873 0.00129023898029775
106600 0.0106292742136073 -0.0322256824334521 1.0974808631897 0.328920553234291 -1.40528212561985e-05 0.00023095447486805 -0.000125805467670362
106700 0.0106292742136073 -0.0332392993727561 1.0982074144246 0.328777123531067 -1.17061476911632e-05 0.000536410762343288 -0.00132348409254411
106800 0.0106614664770291 -0.0340636849643859 1.09908409858979 0.328759980516955 -1.46530217795782e-05 -0.000159965073038341 -0.000314935464680202
106900 0.0106614664770291 -0.0348644822669299 1.09994162361389 0.328758129438454 -2.1556215950668e-05 -0.000654659205914311 0.0011675549618849
107000 0.0106614664770291 -0.0358458186174843 1.10062432496898 0.328595491683034 -2.15973828132555e-05 -8.6337141306567e-05 0.000820939417783817
107100 0.0106939586683711 -0.0366459910311543 1.10153333093133 0.328601198105102 -1.25786473004125e-05 0.000556553211834818 -0.000764117195050632
107200 0.0106939586683711 -0.0373259270038134 1.10244620905805 0.328653442913751 -1.39731886197634e-05 0.000187174737397932 -0.00107356588203708
107300 0.0106939586683711 -0.0381659235512285 1.10321721041966 0.328578819441306 -2.15097944272438e-05 -0.000551505106386365 0.000391757556769604
107400 0.0107270507155532 -0.0391377368922378 1.10400668050087 0.328480717272414 -2.53696485932482e-05 -0.000418260551495924 0.00126615424761627
107500 0.0107270507155532 -0.0395651921970557 1.10504049166392 0.328648492926324 -1.68767052434205e-05 0.000372450331000165 0.000200082776414341
107600 0.0107270507155532 -0.0402367984345857 1.10589842103747 0.328689690879836 -1.47423773824848e-05 0.000492712530334238 -0.00116279875708212
107700 0.0107270507155532 -0.0407558341145699 1.1068500977457 0.328780380406817 -2.53511512769224e-05 -0.000280101601098056 -0.000611963241704797
107800 0.0107622422581757 -0.0408503781308113 1.10806261564085 0.329138838497799 -2.68529979473953e-05 -0.00061606112079596 0.000939100651863979
107900 0.0107622422581757 -0.0405165407020617 1.10945267756562 0.329702199610801 -2.3053309306095e-05 6.42675895874273e-05 0.00105897250664142
108000 0.0107622422581757 -0.0395469751001969 1.11112044506013 0.330548049836999 -1.64308789484262e-05 0.000616953395534319 -0.000527084603639393
108100 0.010798433560532 -0.0371631300644745 1.11351023509228 0.332177050920941 -1.97802134993842e-05 8.80206448050911e-05 -0.00120076781284578
108200 0.010798433560532 -0.0338240903404445 1.11646236003769 0.334286684096248 -3.00437659873174e-05 -0.000632899322337302 3.04926028276324e-05
108300 0.010798433560532 -0.0302153724750435 1.1194202630825 0.336507143252035 -2.83275676507094e-05 -0.000276958276770794 0.0013152674121332
108400 0.010798433560532 -0.0265226877468029 1.12253497758152 0.338806561570948 -2.15347362611941e-05 0.000536672318937532 0.000505597100678113
108500 0.0108321254635542 -0.023472764248766 1.12522078201996 0.340746590587402 -2.10150026282179e-05 0.000408846771862344 -0.00103885980690433
108600 0.0108321254635542 -0.021118631522023 1.12756442377463 0.342335726462228 -3.14849629490939e-05 -0.000437531708747955 -0.000907391654746844
108700 0.0108321254635542 -0.0185397112549621 1.13004316120692 0.344002066376741 -3.60102995412359e-05 -0.000532214996481805 0.000847282879142729
108800 0.0108638178471093 -0.0148914212625452 1.13302226644756 0.346285447061249 -3.04292108827628e-05 0.000270693989836385 0.00123651116892745
108900 0.0108638178471093 -0.0114783414204378 1.13595329595982 0.34841328579123 -2.32239100423479e-05 0.000587115171806438 -0.000351858417687867
109000 0.0108638178471093 -0.0088489914550794 1.13836205634266 0.350094295885166 -2.92720408360753e-05 -9.21951650885175e-05 -0.00128601719873446
109100 0.0108949103748242 -0.00604659399162272 1.14093734702739 0.351943000419822 -4.22328513554e-05 -0.000623034515349684 -7.57084233393663e-05
109200 0.0108949103748242 -0.00287853175164448 1.14371312706041 0.353933310943553 -3.9413038049373e-05 -0.000109224831585351 0.00135643198364124
109300 0.0108949103748242 0.000276220764096859 1.14638011490138 0.355911840110438 -2.7472178018587e-05 0.000596643645133966 0.000564509954539713
109400 0.0109245032629386 0.00307060425776065 1.14891449623973 0.357686716044476 -2.74608811350719e-05 0.000279993834808281 -0.000950904944423601
109500 0.0109245032629386 0.00623561747879752 1.15163707939334 0.359699897521898 -4.04727819832842e-05 -0.000524788727865951 -0.000995979146157468
109600 0.0109245032629386 0.00932667665585643 1.15433167506183 0.361654878086927 -4.84695955901948e-05 -0.000435905651361035 0.000647767927733375
109700 0.0109548959588399 0.0124307534207726 1.15693627535939 0.363548551725771 -3.1197787607973e-05 0.00039392079547671 0.00123009779025699
109800 0.0109548959588399 0.0155476627093608 1.15964182404607 0.365567705133983 -2.95970052727947e-05 0.000527582603282407 -4.28441168188788e-05
109900 0.0109548959588399 0.0185738310366608 1.1623112165023 0.367460673698225 -4.03261917368615e-05 -0.000235146658604404 -0.00131481015420471
110000 0.0109864883664217 0.0217333633890667 1.16484207342015 0.369377582488503 -4.8746746589747e-05 -0.000593309530866687 -0.00038192188982303
110100 0.0109864883664217 0.0249484822894763 1.16766964111096 0.371434509944042 -4.40683949546335e-05 2.82451684133817e-05 0.00129851063665719
110200 0.0109864883664217 0.0281211686779961 1.17032614559656 0.373385972907586 -3.05941748452918e-05 0.000584004716259299 0.000869319761374151
110300 0.0110173809421898 0.031308390023441 1.17291890812502 0.375349459554571 -3.66141197395829e-05 0.000135805145408098 -0.000975513653183091
110400 0.0110173809421898 0.0343304293170584 1.17555956724353 0.37722571221266 -4.52186111860852e-05 -0.000586370412968141 -0.00112970865417158
110500 0.0110173809421898 0.0377018383247801 1.17831793920609 0.379327594152 -4.64872820349288e-05 -0.000327855973882934 0.000585859867831435
110600 0.0110481735419846 0.0408918601473424 1.18095951345018 0.381269574122247 -3.94655546477186e-05 0.00045948633053666 0.00136850826819854
110700 0.0110481735419846 0.0439126330714118 1.18348820053373 0.38312263631398 -3.12135085931586e-05 0.000422820256483306 -4.98207079422626e-05
110800 0.0110481735419846 0.0473594920463576 1.18632994929455 0.385268474353159 -3.90221619603973e-05 -0.000383408580424508 -0.00126069334524445
110900 0.0110481735419846 0.050658526580319 1.18905008415441 0.387262194615985 -4.74475781772112e-05 -0.00056054791785261 -0.000471685467112559
111000 0.0110802658294331 0.0535158774920571 1.19139082685888 0.389014331258224 -4.55793183638382e-05 0.00019448546338763 0.00123076380371201
111100 0.0110802658294331 0.0569393134439753 1.19423243799797 0.391116684766808 -3.61717497484415e-05 0.000537211054878941 0.000994235536965366
111200 0.0110802658294331 0.059928274821374 1.19670401469076 0.392941261296957 -3.25076135798452e-05 -8.20631842015099e-05 -0.000862723614755524
111300 0.0111128579967483 0.0627434143544226 1.19906205097559 0.394671120540769 -4.29482886990299e-05 -0.000569573479918779 -0.00129744257717866
111400 0.0111128579967483 0.065937656823597 1.20166413515674 0.39659973501074 -4.91787841065108e-05 -0.000159042900590783 0.000526588075459729
111500 0.0111128579967483 0.0688439727213168 1.20411914660309 0.398422294167199 -4.36509359398665e-05 0.000474028263380273 0.00148470709639378
111600 0.0111467498517173 0.0717414226225924 1.20652258783382 0.400165480038963 -3.25930131206952e-05 0.000261221939426237 -3.09878558087247e-05
111700 0.0111467498517173 0.0743824733373437 1.20882191103614 0.401818144413047 -3.63792416642947e-05 -0.000448726036016933 -0.00129522422432834
111800 0.0111467498517173 0.0772562349078826 1.21141663857774 0.403656764908611 -4.92939385147269e-05 -0.000441074819232834 -0.000393504245038426
111900 0.0111467498517173 0.0798353863440648 1.21378049626807 0.40527749212509 -4.58163394245427e-05 0.000282538085930476 0.00116212383351105
112000 0.0111815414904465 0.0821611927812336 1.21590477605129 0.40677586254057 -3.60969763973832e-05 0.000464066790513735 0.000816744671551182
112100 0.0111815414904465 0.0846904939699452 1.21823899549471 0.408378806959915 -3.10784712804912e-05 -0.000211683261638845 -0.000599340091980072
112200 0.0111815414904465 0.0869555152745007 1.22034575839363 0.409854242272887 -4.62869422448418e-05 -0.000547647386821177 -0.0011079440486887
112300 0.0111815414904465 0.0889007986780526 1.22235589246106 0.411142604204774 -5.3011275972961e-05 1.14531692356691e-05 0.000258460118647523
112400 0.0112194323843497 0.0908308923624377 1.22425447286134 0.412410242741006 -4.01891280290767e-05 0.000476796168547937 0.00134462012937638
112500 0.0112194323843497 0.0927846758203798 1.22626354379908 0.413742647783766 -3.53435596109394e-05 9.00118662317605e-05 0.000330251172025917
112600 0.0112194323843497 0.0943834971163348 1.2280971931468 0.414851965185241 -3.76431809435883e-05 -0.000485470083361862 -0.00129553282610758
112700 0.0112535241912654 0.0960995912060878 1.22988263427979 0.416031256249212 -5.29161430051735e-05 -0.000254644579809947 -0.000794049758887659
112800 0.0112535241912654 0.0976045967302476 1.23173345850043 0.417127483154957 -4.76865899915831e-05 0.000350968366884628 0.00129299427745221
112900 0.0112535241912654 0.0989098184308917 1.23338539717349 0.418115516202182 -3.62949941330056e-05 0.000307488350038317 0.00118333338055703
113000 0.0112867162144209 0.0998797123312692 1.23482985386928 0.41889799688168 -3.79743984412117e-05 -0.000292423658409447 -0.00081286617237369
113100 0.0112867162144209 0.100798112785175 1.23638039948641 0.419697989266345 -4.36113297071114e-05 -0.000415402987201874 -0.00145080574613157
113200 0.0112867162144209 0.101767451712844 1.23789369218679 0.420549763331441 -5.0802540621761e-05 0.000140351833859626 0.000535248491069075
113300 0.0112867162144209 0.102488207300107 1.23938703729339 0.421255901927404 -4.27244537511043e-05 0.000412335323480204 0.00153360460911383
113400 0.0113202081654963 0.102949056146366 1.24058655099992 0.421801985051677 -3.99535599265203e-05 -3.15075309430416e-05 0.000131784697750879
113500 0.0113202081654963 0.103346644367652 1.24189151992525 0.422360629406435 -4.00878722210007e-05 -0.00047808137106207 -0.00136521708527034
113600 0.0113202081654963 0.103522137247489 1.24307330785392 0.422791451603001 -4.3975958719108e-05 -0.000104194388329957 -0.000518967536876544
113700 0.0113509007893177 0.103467801384097 1.24405932809813 0.423096555500116 -4.72019366818562e-05 0.000435525600719263 0.00119974644477005
113800 0.0113509007893177 0.103516751305712 1.24521913887895 0.423464315690549 -4.10151428857567e-05 0.000167650132883622 0.000999687304852026
113900 0.0113509007893177 0.103528150858736 1.24627530662556 0.4238280179292 -4.07087101362857e-05 -0.000384739314194445 -0.000666129496801494
114000 0.0113809935572991 0.103048749090375 1.2471785807529 0.423952124287884 -4.22388775724928e-05 -0.000293609039801266 -0.00125984785400193
114100 0.0113809935572991 0.102504397806537 1.24793727584255 0.423984718358283 -4.807310866476e-05 0.000306409981895628 0.000341615866764002
114200 0.0113809935572991 0.10188909943224 1.24874825454156 0.424058450134847 -4.28437072364478e-05 0.000348471095883528 0.0014834648709407
114300 0.0114092867577598 0.101012394241779 1.2494488092592 0.423957231624088 -4.06624253958315e-05 -0.000239316391446214 0.000282315571052093
114400 0.0114092867577598 0.100103218962069 1.25000360041136 0.423825846993122 -4.3496121674766e-05 -0.000391737086649779 -0.00138535235170561
114500 0.0114371800543273 0.0991649572247283 1.25070784941439 0.423726347044062 -4.14540897431694e-05 0.000124597960066007 -0.000626933696876523
114600 0.0114371800543273 0.0980594987156598 1.25123605367658 0.423510641350787 -4.71490209353474e-05 0.000414007627043079 0.00129081265710242
114700 0.0114371800543273 0.0967324347773841 1.25169101492041 0.423210007507526 -4.37157888313861e-05 -2.99381737397341e-05 0.00103708558446782
114800 0.0114648733989479 0.0953640659205134 1.25209754636367 0.42283332452414 -4.21318423792082e-05 -0.000413146237189117 -0.000836420732424595
114900 0.0114648733989479 0.0940891010752138 1.25252853372318 0.422558427750002 -4.32684167383564e-05 -7.49540842370444e-05 -0.00116413946787365
115000 0.0114648733989479 0.0925729015594305 1.25295247912751 0.422158991724821 -4.09770060353929e-05 0.000387280108727004 0.000505609387158189
115100 0.0114938664312223 0.0909679217036781 1.25315695029484 0.421653144265082 -4.95299632127689e-05 0.000187498024825632 0.00134878409997761
115200 0.0114938664312223 0.0893474698547024 1.25347925456782 0.421209651765941 -4.85151414918434e-05 -0.000352541517643791 8.05348162546441e-05
115300 0.0114938664312223 0.0877218636473292 1.25377206957549 0.420719051928977 -4.4762868405676e-05 -0.000250069316521922 -0.00120751780777762
115400 0.0115256587907506 0.0859378319601903 1.25394274068145 0.420166630614952 -4.6934160064445e-05 0.000294019199544026 -0.000501787406537198
115500 0.0115256587907506 0.0841464399321782 1.25417097773019 0.419592521784197 -5.46867611112916e-05 0.000341476337856923 0.0011439528421718
115600 0.0115256587907506 0.0825214800134321 1.25439084448087 0.419109272160191 -5.63293057077848e-05 -0.000204381128614671 0.00105590870122577
115700 0.0115582509580659 0.0807130693137313 1.25465675688785 0.41856215825929 -4.71781525432794e-05 -0.000393358101529156 -0.000829935159061968
115800 0.0115582509580659 0.078870741122687 1.25476239682561 0.417932878794866 -4.88919081877798e-05 0.000153191006025683 -0.00122905006649166
115900 0.0115582509580659 0.0771071108614028 1.25494577835574 0.417392734434194 -4.83914165257673e-05 0.000432622930588469 0.000528182428516835
116000 0.0115582509580659 0.0752103176345128 1.25511371739918 0.416763808189696 -5.1468351191112e-05 -3.85247376438373e-05 0.00155514422662578
116100 0.0115901432935676 0.0732665814004841 1.25518639798343 0.416109483556118 -5.74113793179876e-05 -0.000420621952502035 -7.09917823000375e-05
116200 0.0115901432935676 0.0712881460098832 1.2552927877209 0.415431562504327 -5.11750852238622e-05 -5.82381370863424e-05 -0.00132023726688385
116300 0.0115901432935676 0.0695315613594012 1.25544970828104 0.414873373950232 -4.79549628372621e-05 0.000438342729123496 -0.000365006305302412
116400 0.0116218356771227 0.0675380482902198 1.25558332778147 0.414205621090118 -5.15318939176866e-05 0.000166493426399517 0.00127695422904211
116500 0.0116218356771227 0.0656338172173011 1.2556668078661 0.413545110620367 -5.5972680334104e-05 -0.000378131536068787 0.000791973778246214
116600 0.0116218356771227 0.0637121353526781 1.25572076384249 0.41288852949301 -5.48294098625576e-05 -0.000265947142579843 -0.000748216583113511
116700 0.011653628036651 0.0619272714257448 1.25598923079496 0.412330137906718 -5.0436270248884e-05 0.000346341315375316 -0.00110514750955255
116800 0.011653628036651 0.0599329886833692 1.25596373769255 0.411608681750892 -5.14344638484655e-05 0.000385700429746361 0.000456973091416747
116900 0.011653628036651 0.0581148444484371 1.25613199766184 0.411004329694286 -6.57065487375628e-05 -0.000297793618286002 0.00134868851207882
117000 0.011685320420206 0.0564657048187991 1.2563933270825 0.410513502915467 -6.3589622346431e-05 -0.000423325317600122 0.000104213691962772
117100 0.011685320420206 0.0546310856220844 1.25649969567605 0.409875836704839 -5.37773798383637e-05 0.000182699176877156 -0.00130139162372672
117200 0.011685320420206 0.0528009924904698 1.25662932561225 0.409260178290019 -5.48867527585113e-05 0.000492694154797381 -0.000439614803421806
117300 0.0117171127797345 0.0512346720502464 1.25687570936937 0.408784489705253 -6.02474008526661e-05 -8.38059748570648e-05 0.00129779689023024
117400 0.0117171127797345 0.0493954727590255 1.25703630565719 0.408161665119389 -6.82550686226194e-05 -0.000525323172761351 0.000824785387468353
117500 0.0117171127797345 0.0477732895664746 1.25720952521087 0.407647806610634 -6.39125036092229e-05 -4.54064833809221e-05 -0.000844461838196114
117600 0.0117171127797345 0.0463149231256232 1.25754391161409 0.407207738457016 -5.94002830133958e-05 0.000482845771433283 -0.00101762152926644
117700 0.0117491050912095 0.0449424973891495 1.25790278469583 0.406856429264849 -5.7198940929453e-05 0.000177618399104154 0.000523404745168257
117800 0.0117491050912095 0.0435853997764025 1.25823347990501 0.406448113341726 -6.02659925736649e-05 -0.000508390515212217 0.00120785997765266
117900 0.0117491050912095 0.0425163056171174 1.25874840622709 0.406231745810685 -6.48686780617179e-05 -0.000319040927851084 0.000101659707357436
118000 0.0117824970663114 0.0419045085141547 1.25945674999706 0.406244500812396 -6.06389125001089e-05 0.000418680143051881 -0.00107701729423143
118100 0.0117824970663114 0.0417962664413043 1.26047320497463 0.406497748170076 -5.71573619167961e-05 0.000370051684699209 -0.000530424067534566
118200 0.0117824970663114 0.0422262213370406 1.26168702692006 0.407062784661783 -5.90755953249872e-05 -0.000372309756624934 0.00102236230840779
118300 0.0118154891375199 0.0428255442243116 1.26300279053044 0.407655914149449 -6.82117921404975e-05 -0.000513194749909174 0.00103382378651706
118400 0.0118154891375199 0.0434711105812422 1.26437249183055 0.408347191072713 -7.20530792974042e-05 0.000202161783119225 -0.000739691086825352
118500 0.0118154891375199 0.043688706420442 1.26547346414599 0.408749433963093 -6.46710591919878e-05 0.000524474471586949 -0.00115404231233854
118600 0.0118154891375199 0.0438083830389682 1.26660165594727 0.409157831886923 -5.89451581447573e-05 -0.000164017384137067 0.000424960005097158
118700 0.0118484812087285 0.0438481745596108 1.26755747049748 0.409492140144528 -6.34792537362101e-05 -0.000610132138656475 0.00140406849821465
118800 0.0118484812087285 0.0441676371456274 1.26875191407632 0.409945923113569 -6.99239465393419e-05 -6.78048615466665e-05 3.82008314347989e-05
118900 0.0118484812087285 0.0446840363121823 1.2700052108682 0.410570233679413 -6.83786482891313e-05 0.00053280315890371 -0.00119778248886627
119000 0.0118827729675905 0.045062760244786 1.27118837766752 0.411060083171394 -6.57347468776106e-05 0.00012792274104415 -0.000417967494177017
119100 0.0118827729675905 0.0449743400019126 1.27215457271669 0.411348951502805 -5.8401574532502e-05 -0.000588326211503829 0.00105073015119719
119200 0.0118827729675905 0.0451412762128365 1.27318906698265 0.411743592372696 -6.84692574183204e-05 -0.000360974574043965 0.000865338074921682
119300 0.0119169647504794 0.0456981248608385 1.27450766439183 0.412354463860147 -7.91173759982032e-05 0.000417988164163086 -0.000614965006480067
119400 0.0119169647504794 0.0460106926881888 1.27563521854567 0.412866661923234 -7.34196465623283e-05 0.000391713090819097 -0.00101376176679497
119500 0.0119169647504794 0.0459320108016967 1.27660304951367 0.413111013160669 -5.78984221460069e-05 -0.000426406066295004 0.000211888970037551
119600 0.0119169647504794 0.0462587163318845 1.27773770803496 0.413621705687456 -5.9895997718374e-05 -0.000584540650763644 0.00126116927394817
119700 0.0119503567255813 0.0467696863109843 1.27899794322649 0.414219193333848 -7.98044918820024e-05 0.000175474411715059 0.000268741292409574
119800 0.0119503567255813 0.0468637470226897 1.28005623338492 0.41457890491731 -8.02686474742533e-05 0.00055040572325753 -0.00106002684970393
119900 0.0119503567255813 0.0470710926835216 1.28110709343003 0.415027745537073 -6.58139277668456e-05 -0.000142477088102113 -0.000649560629070925
120000 0.0119837487006832 0.0475299949124725 1.28237798281066 0.41557483288312 -5.87440922958704e-05 -0.000687439493314287 0.0009786165445429
120100 0.0119837487006832 0.0478237973282424 1.28348913604838 0.416083738735711 -7.47710913971657e-05 -0.000144929063289941 0.000945581760640495
120200 0.0119837487006832 0.0479728745729495 1.28455456713669 0.416451550544628 -8.16726614018026e-05 0.000540846820766712 -0.0004779914582248
120300 0.0120165408199451 0.0484307197973633 1.28576858326269 0.417032762598818 -6.87205357173173e-05 0.000193937468936067 -0.00107392929516354
120400 0.0120165408199451 0.048770392121624 1.286900570334 0.417531307510191 -6.04211891732556e-05 -0.000584594755854228 0.000130286118425243
120500 0.0120165408199451 0.0489286150656177 1.28798918716198 0.417917348660672 -6.62140582258185e-05 -0.000482102380567437 0.00119970798813181
120600 0.0120165408199451 0.0493850107178963 1.2891367401943 0.418488740005452 -7.76013408850198e-05 0.000370199412766818 0.000418186212076628
120700 0.0120490330112866 0.0496624390034333 1.29027934342517 0.418932902967873 -7.82359739307629e-05 0.000466405237079414 -0.00101603931960169
120800 0.0120490330112866 0.049931428943129 1.29134843272018 0.419393669697761 -6.50307523168607e-05 -0.000330292483071952 -0.000717981651181793
120900 0.0120490330112866 0.0503777314447451 1.29255326885895 0.419946312113701 -6.03757003097259e-05 -0.0006805228748153 0.000869219508128469
121000 0.0120823250104152 0.0506969974783369 1.29366589576901 0.42040453573059 -6.97673060717973e-05 5.11739422859295e-05 0.00108153625789257
121100 0.0120823250104152 0.0510763266025533 1.29479943840119 0.420941365642523 -8.42230638663175e-05 0.00060904425866882 -0.000465792734026615
121200 0.0120823250104152 0.0512717312537951 1.29588175712295 0.421317384728143 -7.62622239625722e-05 -1.53380620785466e-05 -0.00109524171284573
121300 0.0121146172498102 0.0517242443608419 1.2969992739152 0.421874852122501 -5.79701408049198e-05 -0.000684933428510218 0.000157459867568124
121400 0.0121146172498102 0.0521056922093193 1.29817751757959 0.422372607907722 -6.80485509878812e-05 -0.000291130090956016 0.00115544584959009
121500 0.0121146172498102 0.052410232025137 1.29925176048089 0.422813206444692 -8.78871791136371e-05 0.000516505442359541 0.000336489503016831
121600 0.0121454098496048 0.0528444501846899 1.30036757692848 0.423343239250804 -8.47155153541236e-05 0.000331881667279688 -0.000895637106815514
121700 0.0121454098496048 0.0531846741583221 1.30148612505752 0.423780206657789 -6.23547651663437e-05 -0.000529039444026436 -0.000646326098330139
121800 0.0121454098496048 0.0535809092054271 1.30259253424674 0.424297579894692 -5.83210028099861e-05 -0.000568605433210609 0.000724341615126187
121900 0.0121753026656391 0.0538894530234571 1.30365614782661 0.424717470819885 -7.40488149336538e-05 0.000265084808174322 0.0010062741106796
122000 0.0121753026656391 0.0541242295601386 1.30463930474723 0.425100797073344 -8.6205738665323e-05 0.000561554463520404 -0.000223421598922054
122100 0.0121753026656391 0.0545760323251676 1.30580753697549 0.425639425751365 -7.29485219245102e-05 -0.000204706506501253 -0.00110957571285028
122200 0.0122036958420732 0.0548710185637242 1.30682243524451 0.426033656992646 -5.61257468193921e-05 -0.00070517487225835 -7.15118860462968e-05
122300 0.0122036958420732 0.0552098113331991 1.30786180607631 0.426495224936944 -6.71155369499319e-05 -8.07220813589047e-05 0.00127768210350352
122400 0.0122036958420732 0.0555816862401839 1.30899539390331 0.42695952239254 -8.23851798399485e-05 0.000608210129860275 0.000478185419612374
122500 0.0122309892828001 0.055923545201129 1.30997961569971 0.427383245929265 -7.8124373608766e-05 0.000180466851958903 -0.000959401297513366
122600 0.0122309892828001 0.0562504011958688 1.31107096690198 0.427848301573854 -6.41939582502685e-05 -0.000650251864240723 -0.000764640370284576
122700 0.01225658313198 0.0564760982718126 1.31199901473095 0.428180923845284 -6.13633176207168e-05 -0.000412813343734008 0.000813863599466517
122800 0.01225658313198 0.0567387564146949 1.31301891967234 0.42860981510771 -7.52685031996928e-05 0.000448305443267117 0.000996698031495529
122900 0.01225658313198 0.0570270575051711 1.31406164100728 0.429007091001812 -8.4135032368204e-05 0.000485139685692791 -0.000294220973702128
123000 0.0122819770292134 0.0574239811057382 1.31506443626355 0.429464562670338 -7.09468158127167e-05 -0.00038484741967806 -0.000978307131940604
123100 0.0122819770292134 0.0575673170184577 1.31605303908686 0.429819706860478 -5.98729031553373e-05 -0.000658148108566285 -6.78985261099135e-05
123200 0.0123074709024199 0.0578626141520873 1.31700758864108 0.430185519348329 -6.57758165912601e-05 0.000160522537053465 0.00108067196801334
123300 0.0123074709024199 0.0580944668449324 1.31800954047449 0.430609935710573 -8.03534503867694e-05 0.000626466390324654 0.000526490591719939
123400 0.0123074709024199 0.0583934205476128 1.31902766359998 0.430990758032249 -7.82087516153526e-05 -3.4744452572824e-05 -0.000738472754421448
123500 0.0123335646314665 0.0586303004641968 1.31998052690388 0.431392987181292 -6.17338784158502e-05 -0.000685102798373173 -0.000886875099708032
123600 0.0123335646314665 0.0587870289547661 1.320958728602 0.431734816412996 -6.38016388611961e-05 -0.000193758236808608 0.000668517491481739
123700 0.0123335646314665 0.0590440129464049 1.32191375404544 0.43211557024566 -7.24122876791214e-05 0.000568444951904978 0.00115897495810448
123800 0.0123602582163535 0.0592907476571222 1.32291460752772 0.432537196488382 -7.84580062028944e-05 0.000312145479033009 -0.000233334873761349
123900 0.0123602582163535 0.059437105197686 1.32385885806563 0.432848646814646 -6.9234183698847e-05 -0.000503393078069781 -0.00112910388854897
124000 0.0123873517051338 0.059616246013652 1.32475685831463 0.433221934613528 -5.96194851251437e-05 -0.000485954170988836 -6.47887672778025e-05
124100 0.0123873517051338 0.0597665341089678 1.32575234711859 0.433568078596727 -6.50310769993537e-05 0.000336544496119361 0.00122146892431807
124200 0.0123873517051338 0.0600172136573026 1.3267103279327 0.433969421510993 -7.47856608741624e-05 0.000551925192087859 0.000458532289505734
124300 0.0124146451458608 0.0600344477906598 1.32758168261968 0.434251618834464 -7.77997548938344e-05 -0.000200597935066751 -0.000838932349812885
124400 0.0124146451458608 0.0601970290757632 1.32853911844737 0.43460491640917 -6.31627336265397e-05 -0.000626079016994075 -0.000659224532865966
124500 0.0124146451458608 0.0603764410001716 1.32948240915753 0.434991757725335 -6.28355473621141e-05 2.58129445561061e-05 0.000613097729697522
124600 0.0124409388268542 0.0603660772831259 1.33036532316416 0.435252573838446 -6.99264017343409e-05 0.000622590799055109 0.000988586264634277
124700 0.0124409388268542 0.0604520393304847 1.33122715320899 0.435590019833533 -7.86420795289262e-05 0.000136177193644907 -0.000173038777453481
124800 0.0124661327721406 0.060181502764483 1.33194596080774 0.435705023397368 -7.69253401739876e-05 -0.000604920844533618 -0.000923275401926824
124900 0.0124661327721406 0.0598840849765109 1.33270702895973 0.435875059348768 -6.05828913299596e-05 -0.000273880968782158 -0.000174241120901186
125000 0.0124661327721406 0.0591526396878727 1.33317724811191 0.435767813723223 -6.7498836283047e-05 0.00052521983988111 0.00106402402600318
125100 0.0124910267895071 0.0579077927617083 1.33344821107959 0.435412946635057 -7.80041855906337e-05 0.000409668026906655 0.000568574540313273
125200 0.0124910267895071 0.0562628716367079 1.33346763118064 0.434883539655715 -8.15187838016466e-05 -0.000414931533048527 -0.000783874866892183
125300 0.0125165206627136 0.0542939856187101 1.33340763502099 0.434139760882729 -6.7689003592194e-05 -0.000484534284929371 -0.000729060915694084
125400 0.0125165206627136 0.0521223688647581 1.33320271833868 0.433368895162453 -6.36798612075369e-05 0.000289514736405921 0.00060170458261812
125500 0.0125165206627136 0.0500231456687011 1.33300712595834 0.432532812607864 -7.21428242871063e-05 0.000554818520959031 0.0010320447268511
125600 0.012542514415787 0.0483929379363428 1.33317109009277 0.43203902400412 -7.97248423546843e-05 -0.000116082167583082 -0.000219277168450371
125700 0.012542514415787 0.0467832302047268 1.33322818750696 0.43152580455436 -7.47062665067783e-05 -0.000566604714675177 -0.000908598094520371
125800 0.012542514415787 0.0448684754720713 1.33320174944626 0.430799763472019 -5.8333721227043e-05 -3.66609472776959e-05 -0.000116473566498839
125900 0.0125691080247005 0.0427181078686363 1.33303980716315 0.430065162878436 -6.25704822540774e-05 0.00058879199213812 0.000974111057540358
126000 0.0125691080247005 0.0405879868404129 1.33289699193952 0.429232605042115 -7.56112494562079e-05 0.000215798310992492 0.000545270812622157
126100 0.0125967013933476 0.0385632006290387 1.33281073750322 0.428519774252541 -7.89526142841244e-05 -0.000537325541395875 -0.000673736511099902
126200 0.0125967013933476 0.0367508678305139 1.33282624833528 0.427910765178937 -6.44957222493641e-05 -0.000329337957237699 -0.000755703966337362
126300 0.0125967013933476 0.0348323755388652 1.33283123084517 0.427202499110126 -5.5808061044931e-05 0.000492823737800412 0.000480578901761123
126400 0.0126246946658881 0.032607321034961 1.33263618947159 0.426423221600836 -6.77830329987059e-05 0.00044939983337273 0.00105923456980635
126500 0.0126246946658881 0.0304623527867349 1.33251404049826 0.425582363215574 -7.49555134003238e-05 -0.000349927323433504 -6.41055586700669e-05
126600 0.0126246946658881 0.0285059587646605 1.3324621850104 0.424899890452481 -7.1987664003658e-05 -0.000516088072547122 -0.000993771498068522
126700 0.0126512882748017 0.0264783163808754 1.33243978295639 0.42419122912008 -5.78150623216666e-05 0.000261596395298298 -0.000214977913236571
126800 0.0126512882748017 0.0242235927733292 1.33224170074588 0.423295342167061 -6.0705399373997e-05 0.000576357044948714 0.00104641748640883
126900 0.0126768821239816 0.0221585469915242 1.33218534925955 0.422593256479996 -7.48862701696179e-05 -6.67169602285913e-05 0.000615674407674101
127000 0.0126768821239816 0.0202226340883969 1.33222774120116 0.421887156851142 -6.97791949076476e-05 -0.000576766345806323 -0.000721024793612807
127100 0.0126768821239816 0.0181349428570037 1.33210853438992 0.421135406927962 -6.13183685950334e-05 -6.23979007703205e-05 -0.000769672962018286
127200 0.0127029758530282 0.0159405929194868 1.3320407706598 0.42033031957032 -5.78724611952985e-05 0.000580978529495137 0.00053293541485428
127300 0.0127029758530282 0.0139209817412677 1.33201574817682 0.419593267755892 -6.60421806040502e-05 0.000232029958607088 0.000985912939702628
127400 0.0127029758530282 0.0119215602357588 1.33196990228879 0.418890619470866 -7.46615589231681e-05 -0.000489436328511334 -5.36743371049446e-05
127500 0.0127288696301282 0.00986221362790439 1.33200848346979 0.41814485707648 -6.39094960195667e-05 -0.000356918840810304 -0.000911964860833028
127600 0.0127288696301282 0.00789723313133619 1.331970492343 0.417455040487583 -5.82206760765827e-05 0.00042742459223548 -0.00023347868251678
127700 0.0127539635994415 0.00590310220995008 1.33203676160973 0.416744090208512 -6.21487011498731e-05 0.000479238112306107 0.000925835159283731
127800 0.0127539635994415 0.0039185979462597 1.33203593257958 0.416043119038768 -6.52000377243557e-05 -0.000267994570985651 0.000689279798339437
127900 0.0127539635994415 0.00201513718916661 1.33206544774058 0.415375558749669 -6.55239428518677e-05 -0.000538543855819238 -0.000584759464110688
128000 0.0127787576408345 0.000155385428589536 1.33225015581921 0.414747221407892 -5.50481558761789e-05 0.000149588836455739 -0.000920350803400944
128100 0.0127787576408345 -0.0016181372608335 1.33231814989963 0.414158174103481 -5.68246202954413e-05 0.00062385807334875 0.000468140588035549
128200 0.0128035516822276 -0.00330269890425853 1.33260150575915 0.413616806504194 -5.9868674173964e-05 1.84825464273939e-05 0.00115303117947799
128300 0.0128035516822276 -0.00502536693629507 1.33275091882849 0.41306133778133 -6.45193247800421e-05 -0.000583628708454805 -1.88772574492727e-05
128400 0.0128035516822276 -0.00667744143814197 1.33295307563479 0.412520134669041 -6.43161881219445e-05 -0.00013631664660333 -0.00102922519807892
128500 0.012828745627514 -0.00809500085742689 1.3333799586171 0.412141233721925 -5.53370465700525e-05 0.000563431609701804 -0.000257184985946731
128600 0.012828745627514 -0.00957897903778281 1.33362030708901 0.411694685568009 -5.89442517363697e-05 0.00031282349052774 0.00106716424549175
128700 0.0128543394766939 -0.0109671128319429 1.33412081974185 0.411329867962574 -5.9338039685686e-05 -0.000432953573467349 0.000694927296978057
128800 0.0128543394766939 -0.0120533645374473 1.33458090300385 0.411114739180492 -6.03309447563607e-05 -0.000373796294270104 -0.000716794175561104
128900 0.0128543394766939 -0.0132738142864074 1.33504582541251 0.4107887942445 -5.52840000290592e-05 0.0003279893857413 -0.000852248649394697
129000 0.0128809330856074 -0.0142524299718665 1.33571799293133 0.410665631448419 -5.35328747663762e-05 0.000515124567818267 0.000521334843486296
129100 0.0128809330856074 -0.0150257586687329 1.33635863307409 0.410594244058157 -5.60880241759571e-05 -0.000145267304899861 0.00109214707903067
129200 0.0128809330856074 -0.0158620465668602 1.3370588342948 0.410490180332326 -5.7330732109779e-05 -0.000512370977619791 3.45349146590927e-05
129300 0.0129081265503611 -0.0164853700270195 1.33783804175829 0.410551580919546 -5.96984877458065e-05 2.28887919369332e-05 -0.00108070526633899
129400 0.0129081265503611 -0.0171602062617184 1.33860589484541 0.41050528702312 -5.80013666350341e-05 0.000586729015178243 -0.000240643253345682
129500 0.0129352200391413 -0.017442131534525 1.33958006491484 0.41075700674552 -5.57099652297622e-05 0.000161793769481432 0.00104417159523446
129600 0.0129352200391413 -0.0177917376121455 1.34048162347799 0.41089611221429 -5.37202579005423e-05 -0.000483347677064862 0.000686892041402253
129700 0.0129352200391413 -0.018122579559512 1.34143185553938 0.411077470053322 -5.98413409604246e-05 -0.000240401567848043 -0.000650050050093354
129800 0.0129616136961082 -0.0181060656117316 1.3425277832273 0.411459945693112 -5.68504539260515e-05 0.000487813854120082 -0.000943336941971914
129900 0.0129616136961082 -0.0182349050566416 1.34356095180598 0.411700044438871 -5.23414294214003e-05 0.000385377287925046 0.00057850353513249
130000 0.0129616136961082 -0.0180111860985483 1.3447736845031 0.412216316312684 -5.90031414005934e-05 -0.00029514185413202 0.00107826098216601
130100 0.0129896069686487 -0.0177180401597719 1.34602848405685 0.412689499324462 -5.63561376498212e-05 -0.000404780078132384 -5.07695726091463e-05
130200 0.0129896069686487 -0.0173146143653042 1.34732961109478 0.413276629286471 -5.31218914865653e-05 0.00024680947098358 -0.00093995113124014
130300 0.0130163005535357 -0.0168736793261722 1.34863540372344 0.413857434395544 -5.29454704930879e-05 0.000512911017536018 -0.000265533318034458
130400 0.0130163005535357 -0.0163865626153228 1.34997842357761 0.414446760725478 -5.35756711436766e-05 -3.41357770912823e-05 0.000986804316079369
130500 0.0130163005535357 -0.0156716415188425 1.35140731456828 0.415195144035141 -5.2200071732115e-05 -0.000440805653647337 0.000659282856591112
130600 0.0130420943546622 -0.0149072024934996 1.35286456614759 0.415912910359046 -5.06486587369925e-05 -1.48810061648744e-05 -0.000663413123707612
130700 0.0130420943546622 -0.0141080776522433 1.35433078137411 0.416687448902781 -5.48444215985133e-05 0.000507258876030336 -0.000737735098519397
130800 0.0130660885882683 -0.0131745140540033 1.3558783515893 0.41752119068473 -4.986195088181e-05 0.000204981954943522 0.000488217068251465
130900 0.0130660885882683 -0.0122892687715456 1.3573825344843 0.418317188054514 -4.53452883100433e-05 -0.000356960860500778 0.000980000018428457
131000 0.0130660885882683 -0.0112263987437353 1.35899384803331 0.419223495105012 -5.16705567181677e-05 -0.000225923241385479 -1.68497204590448e-05
131100 0.0130895829420078 -0.00998350385226946 1.36070588905695 0.420220102315927 -5.38160718156371e-05 0.000384663290124259 -0.000901368922037961
131200 0.0130895829420078 -0.00869310602347911 1.36239558153181 0.421226349347308 -5.04635294469055e-05 0.000389945010364618 -0.000157915420743782
131300 0.0131116776321201 -0.00743812274010766 1.36405696400988 0.422204657892143 -5.77986549208629e-05 -0.000196140499043644 0.000919626582705362
131400 0.0131116776321201 -0.00609414326729986 1.36581800456177 0.423254149055173 -5.93917771800492e-05 -0.000335552490241559 0.000559559427176339
131500 0.013133072490419 -0.00471614798485101 1.36752044255954 0.424289567291703 -5.25678195320769e-05 0.000191820601817753 -0.000643367725443408
131600 0.013133072490419 -0.00343397961698423 1.36921187075567 0.42528729236449 -5.96824977192315e-05 0.000462730309413655 -0.000715102369361207
131700 0.0131537675169044 -0.00190252985136527 1.37099245204525 0.426399833862171 -5.40134885050172e-05 2.71233479821144e-05 0.000564936975342776
131800 0.0131537675169044 -0.000310443684043229 1.37285962809753 0.427568301132603 -5.10873504023078e-05 -0.000362004998394108 0.000971103084430639
131900 0.0131739626635228 0.000977129159852636 1.37449944237116 0.42854636242288 -5.74512004154126e-05 -1.01785839189515e-05 -0.000172669508651794
132000 0.0131739626635228 0.00243434352256577 1.37623786754031 0.429610071289684 -5.22300747892707e-05 0.000437714278477216 -0.000894727121908782
132100 0.013193757906248 0.00394103368018951 1.37802340091968 0.430719988363288 -5.47820455512872e-05 0.00022729495726431 -6.27188181748827e-05
132200 0.013193757906248 0.00537577279493343 1.37973252366429 0.431765900190338 -5.59640440170567e-05 -0.000296860268516435 0.000979011766312839
132300 0.0132130532691063 0.00668613570574001 1.3813586170499 0.432736657505772 -5.15984406109306e-05 -0.000198349649014626 0.000470945352629229
132400 0.0132130532691063 0.00811622143287512 1.38309064449398 0.433799028684975 -5.40339448302734e-05 0.000341646140448323 -0.000646910410214543
132500 0.0132324486079378 0.00949908956149478 1.38473499781195 0.434800873829419 -5.5429094202888e-05 0.00037267558055544 -0.000625286004377162
132600 0.0132324486079378 0.0107516978057972 1.38635260580186 0.435748798063918 -5.58158796167138e-05 -0.000151776810437561 0.000451492319602858
132700 0.0132517439707961 0.0120192740265338 1.38791460244376 0.436690226030437 -5.3207513516012e-05 -0.000308283322396954 0.00100881535928275
132800 0.0132517439707961 0.0133475556172429 1.38958725099432 0.437673044591453 -4.97758737834607e-05 0.000152921744676676 -8.16901102268144e-05
132900 0.0132711393096278 0.014550450626163 1.39109781936656 0.438581139851893 -5.18555795204479e-05 0.000457787367091011 -0.000926525292530104
133000 0.0132711393096278 0.0156877424476481 1.39262213057965 0.439436587468622 -5.90993177878704e-05 5.70765481531482e-05 -0.000145306947802634
133100 0.0132908345763796 0.016980666793245 1.39422160599109 0.440405909086327 -5.34479255180926e-05 -0.000361934262109471 0.000940714414800087
133200 0.0132908345763796 0.0181572502222312 1.39572875211175 0.441278275760218 -4.48055149961833e-05 -6.13078592727783e-05 0.000580419603495043
133300 0.0133108297710513 0.0192363044123013 1.39720801930491 0.442103111310058 -4.84100581337059e-05 0.000433855259645396 -0.000757972718397272
133400 0.0133108297710513 0.0203686380328013 1.39867563208148 0.442972349453875 -5.42670916780046e-05 0.000274142780085766 -0.000649242345171205
133500 0.01333132484559 0.0214671172661264 1.40018357049683 0.443801635443444 -5.91410057816399e-05 -0.000280929537729096 0.000668562058552576
133600 0.01333132484559 0.0226000071241477 1.40162809235181 0.444668478699548 -5.2876597984895e-05 -0.000273206438891126 0.000815184758975147
133700 0.0133524197759687 0.0235887421382927 1.40303791301557 0.445417289813795 -4.48029588816214e-05 0.000293535333922009 -0.000229957777052092
133800 0.0133524197759687 0.0246810797769905 1.4045049266545 0.446275326161321 -5.04513900961716e-05 0.000432930680607687 -0.000777736451014191
133900 0.0133749143699745 0.0257033285726797 1.405926918431 0.447070011295087 -5.32609037639665e-05 -9.51877379593061e-05 3.18955368297294e-06
134000 0.0133749143699745 0.0265507453822588 1.40723731261671 0.447748480719436 -4.72605859485635e-05 -0.000391577711799624 0.000875805696030558
134100 0.0133749143699745 0.0276151042250985 1.40865879915377 0.448587265761135 -4.17570596812072e-05 5.64745976365435e-05 0.000370368337344893
134200 0.0133988086276073 0.0283945983756849 1.409974025156 0.449231017528667 -4.6362022067547e-05 0.000502518473229405 -0.00063536175060283
134300 0.0133988086276073 0.0293254295418607 1.41130223361307 0.449994817222541 -5.01252954608408e-05 0.000145160931682534 -0.00053405166899748
134400 0.0134233027410803 0.0301591215461871 1.41264754413663 0.450679767342172 -4.83791471702505e-05 -0.000392644125580553 0.000494757864480826
134500 0.0134233027410803 0.0308886303269838 1.41389318481157 0.451327519173508 -4.56314851113389e-05 -0.000199224664042725 0.000860352907508647
134600 0.0134471969987131 0.0316313289161621 1.41520621721203 0.452000284043003 -4.43277861498334e-05 0.000415423136905464 -0.000114075887270987
134700 0.0134471969987131 0.0320604784777524 1.41630073896808 0.452467346607546 -4.84324012416345e-05 0.000408282417950385 -0.000899641849170558
134800 0.0134471969987131 0.0323115698845253 1.41732561062663 0.452891547791329 -5.60414319138794e-05 -0.000237850720454989 -3.49371843666699e-05
134900 0.0134702914485591 0.0321587286912132 1.41823659771477 0.453101243891329 -5.36912749862147e-05 -0.000437741835103017 0.000966556150418901
135000 0.0134702914485591 0.0313526934249008 1.41870647915223 0.452973842725061 -4.12292800449649e-05 0.000199316425636941 0.000395058200422196
135100 0.0134923861386714 0.0295804627326519 1.41873773211747 0.452335470199323 -4.65272855435605e-05 0.000580802327661972 -0.000751587323536766
135200 0.0134923861386714 0.0271480869316476 1.41842290545881 0.451376963339124 -5.09048282812078e-05 -1.46745383421306e-06 -0.000530744802406229
135300 0.0135123813333432 0.0238433718743832 1.41773143012779 0.449992079278288 -4.77105758093945e-05 -0.000522319060235497 0.000673436524229582
135400 0.0135123813333432 0.0203442625456086 1.41690056682785 0.448473814123684 -4.73044146971611e-05 -6.63272764054984e-05 0.000809472154546418
135500 0.0135302770325745 0.0171514700438926 1.4162665671677 0.447153168142412 -4.60615868814361e-05 0.000549461195837125 -0.000319611260423709
135600 0.0135302770325745 0.0144561969295649 1.41591638431848 0.446076260324819 -4.95873380094159e-05 0.00027810439060375 -0.000791768075214397
135700 0.0135486726116726 0.012123810724182 1.41565870258339 0.445173493912712 -4.76167116506422e-05 -0.000411167306878772 8.6163521826169e-05
135800 0.0135668682388239 0.00943048799203793 1.41526388693317 0.444093412415592 -4.84124125931432e-05 -0.000340955531187254 0.000858778994260519
135900 0.0135668682388239 0.00629061118336879 1.41465056287991 0.442788597076191 -4.68122848647716e-05 0.000356740473909863 0.00035181213630589
136000 0.0135848639140285 0.00293252055305108 1.41390293443569 0.441363214589093 -4.39685857402598e-05 0.000515701888963181 -0.000699598805468574
136100 0.0135848639140285 0.000158470805867798 1.41349555687794 0.44025470885949 -4.68063053414074e-05 -0.000151266371569407 -0.000514263549692871
136200 0.01360305954118 -0.00235524047614338 1.41316261170555 0.439260099802253 -4.63432701179766e-05 -0.000531548436719456 0.000676197718688493
136300 0.01360305954118 -0.00490158104274424 1.41290704547096 0.438289846803786 -4.38673660333204e-05 5.6985247484549e-05 0.000797431978695041
136400 0.0136214551202779 -0.00807378718006632 1.41223667682031 0.436956132165506 -4.67270576978255e-05 0.000618431560932374 -0.000311301670245189
136500 0.0136214551202779 -0.0112039727052145 1.41160822440953 0.435645166776697 -4.67988718076549e-05 0.000161813865259137 -0.000820760951935397
136600 0.0136397507234027 -0.0137679428570192 1.41129093103298 0.434649216339092 -4.56256174068875e-05 -0.00053457827045553 0.000114782957140636
136700 0.0136397507234027 -0.0166457607198367 1.4107753390795 0.433463779701596 -5.01356409053112e-05 -0.000253234014253971 0.000990232541118849
136800 0.0136583462544474 -0.0198361234831853 1.41009918147885 0.432125050368955 -4.49529142019714e-05 0.000521923134682599 0.000178830115363039
136900 0.0136771417374389 -0.0227954698159131 1.40954829467099 0.430902314410788 -4.18321568774954e-05 0.000431918009360893 -0.000788120737692685
137000 0.0136771417374389 -0.0255423574889683 1.4090925181447 0.429785496915633 -4.59386842153819e-05 -0.000325719511950428 -0.000309259700998084
137100 0.0136962371483505 -0.0285168804310494 1.40853579605293 0.428557946468893 -4.74971387030414e-05 -0.000492414402608021 0.000621516536492706
137200 0.0136962371483505 -0.0318657948056877 1.40774340568521 0.427108364647132 -4.50212112017036e-05 0.000256626656035405 0.000671414569663378
137300 0.0137157324631555 -0.034804151677495 1.40721610700275 0.425900940470343 -4.12227269508913e-05 0.000608465933722543 -0.000331021113655741
137400 0.0137157324631555 -0.0377162307198498 1.40668178038891 0.424698543036165 -4.61859781218661e-05 -2.17977541670251e-05 -0.000729232548399246
137500 0.0137360275857475 -0.0409370575148452 1.40597425029111 0.423319135560236 -4.54679037933822e-05 -0.000561549764660413 0.000191522100417515
137600 0.0137360275857475 -0.0440256365410134 1.40533989767231 0.422017132959662 -4.42432722431553e-05 -9.3593256546434e-05 0.000757059599940604
137700 0.0137566226362595 -0.0468774896452012 1.40486291698668 0.420846718332306 -4.89860355052443e-05 0.000597985861467282 0.000322409301531431
137800 0.0137566226362595 -0.050050781725603 1.40417383106886 0.419493081554962 -5.00518854239924e-05 0.00031798448938104 -0.000654379940559393
137900 0.0137566226362595 -0.0531904273343879 1.40351240983229 0.418155547806519 -4.12263893849976e-05 -0.000466740177191009 -0.000541712978006343
138000 0.0137779175185848 -0.0561089425662856 1.40299153081556 0.416935179943841 -4.01473137365975e-05 -0.000381347200559531 0.000690766052613116
138100 0.0137779175185848 -0.0591939528970686 1.40237301522498 0.415639922759427 -4.46418779911482e-05 0.000418171843703019 0.000778485002444356
138200 0.0138002121606439 -0.0622098462440091 1.4018260879459 0.414368605712859 -4.09725175329827e-05 0.00055315603829006 -0.000305877872718648
138300 0.0138002121606439 -0.0649992771080893 1.4013146930231 0.413206428538162 -4.46838573719299e-05 -0.000206295647064772 -0.000866707268412487
138400 0.0138235065624366 -0.0679771479623983 1.40083241148345 0.411975413158414 -3.82593240210506e-05 -0.000546321088737805 8.96562282705009e-05
138500 0.0138235065624366 -0.0707497800562564 1.40035202985198 0.410816612753639 -4.26416736663435e-05 0.000100274472260009 0.00102956119357334
138600 0.0138235065624366 -0.0734576807050603 1.39991742707755 0.409701430970284 -4.63118057728481e-05 0.00063652953252559 0.000256589515772129
138700 0.0138480006759097 -0.0762510871735956 1.39949904507032 0.408543546099884 -4.14929859815805e-05 0.000140207757174955 -0.000863239578373738
138800 0.0138480006759097 -0.0787098637502439 1.39916581545518 0.407557722956043 -3.96524547140607e-05 -0.000554902618552437 -0.000430288812586807
138900 0.0138751941406633 -0.081216729339969 1.39889640222556 0.406545491004549 -3.56690517051269e-05 -0.000219580526785704 0.000714486336329263
139000 0.0138751941406633 -0.083653818184517 1.39857832712638 0.405563547449786 -4.23218209025156e-05 0.000541040511972427 0.000760962192650801
139100 0.0138751941406633 -0.0858137439077472 1.39845456643013 0.404729655185409 -4.22380551436425e-05 0.000431174129162477 -0.000346461403029586
139200 0.0139034873411239 -0.0879911374140572 1.3983349956311 0.403895270149529 -3.93756120896429e-05 -0.000361545059612995 -0.000797294461112939
139300 0.0139034873411239 -0.0899454957666759 1.39825240713904 0.403166701676987 -3.3516433336042e-05 -0.000477806517591502 0.000128400570484594
139400 0.0139034873411239 -0.0919628665491011 1.39824784802829 0.402399883768663 -4.03370445632114e-05 0.000301693179483012 0.000836721870174457
139500 0.0139303808779575 -0.0936046132146187 1.39833069811183 0.401849795651366 -4.83484684165576e-05 0.000611832899172538 0.000343182613900231
139600 0.0139303808779575 -0.0952504724114906 1.39847153884433 0.401270014092184 -3.86381711623413e-05 -5.74143400728749e-05 -0.00066972690289545
139700 0.0139571744388176 -0.0969629367128013 1.39856711322573 0.400672531974765 -3.23521420059138e-05 -0.0005683706447699 -0.000538970399910592
139800 0.0139571744388176 -0.0982403458980244 1.39885149261994 0.400303653644619 -3.88360045709324e-05 -2.7663819481411e-05 0.000537607539438667
139900 0.0139571744388176 -0.0995680463816282 1.39918522880802 0.399898364988497 -4.59322019303554e-05 0.000603599016255576 0.000817740373262367
140000 0.0139835680957845 -0.100593921738271 1.39955041877355 0.399657272917195 -3.28158465743172e-05 0.000270995489553257 -0.000117698968361805
140100 0.0139835680957845 -0.10157157750366 1.40004335060144 0.399433888849018 -3.4723013600471e-05 -0.00045171805692401 -0.000874479001992613
140200 0.0139835680957845 -0.102213061204704 1.40068841029896 0.399413830259147 -3.47910799310827e-05 -0.000333516130769483 -5.93324929112456e-05
140300 0.0140092619209378 -0.102927571707434 1.40122473714698 0.399323400345744 -3.46068362670914e-05 0.000427411624309332 0.000873388392295453
140400 0.0140092619209378 -0.103520208021062 1.40191121514349 0.399296105521152 -3.73483902983081e-05 0.000520197020857775 0.00041741072128507
140500 0.0140353556499844 -0.103811957696639 1.40265468750339 0.399450813214841 -2.43719378227049e-05 -0.000208090840003999 -0.000557499986048843
140600 0.0140353556499844 -0.104047816585976 1.40347361051488 0.399600926477047 -3.19803149083267e-05 -0.000486203487959565 -0.000627395407489508
140700 0.0140353556499844 -0.104091070267891 1.40435396136812 0.399858606387448 -3.10084425648079e-05 0.00012373240576922 0.000423275982356897
140800 0.0140618492829246 -0.104057231022299 1.40525085267913 0.400163608383973 -3.67891296269067e-05 0.000602566752175441 0.000882587143629889
140900 0.0140618492829246 -0.103906601995308 1.4062821932916 0.40052201763953 -3.1529571237218e-05 0.000133366252366567 -6.76888113210183e-05
141000 0.0140618492829246 -0.103714652303951 1.40722649004469 0.400906320563281 -2.15785880630398e-05 -0.000493096698592939 -0.000818869700457701
141100 0.0140887428197582 -0.103119579469439 1.40847339594523 0.401491107637014 -2.99237272185075e-05 -0.000189945059518692 -0.000156618510197312
141200 0.0140887428197582 -0.102358471298473 1.40978137133648 0.40218957360449 -3.72457308778371e-05 0.000509909214692949 0.000849119959939895
141300 0.0141161362364586 -0.101680065179224 1.41095327825446 0.402808094384409 -2.69385268373539e-05 0.000416487255063305 0.000506238342165594
141400 0.0141161362364586 -0.100922340571731 1.41228548603294 0.403467456588336 -2.27828267687366e-05 -0.000324123269901527 -0.000620852071833181
141500 0.0141161362364586 -0.099697860177209 1.41380358515324 0.404431905334197 -3.14435733121159e-05 -0.000388115823089577 -0.000613023950210646
141600 0.0141432297252389 -0.0987585441756315 1.41518150777239 0.405172769798192 -2.9818805547933e-05 0.00025431065502141 0.000434381921699363
141700 0.0141432297252389 -0.0976598571951084 1.41661176624967 0.406019577115421 -3.19563956503147e-05 0.000539828919269284 0.000813543110896155
141800 0.0141432297252389 -0.0962486048246908 1.41824439712851 0.407061872846718 -2.76263018376907e-05 -1.60076436905215e-05 -2.17169435585198e-05
141900 0.0141696233822058 -0.094856567297495 1.41986515754542 0.408046020102816 -2.06740763965855e-05 -0.000455012866446044 -0.000768004298571081
142000 0.0141696233822058 -0.0937312058751037 1.42126198312232 0.408908468605458 -3.06708266582374e-05 -4.59811643469691e-05 -0.000205659059383514
142100 0.0141953172073589 -0.0920744764480549 1.42304633429985 0.410046438845878 -3.0775043065747e-05 0.000487744853827302 0.000792047207735701
142200 0.0141953172073589 -0.0904350487574374 1.42476384585282 0.411195600571341 -2.45909813990396e-05 0.000283927784148347 0.000576376882854964
142300 0.0141953172073589 -0.0890178962824724 1.4263470074753 0.412192380502486 -1.72323353884489e-05 -0.000339523987571939 -0.000467686384810376
142400 0.0142199112968053 -0.0873661710638891 1.42807944649978 0.413310880602361 -2.28435173091678e-05 -0.000301099530793161 -0.000751725233019395
142500 0.0142199112968053 -0.0855379039462185 1.42987954218076 0.414564266203822 -2.65283334407447e-05 0.00030032823686705 0.000332143378824876
142600 0.0142441054823582 -0.084017024849047 1.43151135871769 0.415587246796025 -2.05369097940452e-05 0.000473760662377754 0.000885146219428187
142700 0.0142441054823582 -0.0823424593339384 1.43323504641793 0.416731132347969 -2.06380722707582e-05 -9.93488876745906e-05 5.79685781063788e-05
142800 0.0142441054823582 -0.0805203320953802 1.43504878010781 0.417960288527387 -1.85964346966964e-05 -0.000423560429391682 -0.000702235384551878
142900 0.0142681996919377 -0.0787863288582861 1.43678166728807 0.419102169981068 -1.65533264540733e-05 3.84320300853618e-05 -0.000384479179529431
143000 0.0142681996919377 -0.0771724017482118 1.43844879832695 0.420203818022845 -2.09073908802241e-05 0.000479419655829648 0.000653127641696176
143100 0.0142917940216504 -0.0753034162431822 1.44024714417706 0.421421104342599 -2.23269917415544e-05 0.000181618762825456 0.00071668307016848
143200 0.0142917940216504 -0.0734065033533884 1.4421001862163 0.422677922631457 -1.00442671054934e-05 -0.000329734554768304 -0.000390351038713108
143300 0.0143153883513631 -0.0717479172031755 1.44370395739464 0.423761697491007 -1.07828752384212e-05 -0.000239002791034324 -0.000697211191017835
143400 0.0143153883513631 -0.0698832502640423 1.44556691523569 0.424981295233752 -2.00490490187634e-05 0.000312795395511436 0.000148185420466653
143500 0.0143153883513631 -0.0680057697593507 1.44737416072786 0.426231254942089 -2.16633690908674e-05 0.000427934455569746 0.000799322067092198
143600 0.014338982681076 -0.0662305619635634 1.44905806000046 0.427359978696454 -1.70617932701714e-05 -0.000124354163160213 0.000282093368465866
143700 0.014338982681076 -0.0644970350130584 1.45083809958036 0.428510614881766 -7.91522916268615e-06 -0.000400873573035247 -0.000732714251589202
143800 0.0143625770107887 -0.0626109987265947 1.45254593187703 0.4297228009302 -8.52496610347527e-06 7.05004645982898e-05 -0.000396984283301332
143900 0.0143625770107887 -0.0608793065506761 1.45435310297928 0.430855177457536 -1.8357559328883e-05 0.000505228437476961 0.000664381196654482
144000 0.0143863712924481 -0.0591549729189232 1.45600476936701 0.431996074160512 -1.45010348806882e-05 0.000141705564484644 0.000657503027986841
144100 0.0143863712924481 -0.0574214025912807 1.45778649730308 0.433134737371446 -3.58024652329175e-06 -0.000395191282460534 -0.000345004447570331
144200 0.0143863712924481 -0.0558145902923629 1.45950803957309 0.434219767945694 -6.4996294603773e-06 -0.00017706983934838 -0.000747588358951758
144300 0.0144103655260543 -0.0540966250341938 1.46115889170889 0.435350296743778 -8.70435486401074e-06 0.000411939144881791 0.000124761714290157
144400 0.0144103655260543 -0.0525159047794837 1.46293605812962 0.436415284676464 -1.18737622618113e-05 0.000387296058561893 0.000887206027915376
144500 0.0144349596155007 -0.0509778986631062 1.46449847918326 0.437462836989225 -1.34082198345548e-05 -0.000222654412874706 0.000215819750931302
144600 0.0144349596155007 -0.0494457687693948 1.46624729643402 0.438515311265717 -1.04372751386657e-06 -0.000366044006541776 -0.000746528739850547
144700 0.0144349596155007 -0.0481371372260718 1.46785253059102 0.439464271691228 -5.12472912658464e-06 0.000177055353917576 -0.000397328623111906
144800 0.0144602535367605 -0.0469121256682004 1.46930497217743 0.440343857688905 -1.24583404069395e-05 0.000531193298538139 0.000626037180022005
144900 0.0144602535367605 -0.045906415320336 1.47085167007528 0.441138395317226 -1.73234422354232e-05 7.35541056175041e-05 0.000642600521520156
145000 0.0144847476502335 -0.0451721524198113 1.47207392326725 0.441800323947547 -8.07425068316596e-06 -0.000421718312143022 -0.000274318505098995
145100 0.0144847476502335 -0.0450426190232727 1.47316804374718 0.442130104947578 3.80741644162084e-06 -0.000110790172996811 -0.00070165626933843
145200 0.0144847476502335 -0.0451540564454848 1.47409500069804 0.442377223677615 -8.33090485147641e-06 0.000498438766987091 6.59093205789225e-05
145300 0.0145087418838397 -0.045683380849045 1.47479206586749 0.442391657002463 -1.57944994151122e-05 0.000364000955754465 0.000778368179641173
145400 0.0145087418838397 -0.0463017235243086 1.47556073958365 0.442367125639476 -1.323057316899e-05 -0.00030613848281289 0.000291937829178552
145500 0.0145325361654991 -0.0466168678452546 1.47637532780122 0.442529838205142 -1.54370591372476e-06 -0.000344655451775833 -0.000622467065351027
145600 0.0145325361654991 -0.0467734755921134 1.47740772049765 0.442746697833736 7.14710796236889e-07 0.000327270940451178 -0.000534428266634561
145700 0.0145565303991053 -0.046716437309417 1.47841736564478 0.443094130072496 -1.14806407853294e-05 0.00054535717997046 0.00052849589784892
145800 0.0145565303991053 -0.0468333076417984 1.47941667374748 0.443345881340895 -1.52404992959455e-05 -6.40152936364904e-05 0.000783814159957197
145900 0.0145565303991053 -0.0471757983211331 1.48036125883832 0.443491904368179 -6.20995668840538e-06 -0.000437437361440326 -0.000222800521734424
146000 0.0145807245846582 -0.0475938337152545 1.48111884922848 0.443608181713864 2.83465054560643e-06 5.98464959852883e-05 -0.000759965346229067
146100 0.0145807245846582 -0.0476457273979153 1.48224867623082 0.443891592209737 -1.57299756195411e-06 0.000574521058604339 -3.42894025436006e-05
146200 0.0146053186741045 -0.0477001565758087 1.48319511584941 0.444199421553165 -1.17442922371291e-05 0.000247166456966925 0.000840744555439073
146300 0.0146053186741045 -0.0477343011670334 1.48426992781086 0.44450182897803 -1.31592421581927e-05 -0.000375382105211644 0.00039663188237183
146400 0.0146053186741045 -0.048124195061421 1.48514889568025 0.444626936194225 1.07051140125367e-06 -0.000253139660275537 -0.000747447879317241
146500 0.0146303126674443 -0.0485159126598702 1.48588632063516 0.444742898094956 5.13568937042516e-06 0.000445179833964705 -0.00049900192925505
146600 0.0146303126674443 -0.0485837623609571 1.48691951747186 0.444997302351863 -1.0524452972238e-05 0.000529847753131641 0.000602142393961085
146700 0.0146561064685708 -0.0487283982598807 1.48772829264906 0.445246155073245 -8.75522172599007e-06 -0.00015918427531118 0.000723019517388038
146800 0.0146561064685708 -0.0492553855851382 1.48845055438495 0.445253141160121 -3.32401918020026e-06 -0.000443033657354371 -0.000216754542942457
146900 0.0146561064685708 -0.0495378571156587 1.48923044049936 0.445399028788976 -2.32563390890648e-06 0.000184617012364373 -0.000766571429459002
147000 0.0146830999813779 -0.0497334529696833 1.49002638471487 0.445610606978511 -3.91138028322206e-06 0.000665872776479452 -4.70046000452182e-05
147100 0.0146830999813779 -0.050172006151653 1.49076941692594 0.445644907937069 -7.53951137895004e-06 0.000122309855810587 0.000887437219868366
147200 0.0146830999813779 -0.0505812010060491 1.49145081799254 0.445753661934901 -9.22597762981171e-06 -0.000482054263066549 0.00029348530589538
147300 0.0147110932539184 -0.0508164854096171 1.49234577543975 0.445932992525266 -3.39580541082106e-06 -0.000105699701789603 -0.000658432921542096
147400 0.0147110932539184 -0.051161431954435 1.4930857315828 0.446046515200505 2.12037527890572e-06 0.00061212431279887 -0.000465105578066759
147500 0.0147110932539184 -0.0516334737044818 1.49387349020025 0.446131703185312 -6.41087381252104e-06 0.000416537456821516 0.000441077720930817
147600 0.014739686382299 -0.051902441140788 1.49474948559555 0.446294530635396 -9.700415401801e-06 -0.000339365902843915 0.000787048602542127
147700 0.014739686382299 -0.0520773706402795 1.4956571110813 0.446542524535415 -1.13613892651435e-05 -0.00034697405638301 -0.000120052051957929
147800 0.014739686382299 -0.0525163499236666 1.4965887941519 0.446652590818077 -3.74167508736564e-06 0.000372540057642569 -0.000835050833351516
147900 0.0147681795347063 -0.0527401335707958 1.49749697936893 0.446878944628687 3.04019929316636e-06 0.000615763051372852 -3.73183890191806e-05
148000 0.0147681795347063 -0.0528873554649368 1.49861078936786 0.447162028973261 -1.0155244736057e-06 -6.87840054499575e-05 0.000822272638815663
148100 0.0147954729754334 -0.0532274669609961 1.49955896806097 0.447351126940987 -7.72431743810849e-06 -0.000491866102183258 0.000422014250125741
148200 0.0147954729754334 -0.0535690992991655 1.50050854098192 0.447513695510979 -1.81252095233587e-06 7.42394078087661e-05 -0.000598193875721116
148300 0.0147954729754334 -0.0537243350797272 1.501665955134 0.447811878580522 1.12632539275815e-05 0.000665084281447682 -0.000618503731648163
148400 0.0148227664161604 -0.0538854813614698 1.50273175651926 0.448110290264737 -7.26347143655973e-07 0.000238041231734918 0.000418138553587696
148500 0.0148227664161604 -0.0541540185230464 1.50383938803307 0.448321002422088 -5.884105748651e-06 -0.000487590579430619 0.000835192104077568
148600 0.0148227664161604 -0.0542734290210658 1.50496823735579 0.448648037285219 -4.0587413150603e-06 -0.000217707049054814 -3.77612879211303e-05
148700 0.0148491600731273 -0.0544762734982474 1.50613517813567 0.448915442911706 1.84706571879878e-06 0.000562845222592353 -0.000869769417711143
148800 0.0148491600731273 -0.0546678685281191 1.50726115998427 0.449181897151588 7.10395226066176e-06 0.000468164366149397 -0.000198144515895586
148900 0.0148765534898277 -0.0549022562253793 1.50840973465159 0.449450183517326 -3.1324345071021e-06 -0.000338975276391392 0.000820939524106044
149000 0.0148765534898277 -0.054984532591014 1.5096761886977 0.449796592029053 4.09066898553849e-07 -0.000421008661684477 0.000571924791619788
149100 0.0148765534898277 -0.0550581968692615 1.51086299048624 0.450134906740999 4.16699517161374e-06 0.000347631041165115 -0.000506974139557101
149200 0.0149065462818354 -0.0553259482406525 1.51203788780427 0.450373852231147 -1.34295172603755e-07 0.000597004356388271 -0.00083171937161003
149300 0.0149065462818354 -0.0553307101033189 1.51330578776482 0.450770816855559 5.61361268418631e-06 -0.000103177029216399 0.000315940416077896
149400 0.0149065462818354 -0.0555192056952577 1.51449090956171 0.451042889893051 6.53804571506858e-06 -0.000503563511389185 0.00100695898900902
149500 0.01493733888163 -0.0556564759912069 1.51567504697088 0.451347522790969 -5.67572992929523e-07 5.15362180770978e-05 3.54165254555596e-05
149600 0.01493733888163 -0.055710571827609 1.51689147429981 0.451692837003968 2.24613740359799e-06 0.000603802706135861 -0.000924162190570906
149700 0.01493733888163 -0.055806565651204 1.51811026982148 0.452020790028345 1.18330563583125e-05 0.000163612537031514 -0.000316607370075403
149800 0.01493733888163 -0.0560079442998222 1.51919499355162 0.452266650165147 8.36089491308114e-06 -0.000486307705807738 0.000867331499324579
149900 0.0149685313853179 -0.0562442995976778 1.52025003962824 0.452485259838819 1.61094797956733e-06 -0.000203333541329775 0.000634543228388629
150000 0.0149685313853179 -0.0562532241555619 1.52141800941988 0.452836320879088 7.11261205865521e-06 0.000505742310101205 -0.000606589513965476
150100 0.0149685313853179 -0.0565536343223492 1.52240190314401 0.45300703892549 1.21651744781367e-05 0.000377367851543809 -0.000748348230967755
150200 0.0150002237688727 -0.0566867556054894 1.52344026288052 0.453263164972339 7.36190496190443e-06 -0.000358968236538258 0.000358319085034991
150300 0.0150002237688727 -0.0566818443940869 1.52455428946242 0.453607277366334 7.13517215898982e-06 -0.000368285214539252 0.000898674520757173
150400 0.0150002237688727 -0.056972178514303 1.52551355655486 0.453779547443682 6.53085602700597e-06 0.000324237479064564 1.6153265027622e-05
150500 0.015032316056321 -0.0573316714459099 1.52631571351012 0.453872636677895 1.15472508424031e-05 0.00045335815327267 -0.000851465162163039
150600 0.015032316056321 -0.0574120392794153 1.5273583730053 0.454162475877323 1.41112760211903e-05 -0.000137760696800245 -0.000253319371056388
150700 0.015032316056321 -0.0575042991296311 1.52836293360858 0.454434708658745 7.21113653519603e-06 -0.000433299245353415 0.000746073664292667
150800 0.0150658080073963 -0.0580115362951536 1.52901226974632 0.454421202214577 6.05336217554769e-06 6.8585471815513e-05 0.000622430839164126
150900 0.0150658080073963 -0.0580810993619344 1.53003826761523 0.454720329938727 6.78800765701995e-06 0.000460983420214911 -0.000434885717732474
151000 0.0150658080073963 -0.0580284701252095 1.53103851640159 0.455044720367467 1.40036707592631e-05 0.000100736356496159 -0.000831865673168029
151100 0.0150658080073963 -0.0585552061542986 1.53173878610944 0.455054645221684 1.88327006827261e-05 -0.000388261748062688 0.000263848962828355
151200 0.0150997998383384 -0.0588578884746935 1.53246418629301 0.455158710534318 1.26027616677727e-05 -0.000178160054662249 0.000849310553597365
151300 0.0150997998383384 -0.0586951956279361 1.5335140534919 0.455553782226108 1.05601261883961e-05 0.000382060385263138 0.000115532393295399
151400 0.0150997998383384 -0.0590858577361195 1.53427546194213 0.45564708155501 1.23069583047685e-05 0.000290330497965565 -0.000714433294421463
151500 0.0151327919095468 -0.0594133309607788 1.53488509403145 0.455694152507658 1.60732225167987e-05 -0.000279773885333274 -0.000398943166141801
151600 0.0151327919095468 -0.0593926458742441 1.53587085923488 0.456025297655287 8.03252859903591e-06 -0.000323999592453811 0.000572788276928344
151700 0.0151327919095468 -0.0594689450725523 1.53673012077148 0.456270968298944 9.30165048390414e-06 0.000192367609042716 0.000720756570824387
151800 0.0151649841729685 -0.0596093508959489 1.53744060496226 0.456413425925254 1.27319984643823e-05 0.000364694716498654 -0.000283990135572638
151900 0.0151649841729685 -0.0593180083737557 1.53852831682486 0.456880839815086 1.30384500141421e-05 -7.68570664463577e-05 -0.000799556872407458
152000 0.0151649841729685 -0.0585927211189543 1.53976149656502 0.45753157803656 1.55372749740096e-05 -0.00037486111512444 3.09777898163819e-05
152100 0.0151967765324966 -0.0577881139726686 1.54096889624604 0.458177704162048 8.37585932865415e-06 -4.11649595602271e-05 0.000917089532245511
152200 0.0151967765324966 -0.0563230000301083 1.54258465627507 0.459233788530119 1.02729033947069e-05 0.000336442951130774 0.000338187982143968
152300 0.0151967765324966 -0.0542198855166887 1.54453884380601 0.460592622962633 1.32940122159816e-05 0.000148102556801831 -0.000851216619989797
152400 0.0152264693965843 -0.0524818242907158 1.546166451069 0.461729604179013 1.77349488925062e-05 -0.000308486658292148 -0.000533354799966099
152500 0.0152264693965843 -0.0506142232751124 1.5479695063525 0.462960300692651 1.6786412385117e-05 -0.00025727337724708 0.000715984789863624
152600 0.0152264693965843 -0.0487554587899811 1.54982062322152 0.464211550201049 1.09207329271944e-05 0.000229003745924134 0.000744006093317928
152700 0.0152551625009384 -0.0473451038937765 1.55124564680005 0.465178611948051 1.28510191293134e-05 0.000315852992067819 -0.000337888929605055
152800 0.0152551625009384 -0.0457975422852883 1.55289839971387 0.466221193406313 1.3101407943036e-05 -0.000142752356174553 -0.00089594392191156
152900 0.0152551625009384 -0.0436399854568185 1.55488799079388 0.467657392073976 1.79350461571564e-05 -0.000392139599719164 6.55973155563142e-05
153000 0.0152850553169727 -0.0416496584040701 1.55666665522158 0.46890586204977 2.01953864297175e-05 1.4923098013756e-05 0.00100039103165877
153100 0.0152850553169727 -0.0397707537775338 1.55847062469742 0.470140471901522 1.47528084573944e-05 0.000378988008252581 0.00024129247001788
153200 0.0152850553169727 -0.0379080720793159 1.56033107293438 0.471408731244342 7.81559150827502e-06 8.68656691511218e-05 -0.000865395919547466
153300 0.0153159478927407 -0.036171450091605 1.56200366020849 0.472532096797103 1.89996806626712e-05 -0.000371165129248927 -0.000465313149007013
153400 0.0153159478927407 -0.034301514428142 1.56381090005055 0.473783817921189 2.38915233265498e-05 -0.000220984795807082 0.000703270009309232
153500 0.0153159478927407 -0.0320966228276079 1.56586475689413 0.475183963826919 1.80492897228799e-05 0.00029312607950489 0.00075581578420042
153600 0.0153471403964286 -0.0299259866556675 1.56771118919839 0.476566789545272 1.20650141559849e-05 0.00031759228398474 -0.000464974677112316
153700 0.0153471403964286 -0.0282731190890513 1.56946812262577 0.477670351325979 1.22474677729914e-05 -0.000226623802769576 -0.000866410402064612
153800 0.0153471403964286 -0.0261589713563085 1.57142216801132 0.479035724079507 2.59204501014259e-05 -0.000435438426778952 0.000310309937170596
153900 0.0153471403964286 -0.0238532367714741 1.57351115062329 0.480526123795336 2.66886655004971e-05 0.000117493993789021 0.000877220902504401
154000 0.015378932755957 -0.0219441847517483 1.57528911030155 0.481716659657879 1.98004132302382e-05 0.000470021000853522 5.1229284926931e-05
154100 0.015378932755957 -0.0200255604964538 1.57711733610442 0.48300013617017 1.44730821554531e-05 1.92203462137422e-05 -0.000745079588141517
154200 0.015378932755957 -0.0178511038290842 1.57920628289988 0.484385129547375 2.34993175767049e-05 -0.000493356152773131 -0.000382777169699949
154300 0.015410425187565 -0.0156742884273863 1.58101953975998 0.485741683322797 3.26965426077173e-05 -0.000160001273652363 0.000730892566186838
154400 0.015410425187565 -0.0138061668814372 1.58289520919426 0.486961679468832 2.75316337543415e-05 0.000484278063394271 0.000656785610991944
154500 0.015410425187565 -0.0117241102791326 1.58487903782353 0.488311185028375 1.62982602159237e-05 0.000292585364137907 -0.000548871800262929
154600 0.0154411178113863 -0.00957553288137447 1.58672593341554 0.489669129155472 1.19207974795931e-05 -0.00040653096946419 -0.000744496082020691
154700 0.0154411178113863 -0.00757410821098097 1.58868972912528 0.490932475741353 3.45425419201621e-05 -0.000390996105836743 0.000348826112971605
154800 0.0154411178113863 -0.00551594312554993 1.59058838843685 0.49229747944962 3.9102208713503e-05 0.000323455029590723 0.000793439404138281
154900 0.0154720103871541 -0.00357798588003937 1.59243566104589 0.493513000599358 2.11186391931559e-05 0.000521695359491042 2.32356089575838e-05
155000 0.0154720103871541 -0.00161322752643064 1.59428815824709 0.494785243454124 1.32546862315157e-05 -0.000166285691597935 -0.000757673753877285
155100 0.0154720103871541 0.000241426033520767 1.59613134361491 0.496014452236343 2.7813751926387e-05 -0.000553633291905754 -0.000254317737772887
155200 0.0155021031551353 0.0019914964837493 1.59786380120111 0.497133136839957 4.41530233680015e-05 2.03956074307542e-05 0.000714234432839816
155300 0.0155021031551353 0.0038744490025578 1.59966298445129 0.498391591286038 3.21064626358452e-05 0.000616490216549465 0.000569767588175932
155400 0.0155021031551353 0.00544070569733044 1.60140759652476 0.499432546938185 1.76000395392081e-05 0.000168471757631854 -0.000538592348182696
155500 0.0155330957068765 0.00713052546738215 1.6030337770982 0.500558107510778 2.30039272218837e-05 -0.000559781180886481 -0.000637820787866046
155600 0.0155330957068765 0.00874356909263435 1.60477898478744 0.501655009246415 4.16535753680672e-05 -0.000307029760115397 0.000237555176613199
155700 0.0155330957068765 0.0101289994653583 1.60637069080578 0.502617473725017 4.49032178736534e-05 0.000509912726510779 0.000836004496859213
155800 0.0155638883066712 0.0114318384596746 1.60780904146556 0.503539993964781 2.91355698955866e-05 0.000486948003365051 7.41481079532369e-05
155900 0.0155638883066712 0.012789152486588 1.60943904525918 0.504487974122913 1.86231557313938e-05 -0.000365301728336144 -0.000815458142365642
156000 0.0155638883066712 0.0138869423086776 1.61085618982601 0.505339430522337 4.02715321935861e-05 -0.000568553107840905 -0.000339653035753463
156100 0.0155947808824392 0.0149082349957914 1.61223675501979 0.506106482078347 5.10875992201817e-05 0.000233066130215547 0.000761718768436553
156200 0.0155947808824392 0.0159336602192266 1.61363823864726 0.50689716720685 3.44877374612611e-05 0.00066667939217361 0.000599201291505111
156300 0.0155947808824392 0.016698291192419 1.61496025176237 0.507590392078305 2.52567990154408e-05 -2.73133895514314e-05 -0.000493888791460576
156400 0.0156244737465267 0.0173897861690875 1.61617386124291 0.508185028471202 3.11787040317362e-05 -0.000638596045999637 -0.00076266944350893
156500 0.0156244737465267 0.018014148804004 1.61741194942327 0.508803163732506 5.17785001879268e-05 -0.000152860956128634 0.000221796033611197
156600 0.0156472682684526 0.0185446710033798 1.61860345215488 0.509353272595257 4.63579942306077e-05 0.000618815847253554 0.000872861956332793
156700 0.0156547664664545 0.0190291488368327 1.61976277534716 0.50989173447662 2.55246484053719e-05 0.000367338327437793 0.000138279157731328
156800 0.0156611649287495 0.0192786597376059 1.62084908853648 0.510317262822765 1.55476899128548e-05 -0.000479112762085349 -0.000876778578791045
156900 0.0156717623819255 0.0195797862811907 1.62196042175326 0.510776154855609 2.345375298076e-05 -0.000488530998695491 -0.000475942579760365
157000 0.0156717623819255 0.0196140195326116 1.6229646288752 0.511090241105816 3.42455874664911e-05 0.000374153950323775 0.000723699662499792
157100 0.0156905578649171 0.0194556923801576 1.62386112847762 0.511335895274193 1.95556258902508e-05 0.000627127482471843 0.000767527173092364
157200 0.0156905578649171 0.0193107816209091 1.62477380122202 0.511550875001786 9.75963908764459e-06 -0.000170898934424276 -0.000487569787088308
157300 0.0156905578649171 0.0190212701861975 1.62561605365869 0.511739247438307 1.18869557308006e-05 -0.000648626002856613 -0.00102459110317028
157400 0.0157179512816175 0.0186920570649287 1.62641655711366 0.511869034200696 2.1615026275272e-05 -1.77970945244764e-07 8.16658934306528e-05
157500 0.0157179512816175 0.0181538587613768 1.62713443365493 0.511892755414632 2.23484792408079e-05 0.000656948833755954 0.00113297012943167
157600 0.0157450447703978 0.01755984330375 1.62778753490999 0.511920371040379 1.05286572686346e-05 0.000195867975681757 0.000208647751996153
157700 0.0157450447703978 0.0169154555571754 1.62848322553893 0.511880064611496 1.68213016712888e-06 -0.000576156411821222 -0.00111610317141555
157800 0.0157450447703978 0.0159890134128425 1.62893155441583 0.511725595819192 5.71384237768772e-06 -0.000338994995944216 -0.000644364028493652
157900 0.0157717383552846 0.0152606485595716 1.6295700774238 0.511648837984861 1.97533922689219e-05 0.000466939866385872 0.000904441777014252
158000 0.0157717383552846 0.0144093735876838 1.63010571981179 0.511523924558528 1.18304618189703e-05 0.000464319829472607 0.000844727850062513
158100 0.0157717383552846 0.0134499671444489 1.63055767024015 0.511349928437892 -3.22333622487584e-06 -0.000300545696496565 -0.000607027964761383
158200 0.0157982319882247 0.0121728838931 1.63091064430072 0.510968311537388 -1.13985459029137e-06 -0.000551508253344756 -0.00120586025544397
158300 0.0157982319882247 0.0109107281361187 1.63117043530629 0.510640395601202 1.28673331055534e-05 0.000114004267643216 0.000219224738158269
158400 0.015825325477005 0.00972710791996853 1.63160012969745 0.510325562315483 1.14496376484126e-05 0.000592535201796483 0.00117774179197911
158500 0.015825325477005 0.00856383800913454 1.6319377330939 0.510037931429819 -6.78337228237133e-06 4.08800865163364e-05 9.51466154299044e-05
158600 0.015825325477005 0.00721883786327507 1.63219410130998 0.50963921850498 -9.87283863702154e-06 -0.000574578854139772 -0.00112829699543452
158700 0.0158521190378654 0.00576942888599171 1.63244700259768 0.509178043572436 7.45231024918903e-06 -0.000228328286081267 -0.000567630017117733
158800 0.0158521190378654 0.00445279131884456 1.63270166938896 0.508822773782383 7.20872147007661e-06 0.000501748763672921 0.000770693036907985
158900 0.0158521190378654 0.00301607699526502 1.63292520805505 0.508346640934963 -7.38057381207514e-06 0.00033952377485388 0.000832086616285651
159000 0.0158794124785924 0.00155475620920367 1.63310471232534 0.50789234103429 -1.15092361298123e-05 -0.000400466800316942 -0.000566745966588863
159100 0.0158794124785924 0.000201650055069889 1.63334303629135 0.507480072294294 -3.44564236825573e-06 -0.000475015549641579 -0.0011124946442645
159200 0.0158794124785924 -0.00126437545845328 1.63353097531869 0.506994737567376 7.62907828855738e-07 0.000246582580166934 8.74044955461759e-05
159300 0.0159080056069731 -0.0027473707815091 1.63366871405211 0.506524249355541 -1.43693352147597e-06 0.000521460833196548 0.00104622253343757
159400 0.0159080056069731 -0.00398868887556726 1.63402649689858 0.506168500101845 -8.67131373650874e-06 -0.000116882223602292 0.000127565406964212
159500 0.0159080056069731 -0.00530629318391584 1.63434596217735 0.505801777731254 -9.13456186200677e-06 -0.000561004868460558 -0.000978323052139582
159600 0.0159394980385811 -0.00669661690312829 1.63460160051041 0.505369120213637 -4.23924839823125e-06 -8.72777297448298e-05 -0.00061253118985578
159700 0.0159394980385811 -0.00791870112229644 1.63503208119854 0.505050217626346 -1.75723045042131e-06 0.000532593814776805 0.000578689318644628
159800 0.0159394980385811 -0.00908944000286192 1.63541996804041 0.504760719484411 -7.10854692352974e-06 0.000196552507215228 0.000827932341812279
159900 0.0159717902779761 -0.0104086545872732 1.63570937348301 0.50434409019213 -1.56522854858109e-05 -0.000487545096328847 -0.000392921772821197
160000 0.0159717902779761 -0.0115748688383039 1.63611521960201 0.504061459382945 -1.2663644489093e-05 -0.000376333301961756 -0.00115677215293405
160100 0.0159717902779761 -0.0127418213230628 1.63651810398759 0.503752779109276 -6.04131943617971e-06 0.000391383299928342 -3.92076908527378e-05
160200 0.0160045823972378 -0.0139566859557418 1.63689999523673 0.503413977516932 -9.32601620383097e-06 0.00043883667667551 0.00102129985949658
160300 0.0160045823972378 -0.0152217500353957 1.63722967443003 0.503062518756071 -1.83449603227515e-05 -0.000291184538569678 0.000248110507392077
160400 0.0160045823972378 -0.0163241614652241 1.63771023315646 0.502791386179391 -1.70490331450458e-05 -0.000528104065318829 -0.000966732422887341
160500 0.0160045823972378 -0.0174440087880487 1.63813476717086 0.502522087884345 -9.50101438038588e-06 0.000128488220130194 -0.000813661148271213
160600 0.0160373745164997 -0.0185832534538686 1.63849650558138 0.502207005002061 -1.10423703874238e-05 0.000548314342581492 0.000696555098691891
160700 0.0160373745164997 -0.0198142390413757 1.63891062986426 0.501872495325 -2.0137192353542e-05 -2.81195104199116e-05 0.0009279504705864
160800 0.0160373745164997 -0.0207775588829737 1.63940997862017 0.501692727895542 -2.12048849768012e-05 -0.000553233101763184 -0.000536740078098133
160900 0.0160702666117347 -0.0219519864348569 1.63980333047227 0.501354982459484 -1.54489028936266e-05 -0.000144469599357081 -0.00116994997190171
161000 0.0160702666117347 -0.0230082715341675 1.64027407747389 0.501130979497016 -1.29618581535145e-05 0.000509513229847127 3.08031097149755e-05
161100 0.0160702666117347 -0.0239749903023981 1.64082228676344 0.500932326273231 -1.51391852515026e-05 0.000245496554938279 0.0009802234434
161200 0.0161002594037426 -0.0249986750237484 1.64131277917198 0.500713759130662 -1.51655055587357e-05 -0.000448046519607529 0.000299486412957725
161300 0.0161002594037426 -0.0259703135421754 1.64183145622837 0.500518227809037 -1.61189890303572e-05 -0.000360915855686844 -0.00100982313417921
161400 0.0161002594037426 -0.0269446541795407 1.64243975220623 0.5003335242143 -2.23823425098648e-05 0.00036641171953385 -0.000793283727475062
161500 0.0161277527964162 -0.0278042081897029 1.64300517503151 0.500215512977846 -2.13586338263604e-05 0.000441004829253726 0.000630823854785096
161600 0.0161277527964162 -0.0286240513974125 1.64365661976998 0.500090056830556 -1.87843769187195e-05 -0.000251168114538121 0.000865867619559418
161700 0.0161542464293564 -0.0292146391468407 1.64439472485601 0.500123405372646 -2.02441049286282e-05 -0.000483639103774979 -0.000400992744464839
161800 0.0161542464293564 -0.0295460613113689 1.64530023488886 0.500271716656743 -2.5787105295274e-05 0.000145067170410246 -0.00115612341008382
161900 0.0161542464293564 -0.0295879514009539 1.64639565047669 0.500591491884503 -2.59230600517034e-05 0.00053199499463216 -0.000134430044616822
162000 0.0161807400622965 -0.0290596735691799 1.64766728668342 0.50118734731073 -2.50747075772794e-05 -1.69059694511834e-05 0.0010787320428213
162100 0.0161807400622965 -0.0275304493267111 1.64956025764367 0.502313148505359 -2.34953338910906e-05 -0.000483239728829539 0.000315963725724884
162200 0.0161807400622965 -0.0251887843854899 1.65188856888554 0.503910767655078 -2.90979504570844e-05 -8.09168581632641e-05 -0.00113157413298271
162300 0.0162078335510768 -0.0221252496448815 1.65441698136848 0.50578701402528 -3.54373341821388e-05 0.000493350822545055 -0.000708230114040528
162400 0.0162078335510768 -0.0188085666526029 1.65722958626639 0.507866323795135 -2.40282852056101e-05 0.000216435203892789 0.000661922576168692
162500 0.0162340272560969 -0.0156160261200963 1.65981406408809 0.509841447581357 -1.93482460844342e-05 -0.000406316025272993 0.000828149238890572
162600 0.0162340272560969 -0.0129928864398511 1.66224057189758 0.511528161884921 -2.59375141227537e-05 -0.000253406648842696 -0.00046555131662559
162700 0.0162340272560969 -0.0107985595044908 1.66448118846869 0.513038410139073 -3.18773072236926e-05 0.000380663894741481 -0.00119258578385962
162800 0.01625852136957 -0.00843287197352297 1.66662179769311 0.51455153687934 -3.30355630417208e-05 0.000379192361847789 9.02684206911563e-08
162900 0.01625852136957 -0.0056734115935562 1.66913505349101 0.51634061777938 -2.46279371508309e-05 -0.000248229211741594 0.00104751448433795
163000 0.0162856148583503 -0.00258308334481435 1.67165115344126 0.518250951889861 -2.20406222510476e-05 -0.000374620658754573 0.000167209063924636
163100 0.0162856148583503 0.000359912102047499 1.67423920967648 0.520110330166872 -2.73726114693141e-05 0.000215963732678022 -0.00108058213549983
163200 0.0162856148583503 0.00268004624146693 1.67651069032914 0.521674474987793 -3.86864308203251e-05 0.00044783303258953 -0.000634448314555914
163300 0.0163112087075302 0.00501300253532014 1.6786641573651 0.523184330615506 -3.22947677582808e-05 -6.23714746059535e-05 0.00069588147015638
163400 0.0163112087075302 0.00769268333612777 1.68112152296516 0.524929162233628 -2.18820138354496e-05 -0.000380571058573618 0.000750616072486005
163500 0.0163112087075302 0.0107077257103581 1.68371588996045 0.526822725026297 -1.82200951518817e-05 3.79172578379725e-05 -0.00056848248186519
163600 0.0163373024365768 0.0135104799297642 1.68611319352973 0.528586591796849 -3.14525072836718e-05 0.000423859198717796 -0.00105141671366607
163700 0.0163373024365768 0.0159781593544424 1.68842653516717 0.53020467785853 -4.58056978972838e-05 0.000122493541140794 6.41789215247432e-05
163800 0.0163635961175703 0.0185986529149402 1.69071363681466 0.531854359832168 -2.895599612045e-05 -0.000330151917151592 0.000937650922296742
163900 0.0163635961175703 0.0216019530536204 1.69331287246032 0.533760312844459 -1.30318701352921e-05 -0.000117727079242927 7.50918780937064e-05
164000 0.0163635961175703 0.0245416653190291 1.69588456983437 0.535612490399965 -2.58114422321499e-05 0.000338037272267092 -0.00103361596250439
164100 0.0163900897505104 0.027088942551532 1.6980260796855 0.537210134843385 -4.60911997926374e-05 0.000258829387846607 -0.000555646208291609
164200 0.0163900897505104 0.0300586437216718 1.70060201915621 0.539074870668243 -3.4603360351129e-05 -0.00018964199132169 0.000657941233863045
164300 0.0164164834074772 0.0331707130961952 1.70300884447853 0.540944895360059 -1.5977964351235e-05 -0.000248791673215696 0.000634398376234966
164400 0.0164164834074772 0.0361000390824236 1.70555495326875 0.542800274777221 -2.16355115568954e-05 0.000221007312408271 -0.000535334677352046
164500 0.0164164834074772 0.0388307842903993 1.7080002377101 0.544526505962397 -4.29307261946591e-05 0.000326040211172435 -0.000982309920708539
164600 0.0164442767280711 0.0418924268365274 1.71037694272698 0.546383379612259 -4.74575241608537e-05 -6.35914479537494e-05 0.000101044394620208
164700 0.0164442767280711 0.0449038206707661 1.71295097657075 0.548242238283965 -2.70312663574876e-05 -0.00024322178308976 0.000824055633428954
164800 0.0164442767280711 0.0477662257327212 1.71545147280232 0.550059964583056 -1.37595699607136e-05 4.88287782452358e-05 8.045362652032e-05
164900 0.0164721700246382 0.050663555387659 1.7177822370163 0.551809703726709 -3.15613632758456e-05 0.00032008838772899 -0.000940174865734365
165000 0.0164721700246382 0.0538049347598895 1.72039813047256 0.553747217240199 -5.14112328804456e-05 9.28347323993334e-05 -0.000545515964897607
165100 0.0164721700246382 0.0566830111891038 1.72291841602009 0.555558640983267 -3.53845356060307e-05 -0.000195827398118657 0.000535247594072657
165200 0.0165015629608058 0.0595687179767831 1.7252194676952 0.557295130070596 -2.05020088302019e-05 -9.67852413380031e-05 0.000660439610595765
165300 0.0165015629608058 0.062588057694896 1.72778958345147 0.559181214121755 -2.29454960079004e-05 0.000227882173345103 -0.000496667599130496
165400 0.0165015629608058 0.0653562088837286 1.73023783157722 0.560911899748028 -3.82088614781439e-05 0.000225424507704548 -0.000986580438947901
165500 0.016531955656707 0.0680866460182742 1.73244665383321 0.562581179962981 -4.6986253155213e-05 -0.000105502866683165 3.75223259631703e-05
165600 0.016531955656707 0.0709895602563443 1.73499088264522 0.564394025282939 -3.00163991492273e-05 -0.000184922719405453 0.000795322217738993
165700 0.016531955656707 0.0736450714137886 1.73734707655708 0.566072762021489 -2.11822643443077e-05 0.000105928756073115 0.00017578432885573
165800 0.0165628482324748 0.076100784226156 1.73946611347809 0.567594504912115 -2.62491867713771e-05 0.000290974149416799 -0.000942679153874516
165900 0.0165628482324748 0.0788613857279854 1.74189711536288 0.569335085609842 -4.74897596091684e-05 3.1430631112267e-05 -0.000658678940873136
166000 0.0165628482324748 0.0811525065825391 1.74410292865689 0.570824859916885 -4.38532293423951e-05 -0.000225580510671729 0.000562289019208243
166100 0.0165947405679763 0.0834629719182704 1.74617645338908 0.572289155916879 -3.00304013083748e-05 -3.29256509115625e-05 0.000776965103423864
166200 0.0165947405679763 0.0857885030753348 1.74838152475006 0.573796824329457 -2.84776807795773e-05 0.000269441911528578 -0.000613976544766894
166300 0.0165947405679763 0.08785877300897 1.75053907276242 0.575195283115781 -3.85747416944205e-05 0.000166052906360538 -0.00101538277949797
166400 0.0165947405679763 0.0899345053062012 1.7525930776006 0.57657854963231 -5.3011596922e-05 -0.000170462732841558 3.12924695776034e-05
166500 0.0166276326632116 0.0918612982643624 1.75454112138233 0.577849460778615 -3.45248298325881e-05 -0.000162335072153013 0.000958292666558229
166600 0.0166276326632116 0.093585190086369 1.75644563545062 0.579067325717138 -2.88714987314513e-05 0.00017719578886989 0.000104738787626089
166700 0.0166276326632116 0.0953885813374316 1.75844915430276 0.580313846580709 -3.73446947074879e-05 0.000275871814966906 -0.00107740524139491
166800 0.0166607247103934 0.0968522377897007 1.76013183529814 0.581359675169988 -4.74112252108883e-05 -3.70213625884823e-05 -0.000624704642120027
166900 0.0166607247103934 0.0983746695581183 1.76196529612455 0.582474620239919 -4.74833964377099e-05 -0.000262059136094136 0.000817635006367929
167000 0.0166607247103934 0.0996596710460724 1.76375209690847 0.583467665530155 -3.48237436521185e-05 3.14212229197522e-05 0.000665519284395919
167100 0.016694316637442 0.100674926844104 1.7652205290399 0.584318271693949 -3.37093078112282e-05 0.000329553423933474 -0.000779624546125698
167200 0.016694316637442 0.101631419378545 1.76684188050788 0.585126951374151 -4.34536461906113e-05 9.60949416358051e-05 -0.00101269295064837
167300 0.016694316637442 0.102391923344256 1.76831832340867 0.585886255276128 -5.29174116224592e-05 -0.000261126167506064 0.000219281074583337
167400 0.016694316637442 0.103217525084311 1.76987672837255 0.586663552319033 -4.33292610207691e-05 -0.000139590232784626 0.000923145968385891
167500 0.0167273087086506 0.103818305986543 1.77122361361865 0.58728566943642 -3.61921313952303e-05 0.000283574482786924 -0.000133307841332905
167600 0.0167273087086506 0.104196030741223 1.77253471381918 0.587861496844207 -3.67263959062433e-05 0.000259571449138684 -0.00109350769792404
167700 0.0167273087086506 0.104569644093149 1.77389539619571 0.588388043696962 -5.21571361117759e-05 -0.000218130520154723 -0.000474025145745876
167800 0.0167602008038857 0.10473871084966 1.77507935971441 0.588857081919986 -5.25801903153318e-05 -0.000265602084467056 0.000813556513100575
167900 0.0167602008038857 0.104727449866273 1.77623792872189 0.589202519156659 -4.15528649637839e-05 0.000182423058605954 0.000528709016664756
168000 0.0167602008038857 0.104816949294804 1.77743773612741 0.589609813374885 -4.31331478617072e-05 0.000327087883355487 -0.000785055449569565
168100 0.0167933928270408 0.104603688423559 1.77852040759675 0.589902216016488 -4.54312770773664e-05 -5.30253982037335e-05 -0.000979608268438855
168200 0.0167933928270408 0.104219960116977 1.77950515788505 0.590052525033785 -6.0379557343703e-05 -0.000342957740982279 0.000338920516271242
168300 0.0167933928270408 0.103580769905057 1.78032564906263 0.590102029035968 -4.88650154870345e-05 4.88053931532887e-07 0.000879501622798285
168400 0.0168268847781161 0.103034611772296 1.78131648030402 0.590225230727182 -3.89014562761537e-05 0.000372575446287077 -0.000227687113521918
168500 0.0168268847781161 0.102331203174328 1.78210930902694 0.590215853523432 -4.65997640202378e-05 0.000102397064059228 -0.00108189093770791
168600 0.0168268847781161 0.101536004859097 1.78289887122343 0.590206057286901 -5.52599274215765e-05 -0.000315076459245029 -0.000336839608358896
168700 0.0168268847781161 0.100596517837873 1.7836197768234 0.590089759017046 -5.11795198618668e-05 -0.000194098732476158 0.000802658330168816
168800 0.0168599768252981 0.0996068204616422 1.78432697910005 0.589970767012764 -4.1863171988065e-05 0.000290069506056747 0.000438328095086031
168900 0.0168599768252981 0.09843046076679 1.78493771404795 0.589750795337514 -4.46436289252452e-05 0.000274685537703751 -0.000868432519338498
169000 0.0168599768252981 0.0972116221234729 1.78541929958359 0.589469684984729 -5.1132837132563e-05 -0.000223805753905647 -0.000899078453987806
169100 0.0168938686802666 0.0960089170579926 1.78606892857314 0.58925085399346 -5.37674737106138e-05 -0.000318623241914127 0.000469144496716999
169200 0.0168938686802666 0.0947177165183901 1.78658544231809 0.588957823897989 -4.23042771893213e-05 0.000128391691156581 0.00076224149744132
169300 0.0168938686802666 0.0933605893170079 1.78709468073485 0.588640700118291 -3.92713114946804e-05 0.000360401748995807 -0.000379007247094334
169400 0.0168938686802666 0.0920020454277456 1.78777478311884 0.588360992490098 -5.22799370235831e-05 -5.07503157648252e-05 -0.00101604306945012
169500 0.0169274606073153 0.0908903898542123 1.78875400370881 0.588292640204044 -5.78761251675295e-05 -0.000384320382940806 -0.000180035067348999
169600 0.0169274606073153 0.0895176546654829 1.78951381368526 0.588028445770552 -4.58432518931463e-05 -4.86065959790163e-05 0.000808620429584109
169700 0.0169274606073153 0.088096746134433 1.79015964952443 0.587734127765609 -3.88327634594725e-05 0.00036077697849228 0.000272592947147459
169800 0.0169592529668436 0.0867368621903822 1.79093286218613 0.587485207448013 -5.26307678446602e-05 0.000137837145727117 -0.000983765024135318
169900 0.0169592529668436 0.0853467421571087 1.79150986763922 0.587177225609618 -6.18706001653326e-05 -0.000343866444482596 -0.000716126492722901
170000 0.0169592529668436 0.0836883558963722 1.79191633134469 0.586710391137313 -5.64395703642939e-05 -0.000216914561154512 0.000634128775947147
170100 0.0169898456146913 0.0822365698892116 1.79256559770693 0.586383592066259 -3.96056426036676e-05 0.000252556996299445 0.00066276096514024
170200 0.0169898456146913 0.0806567586816812 1.79301666164403 0.585973652520622 -4.71377607398279e-05 0.00025772861330632 -0.000624053361913441
170300 0.0169898456146913 0.0790785222549034 1.7934861493775 0.585535113615592 -6.40146115350542e-05 -0.000199140996550351 -0.000967326548606133
170400 0.0170199383826726 0.0774225213061021 1.79399227736819 0.585107193539022 -5.76596323012895e-05 -0.000340361795311515 5.21229431442602e-05
170500 0.0170199383826726 0.075800494831485 1.79436820638231 0.584628790182551 -4.2046638330173e-05 0.000115473431384567 0.000814588890170382
170600 0.0170199383826726 0.0741738318861076 1.79466216390036 0.584133665438052 -4.49552155030598e-05 0.000314699595847535 4.40947903472843e-05
170700 0.0170500311506536 0.0725488245158677 1.79514233228476 0.583695159303998 -6.34567846576923e-05 -5.30266121202106e-05 -0.000988522945621016
170800 0.0170500311506536 0.0708534934192756 1.795461553466 0.583157850239348 -5.96029489510049e-05 -0.00033521059283248 -0.000588210388927058
170900 0.0170500311506536 0.0693328627403652 1.79587598975667 0.582750933656242 -4.83773025356728e-05 -7.56854624309754e-05 0.000616449289013995
171000 0.0170795240627944 0.0677423359650604 1.79639793729323 0.58231649607535 -4.21983711523865e-05 0.000301727480757218 0.000614164740906368
171100 0.0170795240627944 0.0661554298522313 1.79673485300851 0.581841843329689 -4.57871864210541e-05 7.04523045045511e-05 -0.000606437816658876
171200 0.0170795240627944 0.064666671750501 1.79722104740138 0.581448796766582 -5.98852196553733e-05 -0.000293882007638368 -0.000955433070240686
171300 0.0171095168548023 0.0631957205657783 1.79779933875573 0.581074662521706 -5.49931515899689e-05 -0.000182177915762431 -1.59019302434752e-05
171400 0.0171095168548023 0.0617751074346492 1.79829170105933 0.580724685587686 -4.09422942333474e-05 0.00017515065096962 0.000809666640928339
171500 0.0171095168548023 0.0603501488512161 1.79884480171497 0.58034339788615 -3.50656420419608e-05 0.000206785960158865 7.93392218522078e-05
171600 0.0171412092383571 0.0591244160903799 1.79949400337108 0.58011720431636 -4.35797263367106e-05 -0.000203553782592301 -0.00102102453206934
171700 0.0171412092383571 0.0578462051129661 1.80013786957907 0.579825869094696 -4.62116853786025e-05 -0.00028313615182305 -0.00069161237410468
171800 0.0171412092383571 0.0569093893805963 1.80090006584837 0.579718516648802 -3.59886954917257e-05 8.38204534367177e-05 0.000709261033751864
171900 0.0171750011173524 0.0560499778457107 1.80178693582503 0.579682972018227 -2.7113687108674e-05 0.000228561373436768 0.000664958297657526
172000 0.0171750011173524 0.0554494741899297 1.80278462983798 0.579750990308975 -3.88359407128498e-05 -6.38944626475329e-05 -0.000714439908736079
172100 0.0171750011173524 0.0552351694954133 1.80387150625449 0.580020045129613 -4.83566839785305e-05 -0.000333915468572717 -0.00104188895575655
172200 0.0171750011173524 0.0553961008448105 1.80529159137422 0.580482691626463 -3.66664125157126e-05 -4.964459060441e-05 0.000181830549602655
172300 0.0172071933807741 0.0561385171458984 1.80692095898043 0.581280415577399 -2.68780555189146e-05 0.000267617232836082 0.000926752960492015
172400 0.0172071933807741 0.0567688343542231 1.80853068025345 0.581972768695827 -3.0679456113919e-05 3.01617185674708e-05 -4.40210839065437e-05
172500 0.0172071933807741 0.0574503733388382 1.81012639728384 0.582719204493662 -3.92202714513516e-05 -0.000308597883060406 -0.0011335450469333
172600 0.0172390857162756 0.0579529369392858 1.81161286954983 0.58335939788714 -3.44426966137311e-05 -0.000152760128199557 -0.000596242561478952
172700 0.0172390857162756 0.0581332869462203 1.81297528524917 0.583833551949218 -2.70346262391499e-05 0.000196259899673508 0.000901479035295172
172800 0.0172390857162756 0.0582270385333558 1.81421807783636 0.584259497193249 -2.79573589314322e-05 0.000127991531809205 0.00062570511882159
172900 0.0172731775231909 0.0586237206936095 1.81566688349739 0.584833713251518 -3.2113915557065e-05 -0.000250498096876186 -0.000898926645889557
173000 0.0172731775231909 0.0591397302608185 1.81711504121572 0.585487994501103 -3.60365899296202e-05 -0.000242230281392738 -0.00106092678163031
173100 0.0172731775231909 0.0596172917379766 1.81861552030717 0.586100804586669 -3.30292136146579e-05 0.000125961833585695 0.000362397546002247
173200 0.0172731775231909 0.0599603482007211 1.82000577421436 0.586679143608677 -2.76166682073208e-05 0.000168737317802061 0.000945808927506459
173300 0.01730796916192 0.0600006226874166 1.82120040901604 0.587051620709161 -2.6318970738099e-05 -0.000129397618453071 -0.000244165310612173
173400 0.01730796916192 0.0602595854568769 1.82255806454919 0.587572719678593 -3.35509316215557e-05 -0.000285875680786993 -0.00116454329235329
173500 0.01730796916192 0.0606694728971487 1.82397092828176 0.58816685410332 -2.84845143474089e-05 -1.24541494594413e-05 -0.000383477560200064
173600 0.0173446603441428 0.0612119111274889 1.8254592157402 0.588821557491258 -2.54093989695548e-05 0.000206344249096622 0.000845874166408849
173700 0.0173446603441428 0.0613058279996417 1.82668325125674 0.58925257480426 -2.59890265673002e-05 -2.73724666336462e-05 0.000484701444424924
173800 0.0173446603441428 0.061557448462688 1.82803503868965 0.589745187997223 -2.11178864427873e-05 -0.000264390066294573 -0.000825342118305666
173900 0.0173446603441428 0.0620596429962342 1.8294975343243 0.59041490105116 -3.12244780858361e-05 -0.00013381791906814 -0.00105999749493306
174000 0.0173816514542857 0.0624751225632802 1.8309050409876 0.590988218552129 -3.32673401779533e-05 0.000161157145481543 0.000360123212380344
174100 0.0173816514542857 0.0626276301083507 1.83212980935942 0.591431070999989 -2.3381163544652e-05 0.000105554441339682 0.00104049090123577
174200 0.0173816514542857 0.0630317345580444 1.83358237257391 0.592039067380042 -1.99779896231788e-05 -0.00022390012881808 -0.000262780380484368
174300 0.0173816514542857 0.0635482605011393 1.8350303765208 0.592674953992588 -2.69944155703845e-05 -0.000233666538195833 -0.00128634151811154
174400 0.0174186425644284 0.0638810920819332 1.8363656522955 0.593213331517465 -3.80847308469887e-05 7.93259287637818e-05 -0.000283677964794465
174500 0.0174186425644284 0.0642264012764512 1.83776927840175 0.593772037311701 -2.86444128350576e-05 0.000192448940516179 0.000926721281096509
174600 0.0174186425644284 0.064667002685778 1.8391792952985 0.594383284657476 -1.95665069237798e-05 -0.000112670548803679 0.000435546814847391
174700 0.017454433962891 0.0651215569521721 1.84059641182734 0.594979858071757 -2.42299171347465e-05 -0.000279293484928517 -0.000901781651920878
174800 0.017454433962891 0.0654475737887435 1.84194995086378 0.595518996893118 -3.28456288642943e-05 -4.4151008672633e-05 -0.00100339880490843
174900 0.017454433962891 0.0658741809750439 1.8433815245651 0.596125408801919 -3.18288702279043e-05 0.00020686997394466 0.000424763284920673
175000 0.017454433962891 0.0663810001141187 1.84483695195507 0.596754565880307 -1.96490805505138e-05 1.98319146544779e-05 0.00104927815801455
175100 0.0174874260340994 0.0667523075268558 1.84621482749265 0.597309768562552 -1.64850034967409e-05 -0.00029482664236102 -0.000370639710201154
175200 0.0174874260340994 0.0672099819929074 1.84761484981044 0.597919051250515 -1.94431952159266e-05 -0.000136633801297137 -0.00129382295290116
175300 0.0174874260340994 0.0676905128118224 1.84906439091761 0.598519527487056 -2.48534784533295e-05 0.000154286412656005 -0.00020928940354981
175400 0.0175200182014145 0.0681485016681916 1.85047707400252 0.599139556792153 -1.84581097198912e-05 0.000110031418193752 0.00104391633867815
175500 0.0175200182014145 0.0685150517463252 1.85184900192791 0.599666702814041 -3.86441765285911e-06 -0.000204861875335787 0.000363205589484791
175600 0.0175200182014145 0.0690105360417322 1.85327488421881 0.600289351286571 -6.09088787591504e-06 -0.000269650480725687 -0.00107066363566629
175700 0.0175522104648362 0.069552368362715 1.85468901478472 0.600912024419372 -1.79737281210004e-05 8.35234438118375e-05 -0.000910856839824288
175800 0.0175522104648362 0.0698322158167529 1.85599817150762 0.601383175359209 -2.20323222060967e-05 0.000193837630951003 0.000673207302550043
175900 0.0175522104648362 0.0704353133957822 1.85742929014357 0.602052631020575 -9.74901355665346e-06 -9.3557986831782e-05 0.0009460500422984
176000 0.0175844027282578 0.0708274148843929 1.85876108635989 0.602567190443373 1.92237462842789e-07 -0.000286673010157118 -0.000592287791650303
176100 0.0175844027282578 0.07121590703206 1.86007703779146 0.603117135423625 -1.19848847561631e-05 -5.1006501568878e-05 -0.00119090285255508
176200 0.0175844027282578 0.0716274058505254 1.86142763607451 0.603643878530044 -2.64404281854433e-05 0.000223793187921914 -6.50403297035761e-05
176300 0.0175844027282578 0.0720210053412454 1.86277381074268 0.604199314302795 -1.03293660275274e-05 3.13918107674331e-05 0.00108230678403349
176400 0.0176169948955727 0.0723981259773084 1.86401748386096 0.604701296011743 6.37527747085756e-06 -0.00027041894150786 0.000189656077495229
176500 0.0176169948955727 0.0728394327571379 1.86539971149083 0.605260379081717 -3.87465433250896e-07 -0.00016625971622993 -0.00119701812910984
176600 0.0176169948955727 0.0731403122743917 1.86664109528212 0.605753996765129 -2.21634866222428e-05 0.000172512410808496 -0.000694558938473433
176700 0.0176502868947014 0.0735757084266363 1.86792622891559 0.606266862952147 -1.96381534737708e-05 0.000142364870035553 0.000790342794328853
176800 0.0176502868947014 0.0738469204137942 1.86917289741091 0.606751641245051 9.68446902761658e-06 -0.000202796256464535 0.000805555605397748
176900 0.0176502868947014 0.0741305134034845 1.87042818000372 0.607212675590673 1.26941005906057e-05 -0.000251746024042682 -0.000648989158937106
177000 0.0176845786535635 0.0744986671498977 1.87164624831819 0.607704881092219 -1.66176164445141e-05 7.42252479403223e-05 -0.00115002083402949
177100 0.0176845786535635 0.0746975265002125 1.87286128717881 0.608148095624812 -2.03810874864091e-05 0.000195532549806263 6.25504734970529e-05
177200 0.0176845786535635 0.0749859180172858 1.87409545328159 0.608600997557831 5.83957366400253e-06 -8.35104762355303e-05 0.00111856661455559
177300 0.0176845786535635 0.0751827036372626 1.87530317078486 0.609040932315332 1.74860156208473e-05 -0.000262748272857091 0.000126616986598601
177400 0.0177185704845056 0.0753905627182009 1.87644935639449 0.609450644830574 -2.92920156660689e-06 -5.38569976229591e-05 -0.00129689240109104
177500 0.0177185704845056 0.0756450054905643 1.87766157317115 0.609903248251935 -2.12778608935452e-05 0.000204248462360024 -0.000608328950585078
177600 0.0177185704845056 0.0757813458511191 1.87885729874668 0.610313742553442 -1.05678366890369e-06 5.20040959421362e-05 0.000916264891429435
177700 0.0177518624836342 0.0760811262644743 1.88004996060096 0.610780093526942 2.26782429529514e-05 -0.000239329175711691 0.000691108233955601
177800 0.0177518624836342 0.0761705598133849 1.88120118512317 0.611162505320262 5.64783439722777e-06 -0.000142566831470457 -0.000801662361378621
177900 0.0177518624836342 0.0763394354157469 1.88239427685048 0.611583626995874 -1.26991263685296e-05 0.000145630762003295 -0.00105673361207427
178000 0.0177823551555087 0.0765544244808026 1.88357152681616 0.612022220187594 -1.08004092268705e-05 0.000154951933682279 0.000263542930988991
178100 0.0177823551555087 0.0766180588969706 1.8847334047409 0.612403505718157 1.22757223402127e-05 -0.000159758624055156 0.00106572234887864
178200 0.0177823551555087 0.0767869401792326 1.88589961317753 0.61281952451678 1.08272863663546e-05 -0.000227470482042769 -7.10501662162404e-05
178300 0.0178120480195963 0.0767751889359307 1.88701472086469 0.613157849600986 -8.33438691060197e-06 7.14341655123803e-05 -0.00126231508565952
178400 0.0178120480195963 0.0768860312947073 1.88815174353003 0.613558834052364 -4.06696553796619e-06 0.000202644307126593 -0.000401744734615258
178500 0.0178120480195963 0.0768567009940761 1.88926976204857 0.613877194760322 1.21494936529558e-05 -4.29934544270077e-05 0.000992417261328906
178600 0.0178392414843499 0.0768667577067392 1.89036466840018 0.614245829382933 1.97510857158892e-05 -0.000277105434812241 0.000550574754255123
178700 0.0178392414843499 0.0767934615776491 1.8914377822221 0.6145399527675 4.89358266746518e-06 -2.91619601597048e-05 -0.00100041486784248
178800 0.0178657351172902 0.0765822514150295 1.89245584342246 0.614789391973341 -3.39166773417407e-06 0.000212664507265176 -0.000915714164977503
178900 0.0178657351172902 0.0762242676845867 1.89339138374779 0.61496250111983 1.20737068344892e-05 4.19032229335083e-05 0.000533291817813706
179000 0.0178657351172902 0.0755935083427942 1.89424210074588 0.614988270152983 2.24426279637849e-05 -0.000194389880753271 0.000893395860798997
179100 0.0178926286541237 0.0746119285067893 1.89484737233679 0.614855800024154 1.54200302046716e-05 -0.000164815543640368 -0.000369153692517676
179200 0.0178926286541237 0.0732049128806994 1.89530443731079 0.614466462881733 4.20292956898818e-06 0.00014936501083241 -0.00112386620059274
179300 0.0178926286541237 0.0714813684801586 1.89559159817919 0.613966410285252 8.0434988917198e-06 0.000163149734398376 -0.000125208714037963
179400 0.0179194222149839 0.0694385539154297 1.89574864994133 0.613272776666893 1.72298977668938e-05 -0.000130812751924723 0.000927134535673289
179500 0.0179194222149839 0.0672571193358585 1.89576183315955 0.612494467923416 1.44308125582688e-05 -0.00020355772461719 0.000315403748518403
179600 0.0179467156557109 0.0650654912733645 1.89583342147496 0.611737452975426 3.85262290787267e-06 2.97517275406441e-05 -0.00100859979722482
179700 0.0179467156557109 0.0632892030478689 1.89605649183646 0.611164793829215 1.0105510235361e-05 0.000198051740210509 -0.000733882894386287
179800 0.0179467156557109 0.0615478943630281 1.89625701365833 0.610622417399835 1.80675628703881e-05 2.01505321472373e-06 0.000705624406009879
179900 0.0179735092165713 0.0596221098583771 1.89654045042912 0.609999414485681 1.43998497766949e-05 -0.000248660421945568 0.000761686396884653
180000 0.0179735092165713 0.0576007059437142 1.89666199933584 0.609338180658313 7.46576239650542e-06 -8.91094115446222e-05 -0.000604651214123836
180100 0.0179735092165713 0.055366948168313 1.89673825604082 0.608542598929129 7.26166543504569e-06 0.00020491221691995 -0.00103789953290246
180200 0.0180006027053516 0.0531602773456888 1.89685334342557 0.607796267484483 1.18941405402236e-05 9.17477967086589e-05 0.000106826210549272
180300 0.0180006027053516 0.0512611538146647 1.89709060232458 0.607181595590027 1.79074257057829e-05 -0.000190884189086265 0.000996498689883509
180400 0.0180006027053516 0.0494665720461975 1.89736402614558 0.606623569873308 1.26396805713436e-05 -0.00018323647439869 6.73053955738364e-05
180500 0.0180312953291727 0.0474518143478548 1.89761923480014 0.605980449597197 2.00959659862913e-06 0.000122166141871839 -0.00116485263451641
180600 0.0180312953291727 0.0452118789407368 1.89772305219846 0.605190271153259 9.81997223807474e-06 0.000177672670096355 -0.000490288804823445
180700 0.0180312953291727 0.0430181758000624 1.89780382831521 0.604433633446263 1.92542961259189e-05 -0.000139131246224983 0.000888475111982627
180800 0.0180619879529939 0.0410544520686386 1.89814267478908 0.603810531508953 1.94550118562599e-05 -0.000236993349375768 0.000601663690487956
180900 0.0180619879529939 0.0391462589577226 1.89837295226691 0.603201396097056 2.71657905036209e-06 1.39363966470632e-05 -0.000752188621593681
181000 0.0180619879529939 0.0369244131528314 1.89850288757526 0.602418205650018 3.43690838614247e-06 0.000180526386991145 -0.000967170309802466
181100 0.0180926805768152 0.0348563212327772 1.89878154354827 0.601767266252593 2.23811983809456e-05 -1.57597273439972e-05 0.00020910244350813
181200 0.0180926805768152 0.0326741333615934 1.89889972594457 0.600993811036722 1.41469732585323e-05 -0.000240854161621228 0.00104456995712078
181300 0.0180926805768152 0.0306599291656409 1.89907046082349 0.600310389729083 5.65375030513378e-06 -7.67210070801506e-05 1.79746195645825e-05
181400 0.0181244729363434 0.0285770561715671 1.89938543691132 0.599650978393467 2.78636352710168e-06 0.000180970436064218 -0.00124756094680635
181500 0.0181244729363434 0.0263059140759137 1.89944285482046 0.598832491992233 1.42551531344285e-05 4.64937993470432e-05 -0.000443823675194426
181600 0.0181244729363434 0.0242494840796792 1.89954203872296 0.598108026280932 1.82458122034284e-05 -0.00022361418070405 0.000950176934279153
181700 0.0181244729363434 0.0223148527052028 1.89985938513164 0.597489581480666 1.28380102906237e-05 -0.000159323294911891 0.00059720105262478
181800 0.0181567651757384 0.0202328751370156 1.90010303479853 0.596821753327609 4.87523977625786e-06 0.00011283924845703 -0.000860490356550546
181900 0.0181567651757384 0.0179924718538241 1.900198272724 0.59599243471837 1.24937465803432e-06 0.000125320605051873 -0.000971650100413101
182000 0.0181567651757384 0.0161711619983283 1.90049414385677 0.595447451991067 2.02130126648773e-05 -0.00016845322461908 0.000361649298673403
182100 0.0181884575592932 0.0143125194394982 1.90090933056259 0.594868157297279 2.02726364301247e-05 -0.000222814974004318 0.00103888886191222
182200 0.0181884575592932 0.0121765360700827 1.90105015387427 0.594135103386414 4.53378341335347e-06 7.88050614323333e-05 -0.000104893796338492
182300 0.0181884575592932 0.010310787647297 1.90128964115363 0.593515160139966 -7.28956772979272e-06 0.000177005762360008 -0.00130808106889843
182400 0.0182209497506349 0.00866096402912165 1.90189293463501 0.593081773013689 8.5395527571934e-06 -0.000119771004018513 -0.00035338415345988
182500 0.0182209497506349 0.00691690866526858 1.90221036563388 0.592568737060984 2.71040410923684e-05 -0.000257256750441718 0.00102154519111003
182600 0.0182209497506349 0.00517083532826758 1.90259078956947 0.591998245058553 1.06878913554073e-05 -5.19202477779808e-06 0.000555281657777631
182700 0.0182542417497635 0.00368209394537615 1.90323942981989 0.591691856763443 -5.10231584410431e-07 0.000172859049702057 -0.000894339499257324
182800 0.0182542417497635 0.00222267691161739 1.90376249146034 0.591291345312045 3.7167831220081e-06 -2.89150830917512e-05 -0.0010017498788864
182900 0.0182542417497635 0.000657378442218862 1.90423169368463 0.590861812734687 2.06723603924463e-05 -0.000252639574929265 0.000494983761481541
183000 0.0182862340612383 -0.000659200125390312 1.90494278639647 0.59060208224421 2.22222011063672e-05 -0.000107308019907204 0.00107858879205351
183100 0.0182862340612383 -0.00175274672546145 1.90569757782645 0.590414699083587 -2.33367813986531e-06 0.000152859813644232 -0.000263264860150348
183200 0.0182862340612383 -0.00293455177737447 1.90637477227147 0.590217985854779 -2.87207354244134e-06 5.52942254097391e-05 -0.00129842738446055
183300 0.0182862340612383 -0.00395804306895994 1.90715752374594 0.590043699969326 1.6668569328319e-05 -0.000214985399407987 -0.000232964748045922
183400 0.0183174265649265 -0.00474899931165828 1.90815994147221 0.590095835277677 2.61962708845614e-05 -0.000177373981612056 0.00109121296589443
183500 0.0183174265649265 -0.0055494840364921 1.90906252009458 0.59007425685605 9.54036147236559e-06 8.6894856133193e-05 0.00043721587940643
183600 0.0183174265649265 -0.00637079883439967 1.90993666902084 0.590023225079277 1.07765928532961e-09 0.000105373658357725 -0.000995549771216951
183700 0.0183473193809608 -0.00693800137324664 1.91105283313068 0.590190433527217 1.76717068576233e-05 -0.00014868499256823 -0.000856038122081535
183800 0.0183473193809608 -0.00730240451111951 1.91220208405357 0.590394236721678 2.71415766736518e-05 -0.000190062486871672 0.000532437407645093
183900 0.0183761124612882 -0.00786434157443923 1.91321287215269 0.590511932017194 1.75238400414721e-05 4.33408670959639e-06 0.000969733681944449
184000 0.0183761124612882 -0.00819948450585836 1.91438404347553 0.590744685549087 2.19465999474148e-06 8.54109503242343e-05 -0.000322964084357442
184100 0.0183761124612882 -0.00806496179675195 1.91582010602389 0.591254571465086 8.93334011541593e-06 -7.36457878311976e-05 -0.00119052772026381
184200 0.0184058053253757 -0.00824177661852092 1.91702862718972 0.591566637429298 2.76393214119e-05 -0.000150071158878181 -0.000146741620978377
184300 0.0184058053253757 -0.00827768799456327 1.91835084208783 0.591946045554773 2.23393460659289e-05 -5.68426262658667e-05 0.0010322866553036
184400 0.0184058053253757 -0.00786418065524687 1.91993707989428 0.592629137525606 5.77999201909649e-06 2.60893245943409e-05 0.000347935953435276
184500 0.0184354981894635 -0.00775427236743726 1.92131899118129 0.593078572261006 1.66435875238309e-06 1.58135570219735e-06 -0.00100994303897962
184600 0.0184354981894635 -0.007534885821217 1.92274494104069 0.593607052062912 2.14702782448824e-05 -0.000119497594316228 -0.00072531042061989
184700 0.0184354981894635 -0.00691450056400889 1.92443851016295 0.594369442983051 2.7631546736638e-05 -9.79822135060844e-05 0.000636022928006336
184800 0.0184633914860306 -0.00631372940139351 1.9260920412967 0.595108069369087 9.55427850120348e-06 -4.84637160386868e-06 0.000806901487417865
184900 0.0184633914860306 -0.00586917741074913 1.92761402712235 0.595735666853077 4.08898186371412e-06 -1.66549526336091e-06 -0.000451902637922735
185000 0.0184633914860306 -0.00514852402193394 1.92934105661948 0.596535708627538 1.53017377827053e-05 -5.05933407541677e-05 -0.00103996042437021
185100 0.0184937841819317 -0.00416993710107812 1.93121177813407 0.59750037844338 3.76414411861885e-05 -0.00012585176059258 1.23501407785983e-05
185200 0.0184937841819317 -0.00358166594899336 1.93279828695416 0.598181110710635 2.68507850114929e-05 -2.93387143892141e-05 0.000939579435158349
185300 0.0184937841819317 -0.00259812672930282 1.93463664245237 0.599122184980331 6.22462036354872e-06 1.9613832132533e-05 0.000184490385788368
185400 0.0185214775265522 -0.00135133211484823 1.93660103239734 0.600195068777008 1.26109507197978e-05 -7.38297168193119e-05 -0.000973520677775223
185500 0.0185214775265522 -0.000528423308794202 1.93831654399426 0.601012639241475 3.40835301012685e-05 -9.79039051535481e-05 -0.000559590529246109
185600 0.0185214775265522 0.000513462586412214 1.9401559374311 0.601973583488839 4.08777213639063e-05 -3.99096724443374e-05 0.000685502987611538
185700 0.0185483710633858 0.00178275250332532 1.94210604124286 0.603029313725134 1.80314650087685e-05 1.30050834134254e-05 0.000690983362429867
185800 0.0185483710633858 0.00298953395841643 1.94401345550808 0.604076496351926 1.12731357541683e-05 -5.07611219470385e-05 -0.000571626296442323
185900 0.0185744647924326 0.00407641765131918 1.94582050650581 0.605012154056806 3.22883890617772e-05 -0.000110583992546912 -0.000935579520698097
186000 0.0185744647924326 0.00534215685902328 1.94777340903297 0.606079083976956 4.9735069589863e-05 -4.99478767268529e-05 0.000188605662588058
186100 0.0185744647924326 0.00656517048188739 1.94968401235901 0.607125166507713 2.96551440885435e-05 3.40093364857029e-05 0.000902505118525854
186200 0.0186015582812128 0.00765479650115227 1.95148478141243 0.608048914419655 9.6971284382531e-06 -5.981208721056e-05 -3.03514100498685e-05
186300 0.0186015582812128 0.00892676354139107 1.95338405991488 0.609117019034372 2.58318601660618e-05 -0.000147268345402778 -0.000995526873690808
186400 0.0186015582812128 0.0101382931497531 1.95532668808701 0.610132959135255 5.1688406976724e-05 -5.48708873352619e-05 -0.000331997321816605
186500 0.018628351842073 0.0113759888541958 1.95716067360499 0.611154628258013 4.89715146708254e-05 4.32803024139192e-05 0.000749986275799815
186600 0.018628351842073 0.0125195884858652 1.95901983156296 0.612129277689657 1.44423089382685e-05 -1.57963086107994e-05 0.000551242231982942
186700 0.0186543455951464 0.0136367971500521 1.96083618079322 0.613078138509052 2.17853268147152e-05 -0.000170802847460319 -0.000660229357314737
186800 0.0186543455951464 0.014909761495349 1.96272788129781 0.614137615506063 4.92136164668478e-05 -0.000108533524505339 -0.000868714353876944
186900 0.0186543455951464 0.0161078463017307 1.9646187930339 0.615120992882997 5.76147253670835e-05 8.37776945995632e-05 0.00031518815865684
187000 0.0186797394923796 0.0171574981044337 1.96631468089443 0.61603483134883 3.27535876361266e-05 8.23033422781417e-06 0.000905699508372897
187100 0.0186797394923796 0.0182969372917394 1.96815969881469 0.616985110009797 1.93007772963224e-05 -0.000169930095502426 -0.000101076983562969
187200 0.0187053333415595 0.0194723275594289 1.96992460950077 0.617953243354699 4.20383326641226e-05 -0.000157431739153467 -0.00105641864816202
187300 0.0187053333415595 0.0204823153081054 1.97165398744952 0.618838523330817 5.91121066048285e-05 4.95181516501772e-05 -0.000270147769210979
187400 0.0187053333415595 0.0216016645559142 1.97345206912085 0.619771794074635 5.31528103384423e-05 0.000110689468186388 0.000848767441406936
187500 0.0187326267822866 0.022806248044469 1.97519480364474 0.620751994428364 2.37953960514812e-05 -0.000149232927843262 0.000442839064927768
187600 0.0187326267822866 0.0239385352129886 1.97700729821544 0.62169253176871 3.62904679045076e-05 -0.000258254420847659 -0.000735108613735743
187700 0.0187326267822866 0.0248927118140997 1.97864556111333 0.622535277729431 6.73442732014762e-05 1.59035485000169e-05 -0.000756198362304436
187800 0.0187625195983209 0.0260087254538938 1.98040255402809 0.623467130562047 6.32627677163434e-05 0.000169629923244008 0.000413322650354463
187900 0.0187625195983209 0.0270846218271132 1.98211484899229 0.624369513785728 4.448029570065e-05 -7.62800357592123e-05 0.000818833859873077
188000 0.0187625195983209 0.0280401670924524 1.98377779779603 0.625215997643691 3.52006269007285e-05 -0.000314166186346416 -0.000197454821819741
188100 0.0187910127507282 0.0291773272669806 1.98552333076876 0.626152611673619 5.84766334794697e-05 -8.11835745294054e-05 -0.00101804367318482
188200 0.0187910127507282 0.0302464251080499 1.98721400810784 0.627063523795551 7.37875144766669e-05 0.000213307774209969 -0.000170193779937346
188300 0.0187910127507282 0.0310962864394554 1.98884136373376 0.627847030260113 5.92198901866515e-05 8.54027739564674e-06 0.000988780228032072
188400 0.018819605879109 0.0319902923651722 1.99030126993223 0.628617447267679 4.49177790908926e-05 -0.000332700201622685 0.000272630510616693
188500 0.018819605879109 0.0329342530541703 1.99197598249771 0.629468278665939 6.34888626381841e-05 -0.000195137085626568 -0.000955218075723584
188600 0.018819605879109 0.0337260565322816 1.99351032810878 0.630225086427349 8.59668292210978e-05 0.000208124182081192 -0.000597495994825896
188700 0.0188477991035962 0.0342826490623691 1.99479906296566 0.630805638783886 7.87902398567918e-05 9.72943051167964e-05 0.00064897184994714
188800 0.0188477991035962 0.0348308700149112 1.99624661364792 0.631459226159814 6.06436861429626e-05 -0.000292759446500703 0.000751017590623361
188900 0.0188477991035962 0.0349429280107323 1.99740241234103 0.631843503578241 7.0409692127199e-05 -0.000276064616002647 -0.000459879234045621
189000 0.0188769920878171 0.0345362118462733 1.99826310273982 0.631959763959268 9.79730802773734e-05 8.79723524355926e-05 -0.00100557078265549
189100 0.0188769920878171 0.0335032727394294 1.99883191508391 0.631765539883742 9.52497543827269e-05 0.000191698431060776 1.65317108556542e-05
189200 0.0189048853843842 0.0319438637928779 1.99915507123871 0.63128672935379 7.37483301497082e-05 -0.000193895025411798 0.00102833957152047
189300 0.0189048853843842 0.029564362429585 1.99908529187514 0.630432167381499 7.2116570085176e-05 -0.000357943198102315 0.000195897228228362
189400 0.0189048853843842 0.0264951297066488 1.99863636924241 0.629160342995772 9.74517362975515e-05 3.03215384211534e-06 -0.001121663520326
189500 0.0189299793536974 0.0231610162203778 1.99807061687186 0.627785595310301 9.87589996837691e-05 0.000221522976269648 -0.000520159543489128
189600 0.0189299793536974 0.0201195966094434 1.99765899410272 0.626564647611399 7.89255871269608e-05 -9.12758314114264e-05 0.000862297800432819
189700 0.018951074284076 0.0174846587824608 1.99744993103736 0.625542384777356 6.48703258784944e-05 -0.00037207530746525 0.000645091162586085
189800 0.018951074284076 0.015113872584609 1.997334947418 0.624661680887991 7.62772099079465e-05 -0.000123781022924223 -0.000674198095428678
189900 0.0189715693586148 0.0127667046214053 1.99723761573727 0.623774940639692 9.86800325178308e-05 0.000227432394029853 -0.000918534663203307
190000 0.0189715693586148 0.0100427039264324 1.99693313939742 0.622718010522182 7.85109043846662e-05 1.59716664824877e-05 0.000287915838057722
190100 0.0189934640967804 0.00689614854658368 1.99644249762116 0.621413619511147 5.58353531845208e-05 -0.000363983858040289 0.000934997984667238
190200 0.0189934640967804 0.00388608733991688 1.99592518049209 0.620180398309787 6.45690787271464e-05 -0.000225366905861292 -2.69187166219797e-05
190300 0.0190149589310525 0.00133249805514781 1.99581516940821 0.619219846313769 9.56262713357664e-05 0.000161044919975819 -0.00105782835933472
190400 0.0190149589310525 -0.00101431982263767 1.99563279782566 0.618334752109479 9.89729180099742e-05 0.00013812127952714 -0.000366663107984488
190500 0.0190149589310525 -0.00356082800808668 1.99540632984619 0.617328034312164 6.63871886439311e-05 -0.000313488856344282 0.000924309678680484
190600 0.0190371535971383 -0.00647911391587399 1.99499170619065 0.616165840400082 5.87414950503969e-05 -0.00035722186774244 0.000546509078463666
190700 0.0190371535971383 -0.00955363922674213 1.99445018856746 0.614886339488723 8.56851749050171e-05 0.000106980263864559 -0.000805001634351618
190800 0.0190600480950374 -0.0123994152468148 1.99408001130161 0.613730265502833 0.000104879876811405 0.000202837337824449 -0.000825773184815643
190900 0.0190600480950374 -0.0149912677958343 1.99373137663576 0.61271375950396 7.72312179645149e-05 -0.000206345063598497 0.000464099120151325
191000 0.0190826426650166 -0.0179601792854732 1.99327945185892 0.611473506636888 5.16939127224948e-05 -0.000426862573760527 0.000865481053719986
191100 0.0190826426650166 -0.0211262850058284 1.99257275336251 0.610134637455591 6.4533877992252e-05 -4.84405862380144e-05 -0.000203683875869249
191200 0.0191053372109691 -0.0241867183883221 1.99202626379603 0.608836006773299 0.000100433296403826 0.00027750991385331 -0.000978037941531421
191300 0.0191053372109691 -0.0269526969756199 1.99156746088803 0.6077090166847 0.000101456888385834 -8.5300556013073e-05 -0.000202712131049888
191400 0.0191053372109691 -0.0301684932138133 1.99085709011849 0.606319074778235 6.08722500010324e-05 -0.00044375255645551 0.000842032660363701
191500 0.0191288315647085 -0.0335759521702599 1.99008569951519 0.604823788263078 5.13134470918835e-05 -0.00017378475807186 0.000456418625551637
191600 0.0191288315647085 -0.036579384475625 1.98946714340883 0.603567371084855 8.71733053471404e-05 0.000214089347451269 -0.000751063123531835
191700 0.0191541254859683 -0.0396001317212608 1.98894369631475 0.602280403248703 0.00011072647939986 7.21785043579529e-05 -0.00083076358454915
191800 0.0191541254859683 -0.0429362681003997 1.98813116566067 0.600826282431334 7.89071580587794e-05 -0.000360466662107817 0.000482692871274978
191900 0.0191541254859683 -0.0461902217455934 1.98748440263072 0.599427703973852 4.77733119814766e-05 -0.000324270486507598 0.000933288612416915
192000 0.0191801192390417 -0.0491472273265931 1.98698504637609 0.598202732862902 6.73102028107229e-05 0.000153618378178048 -0.000317275609793148
192100 0.0191801192390417 -0.0523618487831052 1.98630088592176 0.596811748165932 0.000108274128645438 0.000158171386477311 -0.00106726685076154
192200 0.019205813064195 -0.0556430973364348 1.98564772867754 0.595392816269341 9.5433996747148e-05 -0.000249988327530013 -2.41262307432801e-05
192300 0.019205813064195 -0.0587233286062975 1.98503504179238 0.594095843248012 4.77074135385163e-05 -0.000363725536169761 0.000940413142952954
192400 0.019205813064195 -0.0617388431963007 1.98452390167472 0.592811223584894 4.7849960428665e-05 -1.15094124487898e-05 0.000237501597097281
192500 0.019230907033508 -0.0649726248788813 1.98382503391629 0.591412298856336 8.88818400741143e-05 0.000229233566134938 -0.000843109490543213
192600 0.019230907033508 -0.067918097289493 1.98337241103987 0.590185230747261 0.000103309178342649 -0.000107855839376257 -0.000611156452599398
192700 0.0192549012671142 -0.0707022498888027 1.98299757031205 0.589054379116616 7.05315707811766e-05 -0.00038410114020976 0.000550083127847113
192800 0.0192549012671142 -0.073800549584106 1.98237637644628 0.587701884926506 5.19101970927971e-05 -0.000131054883606732 0.000817979951991153
192900 0.0192549012671142 -0.0766669998101256 1.98195591749418 0.586517399808424 7.03931479263497e-05 0.000201228889558366 -0.000400471967624383
193000 0.0192792954046139 -0.0792418142470458 1.98164446492209 0.585481620127055 9.82732480544894e-05 4.39111654458583e-05 -0.000997389738885734
193100 0.0192792954046139 -0.0820341506590573 1.9812556776854 0.5843089123699 8.6519452958774e-05 -0.000324969173514999 6.44208442552117e-05
193200 0.0193039894700336 -0.0847215950311711 1.98089263831962 0.583215333898172 5.47836600904909e-05 -0.000257407549301966 0.000929808085192995
193300 0.0193039894700336 -0.0869135874461944 1.98081514838496 0.582368135937256 5.56390691496134e-05 0.000140068457075432 0.000185485305102918
193400 0.0193039894700336 -0.0892592726631244 1.98066115065377 0.581465987366858 8.67092029432006e-05 0.000155975878284591 -0.000891292015897698
193500 0.0193282836315599 -0.0917129456110454 1.98039840712322 0.580463915852249 9.66719701776587e-05 -0.000253359324577593 -0.00054394293276882
193600 0.0193282836315599 -0.093577352655659 1.98052274371544 0.579802538360339 6.58927815340026e-05 -0.000308017488198374 0.000629761346621697
193700 0.0193526777690594 -0.0956236497658164 1.98049855692883 0.57906775487593 5.17007235143502e-05 3.84455550850692e-05 0.000771910398819468
193800 0.0193526777690594 -0.0976757445921084 1.98048250829659 0.578250653990927 6.51836978472482e-05 0.00019927698462301 -0.000490291724890169
193900 0.0193526777690594 -0.0992815762891395 1.98070320528662 0.577768110194359 8.68305743485259e-05 -0.000105032112433266 -0.00097159287614901
194000 0.0193777717383726 -0.100957503445277 1.98090607725529 0.57718307268761 8.10951965784158e-05 -0.000358512624427558 0.000135347997434983
194100 0.0193777717383726 -0.102486809045011 1.98115357940189 0.576689730979079 5.34574279964518e-05 -7.25003684228196e-05 0.000992871867080753
194200 0.019404065419366 -0.103714303202361 1.98159224756845 0.576394760531345 5.32196528069825e-05 0.000211502632366068 0.000111952236943744
194300 0.019404065419366 -0.10478030974216 1.98209704126259 0.576119436251148 7.6658942563146e-05 9.80898648519476e-06 -0.000947009523802554
194400 0.019404065419366 -0.105811284126857 1.98258018040758 0.575929820332977 8.42918399389784e-05 -0.000321456430838183 -0.000504268505687165
194500 0.0194303591003595 -0.106800691790747 1.98315075191248 0.575695829302918 5.73212118249022e-05 -0.00018952576572716 0.00069231607910109
194600 0.0194303591003595 -0.107399910715778 1.9838638118428 0.57572782531348 4.87427954343266e-05 0.00016286681367928 0.000814221315333994
194700 0.0194539534300722 -0.108055752631952 1.98461442876501 0.575708541574027 6.70016975495278e-05 0.000116387354944747 -0.000562333254879674
194800 0.0194539534300722 -0.108646363847702 1.98529373179357 0.575678046080636 7.7954189827747e-05 -0.000245320754885344 -0.00104963601033476
194900 0.0194539534300722 -0.108754617714039 1.98634170100373 0.575989694105819 6.32058184265913e-05 -0.000279346197047155 0.000245673850023012
195000 0.0194771478558916 -0.108977950849077 1.98726713679591 0.576171132752826 4.23594217481098e-05 8.16825384762175e-05 0.00106863400347636
195100 0.0194771478558916 -0.10916851774108 1.9881702059048 0.57638606011426 5.94708204414527e-05 0.000179918367544032 1.6069230496881e-05
195200 0.019501541993391 -0.109049156884117 1.98932020317204 0.57677739524496 7.90357376522134e-05 -0.000140678901191429 -0.00105149571505882
195300 0.019501541993391 -0.108717292744382 1.99050759878045 0.577279612854662 6.31647302013931e-05 -0.000303731925492752 -0.000419830149335159
195400 0.0195258361549173 -0.108381498331648 1.99173740230797 0.577760848421199 3.53226198570158e-05 -3.83904612188407e-05 0.000808303061094948
195500 0.0195258361549173 -0.108011321770996 1.99291887692321 0.578272841483708 4.47763336254102e-05 0.000203763422802483 0.00070872832341381
195600 0.0195258361549173 -0.107341532617766 1.99437467807285 0.578956896728698 7.34072902178812e-05 -3.43709446942744e-06 -0.000547590454533375
195700 0.0195504302443637 -0.106747753040333 1.99565343665931 0.579579728451539 7.0504972071965e-05 -0.000280817357864196 -0.00106254974988938
195800 0.0195504302443637 -0.106135434815121 1.99699740094015 0.580197643880343 4.23231011508617e-05 -0.000164425534264097 0.000212618460129495
195900 0.0195762240454904 -0.10504887295217 1.99858385578207 0.581092670640904 3.57768723650235e-05 0.000190419050999338 0.00118191352825574
196000 0.0195762240454904 -0.104175968784471 2.00005495269116 0.581876110610968 5.67239808897224e-05 0.000102075729080595 6.61539842546645e-05
196100 0.0195762240454904 -0.103344215693499 2.00151948807476 0.582598051200886 7.27457282173694e-05 -0.000214463873112558 -0.00121172131543051
196200 0.0196018178946703 -0.102184015245201 2.00305297059386 0.583521919663949 4.60168010706833e-05 -0.000219515899378337 -0.00043164807112654
196300 0.0196018178946703 -0.101098983952566 2.00469813735315 0.584394697789354 1.93385208858133e-05 7.15093180796165e-05 0.000958030557359838
196400 0.0196018178946703 -0.100029628877829 2.00619116141975 0.585254145177678 4.21529761439287e-05 0.000192304763237082 0.000734829109452918
196500 0.0196272117919035 -0.0988330826292918 2.00780951806802 0.586165535086617 6.85254288718023e-05 -0.000114427760079134 -0.000706157436681858
196600 0.0196272117919035 -0.0975237151998876 2.00948117995409 0.587163449958085 5.18686516429741e-05 -0.000267057133445728 -0.00104948866449359
196700 0.019651605929403 -0.0964949614915024 2.01091428047129 0.58796459025801 1.53237585063561e-05 -5.35608783422339e-06 0.000270435182165004
196800 0.019651605929403 -0.0951951886541214 2.01262024426187 0.588936636835767 1.64270749984074e-05 0.000161460313999599 0.00118839250489091
196900 0.0196749003311957 -0.0938259560131564 2.01419712500702 0.589939724692692 5.53828713275489e-05 3.25672068326483e-06 0.000160152657411466
197000 0.0196749003311957 -0.0926918831296409 2.01580109471986 0.590793822574624 5.72207429202748e-05 -0.000213718953360509 -0.00125940709847099
197100 0.0196749003311957 -0.0913345730993066 2.01743388094137 0.591806571813497 2.27842227376621e-05 -0.000120620480535362 -0.000564898332862479
197200 0.0196974949011749 -0.0898673597494059 2.019097948375 0.592818212143237 2.74335570047568e-06 0.000122644806733272 0.00101659431550132
197300 0.0196974949011749 -0.0886322171749396 2.02070108873877 0.593744374714353 2.84646826622505e-05 8.61560137200685e-05 0.000922115024591866
197400 0.0197196895672606 -0.0871898262131726 2.02228526392034 0.594747483108021 5.10677249577198e-05 -0.000175962895775697 -0.000749985853825442
197500 0.0197196895672606 -0.0858367108519809 2.02397695928692 0.595717541282855 3.35529918390752e-05 -0.000154149727142589 -0.00126415325655494
197600 0.0197423841132131 -0.0844577867612594 2.0254896645757 0.596685129345747 -1.11914795059673e-06 6.35738863001388e-05 0.000325017357375945
197700 0.0197423841132131 -0.0831798333277635 2.02711055137682 0.597593107324874 5.6076239651821e-06 8.66398481495506e-05 0.00135281684873274
197800 0.0197659784429258 -0.0818178510725339 2.02865250546726 0.598555439876791 4.10046236131752e-05 -7.9884062124947e-05 4.12172814461749e-05
197900 0.0197659784429258 -0.0804160278383023 2.03027532954229 0.599524745785265 3.65939218541063e-05 -0.000175654580407349 -0.00134865594556034
198000 0.0197659784429258 -0.0791878279602529 2.03185345451524 0.600426699489647 3.75020022553838e-07 6.0760507434845e-06 -0.00048892286340154
198100 0.0197920721719726 -0.0779297928892629 2.03329580443469 0.601305685215391 -8.52176812523773e-06 7.42473946193626e-05 0.00114466076057373
198200 0.0197920721719726 -0.0766987972278137 2.03486853625917 0.602191148001265 1.57360797893883e-05 -5.25992039377204e-05 0.000800071329827324
198300 0.0197920721719726 -0.0754549008805691 2.0364097875199 0.603100938940179 3.04314847826951e-05 -0.000140541436904336 -0.000829672007816587
198400 0.0198201654204864 -0.0742202424005113 2.03786433835494 0.603961543123924 1.27150972526473e-05 -4.84343161521101e-05 -0.00111475751126533
198500 0.0198201654204864 -0.0731356250532435 2.03936125541342 0.604780976800713 -1.23855601395979e-05 7.59078336826708e-05 0.000376379619382461
198600 0.0198201654204864 -0.0720403080755533 2.04082707808544 0.605614346618892 -9.82257452465678e-06 -3.59268953765179e-05 0.00136712188886383
198700 0.0198486585728937 -0.0709745108651527 2.04222545921829 0.606386089888424 1.88964889520754e-05 -0.000140878249639611 -5.91392992844595e-06
198800 0.0198486585728937 -0.0701217252912945 2.04357863907646 0.607104946773328 2.54386694919082e-05 -5.89884140448648e-05 -0.00149750970248576
198900 0.0198758520376474 -0.0694573092452371 2.04475899538087 0.607664753305734 -9.43416639745272e-06 6.8720695949913e-05 -0.000338321934837309
199000 0.0198758520376474 -0.0689580472434621 2.04594289541651 0.608184037677776 -2.43634528895341e-05 -1.67182809737056e-05 0.00136435072954933
199100 0.0198758520376474 -0.0687077348099846 2.0469888772917 0.608593126962074 3.43447834134329e-06 -0.000153488481655098 0.000695166581153811
199200 0.0199032454543478 -0.068863472511845 2.04786906872835 0.608752044964828 2.1722188003191e-05 -4.77856265577476e-05 -0.00115058968735303
199300 0.0199032454543478 -0.0694778491446744 2.048407260173 0.60869955894415 -2.49944773882783e-06 6.47537351444151e-05 -0.00103021319731156
199400 0.0199032454543478 -0.070235060763125 2.04902551665235 0.608562592558249 -2.99554664215572e-05 5.6220429793242e-06 0.00079416710231475
199500 0.0199307388470215 -0.0710465911560635 2.04953272827126 0.608427749576097 -1.61062777691305e-05 -0.000149912857963555 0.00120871728661291
199600 0.0199307388470215 -0.0719123583168118 2.050012682519 0.608230060231525 9.82119145956709e-06 -8.93723713278244e-05 -0.000279246395935041
199700 0.0199307388470215 -0.0723999936558537 2.05076063912667 0.608248634336391 -4.78103671993482e-07 0.000104770601789479 -0.00138312769505718
199800 0.0199590320474821 -0.0725896934581019 2.05156632501172 0.608454511934759 -3.05353453241284e-05 2.71287269998806e-05 -0.000233399027326591
199900 0.0199590320474821 -0.0730755728760361 2.05236435805983 0.608455274858368 -3.13070848614293e-05 -0.000163796822786008 0.00149334707774156
200000 0.0199590320474821 -0.0734764145966338 2.05301701598325 0.60855022090345 -9.80814580433572e-06 -0.00011414604554675 0.000596598888865425
200100 0.0199889248635166 -0.0741540286508445 2.05371178646759 0.60846615118321 -2.98778501078057e-06 7.62527411450378e-05 -0.00138967308716458
200200 0.0199889248635166 -0.0748154571893114 2.05432759717221 0.608435016798004 -2.4110630170072e-05 6.8660481666091e-05 -0.000940463542281559
200300 0.0199889248635166 -0.0752208190857109 2.05506256116438 0.608495710952553 -4.57338528643899e-05 -9.35007139240657e-05 0.00109374861949836
200400 0.0200199174152578 -0.0754833424988005 2.05601085756812 0.608674185042859 -2.76644465875135e-05 -0.000183369326490984 0.00122972001773779
200500 0.0200199174152578 -0.0757712599997788 2.05676788781714 0.60883345824771 -6.77635170131916e-06 3.22706914784545e-05 -0.000773573023716835
200600 0.0200199174152578 -0.0763379066145869 2.05756294327921 0.608818980135413 -2.12279244619807e-05 0.000128020043169374 -0.00136332770019459
200700 0.0200508099910258 -0.0768333521167707 2.05825290706215 0.608901131093513 -4.76810853192394e-05 -7.66607069673926e-05 0.000286526695554624
200800 0.0200508099910258 -0.0772594643673886 2.05911403286999 0.608972451948373 -4.75086183843205e-05 -0.000156705361118825 0.00139148651906715
200900 0.0200508099910258 -0.0775500393433121 2.05993482029716 0.609143909160683 -1.77332414560033e-05 -5.50350657549061e-05 0.00029124790773787
201000 0.0200814026388737 -0.0780569090023301 2.06072053411705 0.609187826254552 -2.02682062614167e-05 0.000126140401885269 -0.00143190510056022
201100 0.0200814026388737 -0.0784859756001141 2.06155842471714 0.609295816222256 -4.18676965984712e-05 3.62076016023844e-05 -0.000766846417971873
201200 0.0200814026388737 -0.0790099390535261 2.06227004638519 0.609337573143123 -5.80053354860261e-05 -0.000209213536654284 0.00132756573300661
201300 0.0201119952867216 -0.079420645432829 2.06317160033162 0.609440157752765 -3.94485246485739e-05 -9.28541739038737e-05 0.00107954627932248
201400 0.0201119952867216 -0.0797519433887332 2.06398931260922 0.609610822531148 -1.88080279227431e-05 0.000133288971976278 -0.00101165897907566
201500 0.0201119952867216 -0.0803361431534521 2.06476718615657 0.609607032113417 -4.33383170567726e-05 5.14611625846e-05 -0.0013940035612617
201600 0.0201411882709423 -0.0809076908240762 2.0654799611381 0.609642330312845 -6.35458820290787e-05 -0.000148103952997056 0.000613486765744067
201700 0.0201411882709423 -0.0812314869087408 2.0663729319164 0.609780430652174 -5.22674139930382e-05 -0.00013466591851974 0.00153281599142171
201800 0.0201411882709423 -0.0816123562866609 2.06717544232489 0.609913035605916 -2.67440781434913e-05 7.12998049492786e-05 -0.000185335018116355
201900 0.0201692815194563 -0.0822814823424508 2.0678503490068 0.609861683912615 -3.6927865331264e-05 0.000119973797848426 -0.0015240441741569
202000 0.0201692815194563 -0.0826179318985142 2.06869844877521 0.610000662719557 -6.16859472321647e-05 -0.000138222409867164 -0.00033013863822368
202100 0.0201692815194563 -0.0830303875405777 2.06947016038417 0.610104802740283 -6.56561547070977e-05 -0.000150917856081108 0.00139018755365794
202200 0.0201968748881034 -0.0835054042854258 2.07015274239313 0.61012083917129 -4.22192758373551e-05 7.13835925014221e-05 0.000815357800535695
202300 0.0201968748881034 -0.0840889986542496 2.07079798845927 0.61012723876192 -2.92499107114851e-05 7.32767545474601e-05 -0.00122996486817892
202400 0.0202246682086971 -0.0844432052524259 2.07154018968321 0.610199780322891 -5.55923529098563e-05 -6.54901332398425e-05 -0.00124175781000855
202500 0.0202246682086971 -0.0848953985129716 2.07228479037187 0.610287561320819 -7.64259430576219e-05 -0.000130956542656899 0.000880085387056809
202600 0.0202246682086971 -0.0855045618508571 2.07295383710079 0.610241246119557 -6.04050824952998e-05 -8.70775847991169e-06 0.0014332688296791
202700 0.0202517616974774 -0.0859188389080862 2.07361145317583 0.610287286900576 -3.01175145677385e-05 0.000100201910837871 -0.000482662865247047
202800 0.0202517616974774 -0.0864007597661458 2.07434205368711 0.610332693094029 -4.07935340247065e-05 -2.02473525102147e-05 -0.00157157936544474
202900 0.0202517616974774 -0.0869260850672995 2.07505533544819 0.610331736512205 -7.68050851085136e-05 -0.000135801531433856 -1.94070878418495e-05
203000 0.0202795550180713 -0.0874533301083555 2.07561824700109 0.610308620347327 -7.37528754849335e-05 -4.63489446908703e-05 0.00151700408868042
203100 0.0202795550180713 -0.0878838208340558 2.07637549725701 0.610358813416009 -4.63172433375959e-05 9.28395016765006e-05 0.000492868013211864
203200 0.0202795550180713 -0.0883342080412812 2.07712440918421 0.610426221744298 -3.50692942356166e-05 4.46138636039903e-05 -0.00132249822655398
203300 0.0203085480503455 -0.0888135057187029 2.07771967072056 0.61040360838242 -6.47467952736096e-05 -0.000128373727370826 -0.00095680590359415
203400 0.0203085480503455 -0.0892128064894968 2.07847287731794 0.610475874821555 -8.86260386259756e-05 -9.93280380084118e-05 0.000986193443968266
203500 0.0203085480503455 -0.0895476167915223 2.07929734420939 0.610602907721967 -6.48827961229139e-05 8.68370785160511e-05 0.00127800947846961
203600 0.020337641058593 -0.0898455059067127 2.07996663888235 0.61067174093149 -4.04662234813747e-05 6.11732696546006e-05 -0.000595936336940722
203700 0.020337641058593 -0.0903513564640803 2.08070351781367 0.610700545867463 -5.77991743482375e-05 -8.55826712745862e-05 -0.00150368173166178
203800 0.020337641058593 -0.0906021767393128 2.08150355167878 0.610838788315813 -9.39343244471986e-05 -0.000116261330440749 8.82094633710053e-05
203900 0.0203668340428137 -0.0908183412948809 2.08230049057186 0.610976034103462 -8.65598062400239e-05 6.06792245054846e-06 0.00150829006045408
204000 0.0203668340428137 -0.0912604225689097 2.08301165722555 0.611032347361446 -4.25687194531538e-05 0.000114816057863448 0.000371785462000921
204100 0.0203668340428137 -0.0914728283564098 2.08387921996245 0.611170882032128 -4.26745926641239e-05 -3.78927568157228e-05 -0.00140193333026435
204200 0.0203972267387149 -0.0916541911993755 2.08469851358209 0.611376614040128 -8.72395634707676e-05 -0.000146271497975982 -0.000856623082487594
204300 0.0203972267387149 -0.0918902701590723 2.08553402173727 0.611503102288897 -9.81525018155823e-05 -3.36701176106594e-05 0.0011188599192389
204400 0.0203972267387149 -0.0921181364330417 2.08642711944247 0.611678815954221 -6.2868050528662e-05 0.000102583816472528 0.00120454114496022
204500 0.0204283192664296 -0.0922007099722355 2.08728917718474 0.611918018121035 -3.9504218607387e-05 3.83514267227188e-05 -0.000782103332707505
204600 0.0204283192664296 -0.0923713409042573 2.08825801339878 0.612099897124393 -7.50647131642653e-05 -0.000140971262235932 -0.00143180239912459
204700 0.0204283192664296 -0.0924525684591953 2.08923564916225 0.612404461496322 -0.000107283885879978 -9.57006518445582e-05 0.000283377866400612
204800 0.0204604115538779 -0.0925524565993017 2.09021063000317 0.612601952725875 -8.17051823520491e-05 8.13153216653346e-05 0.00146121918031626
204900 0.0204604115538779 -0.0925161376819687 2.09131189918267 0.612988416479436 -4.69171620842167e-05 8.90854835783608e-05 0.000244914378086679
205000 0.0204604115538779 -0.0926253240653042 2.09239086474321 0.613240155404151 -6.27654579203177e-05 -0.000106060425588377 -0.00142679703301599
205100 0.0204920039614593 -0.0925401861552931 2.09350022651923 0.613603558285484 -0.000100866781350752 -0.000141549648227932 -0.000773650550945478
205200 0.0204920039614593 -0.0924615686338511 2.09469770662623 0.61401681088122 -9.94121344850271e-05 2.25455503691821e-05 0.00119690699588959
205300 0.0204920039614593 -0.092521723375312 2.09583812880149 0.614297179350577 -6.89002931049182e-05 8.94508509203737e-05 0.00115828048694563
205400 0.0205221967054137 -0.092344751995164 2.09698001112064 0.614750124493937 -5.74966165242682e-05 -2.62463554113996e-05 -0.000825423656013137
205500 0.0205221967054137 -0.0921938211896268 2.09829321330977 0.615169766179479 -8.43022921905617e-05 -0.000168635304473645 -0.0015472859510513
205600 0.0205221967054137 -0.0920836514457411 2.09948314832369 0.615593960894576 -0.000110542042923548 -4.24873369325666e-05 0.000379080891592187
205700 0.0205524894253415 -0.0918269637407101 2.10074360345922 0.616060250762524 -8.71876849646997e-05 8.70039234064206e-05 0.00168811674364178
205800 0.0205524894253415 -0.0914855956299973 2.10210301115792 0.616602255279717 -5.48057429881394e-05 8.67284779337505e-06 4.30124103551294e-05
205900 0.0205524894253415 -0.0910043126970576 2.10353592176333 0.617233876393049 -7.13567315918068e-05 -0.000147555615312896 -0.00167356841398118
206000 0.0205839818569497 -0.0903843102363399 2.10494064207181 0.617861685984417 -0.000106746492818676 -9.91265126087443e-05 -0.000544547888064546
206100 0.0205839818569497 -0.0893250768915492 2.10665930699072 0.618811317750179 -0.000104545182112493 6.87716541588423e-05 0.0014343613162073
206200 0.0205839818569497 -0.0879084711823187 2.10858637739116 0.619904362057061 -7.33154652585945e-05 1.38308984116777e-05 0.000948212497367938
206300 0.0206154742885578 -0.0861716310924475 2.11048647684717 0.621132298503404 -6.01473962352602e-05 -0.000106313029543958 -0.00110021078963409
206400 0.0206154742885578 -0.0840249758634113 2.11278936148796 0.622628014737095 -9.11423913262808e-05 -0.000119086473294006 -0.0013533427304764
206500 0.0206154742885578 -0.0817481423713581 2.11512064142433 0.6241760426227 -0.000120510335347073 1.59609943457819e-05 0.000595505563073184
206600 0.0206154742885578 -0.0794785798434625 2.11748300152545 0.62574296994021 -0.00010024511204464 6.81284916390802e-05 0.00155887171131313
206700 0.0206466667922457 -0.0774551924392983 2.11948411280096 0.627089833095895 -6.48823674858735e-05 -0.000109780578389102 -0.000144027295542082
206800 0.0206466667922457 -0.0754959726852404 2.12168319109723 0.628486495439825 -8.78996097048884e-05 -0.000149298760375224 -0.00172541767468685
206900 0.0206466667922457 -0.0736011866976567 2.12382562451947 0.629843237644626 -0.000128065345723119 8.68818050405049e-06 -0.000393002218277484
207000 0.0206780592478805 -0.0715010589351175 2.1259042394694 0.63124028190949 -0.000114078969510609 7.42008987921509e-05 0.00161421479258915
207100 0.0206780592478805 -0.0692475618028705 2.12827532632022 0.632794372077757 -7.70628338261562e-05 -8.41750649187685e-05 0.000801996647843981
207200 0.0206780592478805 -0.0668593482809519 2.13061278923461 0.634391557843752 -7.65858448943949e-05 -0.000179357440038615 -0.00142289302376679
207300 0.0207079520639149 -0.0646649058662887 2.13282559338651 0.635851612681945 -0.000121285596562712 -3.1642729582089e-05 -0.00114416648503317
207400 0.0207079520639149 -0.0626138515205664 2.13499446201741 0.637285123402415 -0.000136756221133294 0.000121713023262082 0.00101669246386613
207500 0.0207351455286685 -0.0605868225978239 2.13714184193141 0.638657566591898 -9.80980527804111e-05 -5.42734260146389e-05 0.00132993871963792
207600 0.0207351455286685 -0.0582869017073216 2.13950389801312 0.640236851725972 -8.09951590345035e-05 -0.000233550100251143 -0.000488535392856273
207700 0.0207351455286685 -0.0558573918160958 2.14190627228594 0.641842781272128 -0.000112429059705563 -6.6298868882445e-05 -0.0015323296303583
207800 0.0207622390174488 -0.0535477468077784 2.14421806135276 0.643379038528735 -0.000143845520232734 0.000128064738306631 -6.51875979359589e-05
207900 0.0207622390174488 -0.0512236847256444 2.14654274271623 0.64495134667836 -0.000119422332419957 3.65204493433733e-05 0.00151295699677314
208000 0.0207622390174488 -0.0491538889129245 2.1488703291442 0.646372190309831 -8.79105869227966e-05 -0.000243045458407468 0.000456713478492842
208100 0.0207904322419362 -0.0467427915139595 2.15114606555164 0.647977890839704 -9.90490177968195e-05 -0.000176289041156412 -0.00137507487499384
208200 0.0207904322419362 -0.0443302247864601 2.15362939232877 0.649571378489753 -0.000139847189970643 0.000151553100332591 -0.000909398425858083
208300 0.0207904322419362 -0.0419997838203821 2.15604112951174 0.651173432236847 -0.000141993115558593 0.000112870805803406 0.00104604893039355
208400 0.0208181255865565 -0.0396987045872422 2.15827163763093 0.652672758121999 -9.68012655802591e-05 -0.00020242110059795 0.00126752674467132
208500 0.0208181255865565 -0.037361700821558 2.16072484730961 0.654255957187718 -9.71407433349704e-05 -0.000262639743834537 -0.000866207564503997
208600 0.0208439193876832 -0.0349388846826505 2.16301361165488 0.655848383306894 -0.000132535211812682 6.6425680215435e-05 -0.00144155566578049
208700 0.0208439193876832 -0.0326511672409617 2.16543805227873 0.657379271462054 -0.000147175762405448 0.000227890424987967 0.000429500951302688
208800 0.0208439193876832 -0.0305251673431991 2.16771881903165 0.658868026071171 -0.000121729725100542 -9.2110660746708e-05 0.00133747539944795
208900 0.0208727124680106 -0.0281570893939792 2.17001804744305 0.660393365106155 -9.84906217293386e-05 -0.000372215747487676 5.544567591729e-05
209000 0.0208727124680106 -0.0258612178857077 2.1723788013962 0.661956436380382 -0.000120266474935321 -3.71244288204606e-05 -0.00132912135149866
209100 0.0208727124680106 -0.0237381420148043 2.17466811615704 0.663408928486104 -0.000154075805073142 0.000309057533843657 -0.000529415219047386
209200 0.0209049047314322 -0.0216114635427482 2.17676149140066 0.664806153689531 -0.000147985700954133 1.494658637842e-05 0.0011100294721015
209300 0.0209049047314322 -0.0194975434700126 2.17902390636119 0.666269044240981 -0.000110144196764202 -0.000373292023376615 0.000814635045245653
209400 0.0209049047314322 -0.0173579751218214 2.1813376983477 0.66772421197309 -0.00010831795685013 -0.000189740260879758 -0.000827230764855293
209500 0.0209049047314322 -0.0154096321730249 2.18347628099017 0.669096866618249 -0.000151015892987012 0.000284338023135813 -0.00115906662569795
209600 0.0209370969948539 -0.0135983683566312 2.185456866175 0.670325281423092 -0.000166945105001976 0.000199338669617609 0.000375812621949613
209700 0.0209370969948539 -0.0115652196123853 2.18762918325481 0.671744102455751 -0.000135078919203713 -0.000329123991333574 0.0013543055819188
209800 0.0209370969948539 -0.00981854005975323 2.18972438097646 0.672993423889218 -0.000113477353383756 -0.000351560123465345 -0.000118511479044453
209900 0.0209684894504885 -0.00816475417757412 2.19161101951729 0.674173008163072 -0.000138173238906414 0.000216390828851088 -0.0014080927677845
210000 0.0209684894504885 -0.00646520989695123 2.1936158846462 0.675399750744251 -0.000174117094306999 0.000327326589220655 -0.000249040427574588
210100 0.0209684894504885 -0.00502979921648947 2.19557532488594 0.676495356305805 -0.000164470951732323 -0.0002143895260102 0.00115620305282147
210200 0.02100008185807 -0.00353728713677107 2.19726832668782 0.677585110948377 -0.000113299727344407 -0.000429986120784762 0.000600097993790879
210300 0.02100008185807 -0.00222466449495782 2.19919322585248 0.678603851646027 -0.000127040220413647 5.72463191007307e-05 -0.00100244946239086
210400 0.02100008185807 -0.00102184722825003 2.20090210740871 0.679601744401914 -0.000180144864065141 0.00040150477048801 -0.000921577509419784
210500 0.0210354733526391 9.74805433302824e-05 2.20250417065906 0.680462138879169 -0.000179226911085025 -3.9024463894972e-05 0.000639934129661354
210600 0.0210354733526391 0.00117438272818208 2.20423395655336 0.681404055078155 -0.000143908062184055 -0.000457254704576755 0.00108357534435315
210700 0.0210354733526391 0.00219674384225889 2.20587211695371 0.682278219155377 -0.00012944368314131 -0.000107475465983674 -0.000348864576086391
210800 0.0210354733526391 0.00299652350118083 2.20752127532924 0.683047562773256 -0.00016734392160475 0.000384655362409486 -0.00124394218841178
210900 0.0210706648952615 0.00382599383572517 2.2088553230059 0.683808640013405 -0.000199442838473321 0.000140291673784031 -6.48298761278514e-05
211000 0.0210706648952615 0.0044668865582798 2.21041286037227 0.684461895275213 -0.000171383246473908 -0.000422060397157046 0.00119415082607087
211100 0.0210706648952615 0.00497629839056916 2.21177344510953 0.685125290688216 -0.000135678677669372 -0.000245582403299291 0.000315314910946623
211200 0.0211052565820438 0.00544504262878104 2.21307295073797 0.685664429227901 -0.000155937988673061 0.000320129551036479 -0.00111529930782771
211300 0.0211052565820438 0.00580057988375119 2.21440122195256 0.686225199026722 -0.000201330264435565 0.000247364242175348 -0.000688133906435979
211400 0.0211052565820438 0.00586936670888648 2.21557387551697 0.686630426803502 -0.000201697919330322 -0.000305310532727698 0.000849637893667087
211500 0.0211052565820438 0.00597194418418735 2.2167958788864 0.687020211563361 -0.000160844489834685 -0.00033233356877837 0.00080625063356727
211600 0.0211374488454655 0.0060625724819316 2.21787212930926 0.687429729136548 -0.000144127821295682 0.000185689183215213 -0.000542359086502252
211700 0.0211374488454655 0.00599824238047832 2.21902703682845 0.687741649578068 -0.000190227901427822 0.000330015151093365 -0.00106827616654282
211800 0.0211374488454655 0.00580840286619209 2.22002159433351 0.688004002297651 -0.000224387790655793 -0.00017769470619659 0.000155710137419789
211900 0.0211690412530469 0.00554864225887937 2.22100527223141 0.688214030961093 -0.000186120835563418 -0.000396167156968211 0.00114441668370066
212000 0.0211690412530469 0.00522020572844764 2.22195352075469 0.688398984430761 -0.000149112586274234 6.94730678078285e-05 0.000109527903606197
212100 0.0211690412530469 0.00485700523749024 2.22291760441739 0.688569766516946 -0.000170021119295379 0.000353304807003736 -0.00116138729796146
212200 0.021199433948948 0.00443659875293913 2.22374593178882 0.688689362237154 -0.000212332552208232 -4.44383136418744e-05 -0.000414698176405958
212300 0.021199433948948 0.00394641348771006 2.22462122164368 0.688779153098376 -0.000202644708489474 -0.000381624557720955 0.000920687763326476
212400 0.021199433948948 0.0033103132336229 2.22544595790994 0.688821988299745 -0.000150217360080155 -7.55355920169947e-05 0.000665760718536271
212500 0.0212273272455151 0.0025430707439293 2.22610878089402 0.688747414522937 -0.000135350143494747 0.000347007463634817 -0.000747453748586502
212600 0.0212273272455151 0.00178388847703223 2.22683945266728 0.688696797638049 -0.000168033962795012 0.000116311096437864 -0.000847156203189781
212700 0.021255120566109 0.00106973566334774 2.22753970827057 0.68866986376378 -0.000192640064904559 -0.000382329441237034 0.000408809089556033
212800 0.021255120566109 0.000346506949218933 2.22829275059253 0.688626950914299 -0.000157518038845385 -0.000200279619562971 0.000917754138258161
212900 0.021255120566109 -0.000559080075786122 2.22891453560347 0.688508560660871 -0.000119597295144756 0.000348146781271417 5.94788099445851e-05
213000 0.0212823140308627 -0.00150688289900555 2.22951501737411 0.688323232119929 -0.00014516155522774 0.000207981900216603 -0.000909375804833561
213100 0.0212823140308627 -0.00228164099501368 2.23020044392611 0.688278586736521 -0.000186441646273733 -0.000323572128420232 -0.000329778396888774
213200 0.0212823140308627 -0.00317493332531408 2.23086011589146 0.688137311844796 -0.000174155615734374 -0.000264869550735921 0.000953449246005862
213300 0.0213097074475631 -0.00399431598084968 2.23147764189054 0.688029498808832 -0.000123387224291794 0.00022248987084155 0.000631509674845924
213400 0.0213097074475631 -0.00484565150682182 2.23214903757189 0.687930655232686 -0.000122233795260942 0.000314727610579163 -0.000719183387800133
213500 0.0213097074475631 -0.00574340675891186 2.23277315791184 0.687771527838785 -0.000164213156934088 -0.000184465148317781 -0.000741535646287544
213600 0.0213386005038638 -0.00662052881728165 2.23337555402296 0.687647945213909 -0.000178846404397455 -0.000374026443238141 0.00055956281633248
213700 0.0213386005038638 -0.00743318010416471 2.23406434053402 0.687538864359951 -0.000140796174008433 0.000103070808667495 0.000905692774091797
213800 0.0213386005038638 -0.00819843627966576 2.23470920859677 0.687457677473534 -0.000111046435681043 0.000384905370007006 -0.000249268386526898
213900 0.0213669936802978 -0.00912234545626501 2.23532248983214 0.687287986207764 -0.00013476461591678 -5.47555712370984e-05 -0.00080284053045349
214000 0.0213669936802978 -0.0099268087859664 2.23593749704233 0.68716661638835 -0.000165308181200785 -0.00039791170670583 5.66993376041999e-05
214100 0.0213669936802978 -0.010784657035779 2.23654829082853 0.687035178504205 -0.000152353341930596 -2.77530875945707e-06 0.000779199856158575
214200 0.0213959867125719 -0.011634775899299 2.23718622597679 0.686891941526097 -0.000114421364663444 0.000363780579149154 0.000336972842021116
214300 0.0213959867125719 -0.0124778737229441 2.23776796085193 0.68675276167898 -0.000112760730596258 9.17429470790632e-05 -0.000541382431030707
214400 0.0214251796967928 -0.0133734148352974 2.23840636156705 0.686599365904735 -0.000153783901253661 -0.000358529463708101 -0.000480486533886006
214500 0.0214251796967928 -0.014124928587726 2.239076061109 0.686512455126717 -0.000160728452352247 -0.000132759888867264 0.000531245076858315
214600 0.0214251796967928 -0.0150003230903391 2.23970390968459 0.686370972536252 -0.000117280230416574 0.000345010331867043 0.000719443754393242
214700 0.0214540727530936 -0.0158746690274785 2.24043109922545 0.686243596483615 -0.00010852363685519 0.000197564198000507 -0.000222728399197539
214800 0.0214540727530936 -0.0165537240822089 2.2412236530734 0.686231296218728 -0.000135639231763872 -0.000308535053905372 -0.000683229066487059
214900 0.0214540727530936 -0.0172825223312834 2.24206714472168 0.686200015565618 -0.000152958340534119 -0.000232978708851973 0.000136058077539801
215000 0.0214829658093944 -0.0180648921788994 2.24298731366766 0.686176846583742 -0.000131531084762818 0.000301859389691809 0.000823061315167341
215100 0.0214829658093944 -0.0187342649373635 2.24389237407877 0.686197330030881 -0.00010308348446875 0.000265948489069642 0.000196584513312506
215200 0.0214829658093944 -0.0193764822284752 2.24486282983964 0.686234765781864 -0.000120632240990304 -0.000201387303274858 -0.000629243224081853
215300 0.021511558937775 -0.0199688494915517 2.24589697071461 0.686328575425795 -0.000149694689460453 -0.00028532345825846 -0.000249837886824291
215400 0.021511558937775 -0.0206519318942184 2.24680654851551 0.68632893958101 -0.000141428756639667 0.000182047389604889 0.000596596265755923
215500 0.021511558937775 -0.021289794745721 2.24768264750772 0.686352528059203 -0.000105455378193459 0.00036639092516732 0.000553172572105438
215600 0.0215386524265553 -0.0218625849453544 2.24870420804499 0.686443596028503 -0.000112232309099876 -0.000101471023978481 -0.000246977360200975
215700 0.0215386524265553 -0.0223841904473626 2.24964414716133 0.686519205265209 -0.00014655885909928 -0.000343645756878549 -0.000535100832143507
215800 0.0215651460594954 -0.0227365981677139 2.25070444562767 0.686707737034575 -0.000148325887669805 0.000107514413013745 0.000164469123885527
215900 0.0215651460594954 -0.02281978105688 2.25182296335087 0.687001270572795 -0.000118868917024026 0.000386877305391419 0.000699441248300776
216000 0.0215651460594954 -0.0225410962641348 2.2530442892944 0.687474975972558 -0.000109937566336243 -3.26430636248305e-05 0.000246037335835659
216100 0.0215916396924357 -0.0218279069936169 2.25456438579576 0.688191577996634 -0.000133272440197116 -0.000314391198827167 -0.0005420704012193
216200 0.0215916396924357 -0.020357104268169 2.2563507207817 0.689269402292656 -0.000144481913721272 -1.93841387389598e-06 -0.000298022603350657
216300 0.0215916396924357 -0.0181133842539246 2.2585100258725 0.690764315605386 -0.000123770228052898 0.000366470882599845 0.000615735654206919
216400 0.0216182333013491 -0.0152910778212851 2.26106413664582 0.69257039740009 -0.000101672568966957 0.000138030233452425 0.000657201509951173
216500 0.0216182333013491 -0.0120554895870734 2.26368234981665 0.694564719244797 -0.000120295332072917 -0.000343346373280087 -0.000358840682947804
216600 0.0216411277992484 -0.00886418425844028 2.26635656010209 0.696557047455036 -0.000147474612660996 -0.00012807145107214 -0.000603333687399743
216700 0.0216411277992484 -0.00609135199077229 2.26875548767337 0.698303733551415 -0.000134780375097451 0.000396676330747545 0.000346620983778664
216800 0.0216614229218402 -0.0037980573057032 2.27091332984481 0.699816784082015 -0.000107089709898016 0.000236236601631692 0.000822344562298377
216900 0.0216614229218402 -0.00155225154672741 2.27304642542668 0.701281912461315 -0.000108841168103962 -0.00030413012381007 4.59263756214821e-05
217000 0.0216830177320859 0.000842029665710189 2.27527797896172 0.702862038384839 -0.000135136851783396 -0.000241722801695711 -0.000661064567386139
217100 0.0216830177320859 0.00348888043572021 2.27762445931307 0.704540482736562 -0.000138779659826835 0.000318746219270827 -0.000147297695718237
217200 0.0217053123741449 0.00646806839223056 2.28011650110205 0.706407468862414 -0.000109809256390607 0.00038192484174595 0.000776227251180861
217300 0.0217053123741449 0.00917159896558484 2.28246032765077 0.70812098586951 -9.68209010223254e-05 -0.000203847792140077 0.000565309976347745
217400 0.0217053123741449 0.0114482102129161 2.2846000368027 0.70960867850372 -0.000119510261671427 -0.000384687348114524 -0.00047574278352839
217500 0.0217270071603638 0.013615530689048 2.28670802991725 0.711059243481963 -0.000139891040480043 0.000216076889193178 -0.000623545302409869
217600 0.0217270071603638 0.0160443528150024 2.28897224343272 0.71263632294215 -0.000128608045581452 0.000488661013496877 0.000421033827086977
217700 0.0217491018504761 0.0189882761417914 2.29147215144044 0.714501539527536 -9.58242349458692e-05 -5.99069235798663e-05 0.000989648818709245
217800 0.0217491018504761 0.0218454111147089 2.29399733404736 0.716307669779992 -0.00010116447315538 -0.000453776453062422 -2.8004428758787e-05
217900 0.0217728961321355 0.0244749768563372 2.29631786384166 0.718001430603463 -0.000136098620701036 3.46386996288174e-05 -0.000905305586414845
218000 0.0217728961321355 0.0269219778615292 2.2986377812745 0.71959408100844 -0.000132229557235561 0.000550697087043343 -8.65103745183411e-05
218100 0.0217728961321355 0.0296481612729161 2.30110243990945 0.721358754202516 -9.7828425340878e-05 0.000121125208416953 0.00111939426193004
218200 0.0217971902936618 0.0327329066081368 2.30375457986608 0.723295424044209 -8.61087409758316e-05 -0.00046951791521256 0.000511670689177435
218300 0.0217971902936618 0.0356330793445301 2.30635641711284 0.72515333910791 -0.00011607417020295 -0.000136317881794112 -0.000812079974431235
218400 0.0218222842629749 0.0383945680699168 2.30882539797852 0.72692703253065 -0.00013384219555969 0.000533884826960093 -0.000553424318297574
218500 0.0218222842629749 0.0413261922627153 2.31147210716105 0.728792107218355 -0.000109256519990412 0.000288578878107021 0.000787596534886716
218600 0.0218222842629749 0.0444532163418748 2.31417020489677 0.730782716475834 -8.05578665650692e-05 -0.000414218469864245 0.000904960863453391
218700 0.021848477967995 0.0474564400866801 2.31679661982412 0.732655566271808 -9.82749667374798e-05 -0.000297200478053198 -0.000325587717556792
218800 0.021848477967995 0.0501913485807096 2.31930409178368 0.734435821174205 -0.000128848304861182 0.000454386996534746 -0.000899740095442782
218900 0.021848477967995 0.0532280994361473 2.32198754425614 0.736351340916391 -0.000111507645261031 0.000429715434605424 0.00025043577239082
219000 0.0218762712885889 0.0564337102710042 2.32469762338476 0.73834965076485 -8.575717696973e-05 -0.000329548426113747 0.00114535809639053
219100 0.0218762712885889 0.0593790051630574 2.32729711096072 0.740218503423164 -8.53926228252482e-05 -0.000349085869830238 0.000239067147794377
219200 0.021904164585156 0.0622451955459959 2.32979328692314 0.74200665935487 -0.000116419109093627 0.000316775126322137 -0.000823096269062708
219300 0.021904164585156 0.0652907652199357 2.33246241157525 0.743944824312844 -0.000122248089948642 0.000473609163695507 -0.00039526037315064
219400 0.021904164585156 0.0683279176079806 2.33509362955876 0.745833466671343 -8.95509014513395e-05 -0.000155778253761717 0.000898256418019006
219500 0.0219325577615901 0.0711260134576071 2.33746257734092 0.747570395103787 -8.19464542573826e-05 -0.000423873846361079 0.000855725996648333
219600 0.0219325577615901 0.0739334415313368 2.33997273245091 0.749356461524177 -0.000101798506424924 0.000167732839156964 -0.000520960529117697
219700 0.0219325577615901 0.0769761062734986 2.3426287182567 0.751258817256369 -0.000119799007854728 0.000532458744062973 -0.000794233437389921
219800 0.0219602511062104 0.0797090195577146 2.34491335488441 0.752954639322381 -0.000103376954551446 -2.71267166689782e-05 0.000444300214899531
219900 0.0219602511062104 0.0822851865599993 2.34728800463211 0.75458802012472 -7.92674266001309e-05 -0.000457694409263456 0.00105573570754681
220000 0.0219602511062104 0.0849516469996306 2.34969166993572 0.756297837960965 -8.50237794368941e-05 7.22988579311689e-05 0.00012442825781645
220100 0.0219870446670706 0.0875897945929747 2.35194793127747 0.757929794726139 -9.99794326178087e-05 0.000517562822586379 -0.00095031095529871
220200 0.0219870446670706 0.0899415730942221 2.35415384945155 0.759445942087007 -0.00010094901230302 9.57633877819656e-05 -0.000212604118768638
220300 0.0220134383240375 0.0923029982290473 2.35624147163568 0.760938438381512 -8.13098020949961e-05 -0.000430602584579715 0.00112786433000574
220400 0.0220134383240375 0.0945530621698968 2.35839876784541 0.762396111655113 -7.39741765865778e-05 -5.56428970880196e-05 0.000663368060986046
220500 0.0220134383240375 0.0965105996161309 2.36036306185341 0.763706246121958 -9.11606633679151e-05 0.000520407176856922 -0.000724354318142618
220600 0.0220404318368444 0.0985249653929963 2.3622371036792 0.764990552583285 -0.000103341651179478 0.00020360437823062 -0.000658753503533147
220700 0.0220404318368444 0.100497563382563 2.36419535795176 0.766312489672995 -8.37751456526461e-05 -0.000403036570168558 0.000719708196482883
220800 0.0220404318368444 0.10215621566863 2.36601322324673 0.767442668907891 -6.85248434575531e-05 -0.000161243513487594 0.00100770882547512
220900 0.0220670254457579 0.103708468558588 2.36757208409286 0.768489388265868 -8.02104987956732e-05 0.000473630743654565 -0.000171858173195588
221000 0.0220670254457579 0.105385388083087 2.36939636264363 0.769638167415666 -9.5145700793311e-05 0.000291020828213391 -0.000882256714087668
221100 0.022093219150778 0.106670520320172 2.37084997934287 0.770555054655687 -8.76320684280972e-05 -0.000332621348582602 7.75842782586276e-05
221200 0.022093219150778 0.107803432819893 2.37234800494696 0.771415051872114 -6.53743604152832e-05 -0.00025595136480106 0.00110619909705139
221300 0.022093219150778 0.108859034488706 2.37380849398031 0.772238140440387 -7.2316337034683e-05 0.000392070678606993 0.000477245428289211
221400 0.0221192129038514 0.109592408285861 2.37497522584906 0.772875389182325 -8.49144119528448e-05 0.000400833714855962 -0.000821158991738493
221500 0.0221192129038514 0.110252021473223 2.37624897154107 0.773479300944616 -8.48867109352399e-05 -0.000257562551880853 -0.000577450697723231
221600 0.0221447067770579 0.110976267706054 2.37737096223525 0.774105689336311 -7.21054291197074e-05 -0.000346064762147193 0.000933339700510316
221700 0.0221447067770579 0.111328388270271 2.37848875997067 0.774552777127509 -6.21721747670851e-05 0.000286723607472022 0.00109222934674455
221800 0.0221447067770579 0.111685701247113 2.37956738930982 0.775030924400209 -7.93239652496098e-05 0.000474148398300423 -0.000563794327234934
221900 0.0221694008424775 0.111750891376561 2.38040305305008 0.775296232500645 -8.44592985425494e-05 -0.000140251119366756 -0.00102254913724591
222000 0.0221694008424775 0.111762091356868 2.38132671453603 0.775574108659581 -6.81317659739088e-05 -0.000416949411650184 0.00056566707701651
222100 0.0221948947156842 0.11175791341917 2.382106078556 0.775835079476751 -6.28039181997985e-05 0.000178600434961025 0.00129759772721467
222200 0.0221948947156842 0.111400693977722 2.38285752970361 0.775898070750719 -7.1301708485539e-05 0.000521209829979817 -1.19149820630654e-05
222300 0.0221948947156842 0.111113106817681 2.38356558349911 0.776045273776628 -8.16714082854651e-05 -2.74009227830938e-05 -0.00101270069828875
222400 0.0222197887330506 0.110665170895852 2.38419138315816 0.776041663127386 -6.91974914242291e-05 -0.00043913154738857 -0.000101274797336357
222500 0.0222197887330506 0.10990581010394 2.38470381612426 0.775946937967532 -5.58405374158498e-05 4.62524004428372e-05 0.00110388540575773
222600 0.022244982678337 0.109125720314101 2.38513440132476 0.775777078337045 -7.10958172124498e-05 0.000531568322060145 0.000713893319635717
222700 0.022244982678337 0.108361618619755 2.38568672365517 0.775661073658379 -8.6082904330387e-05 0.000111332746328409 -0.00069853089146399
222800 0.022244982678337 0.107506097003026 2.38614166851193 0.775513655874935 -7.57266950845574e-05 -0.000453800955225554 -0.000774945617620236
222900 0.0222700766476503 0.106424622531303 2.38650383540831 0.775188822053617 -6.16352559233653e-05 -8.86781820457483e-05 0.000677744519591762
223000 0.0222700766476503 0.105251789484893 2.38679961454448 0.774881002899532 -6.70939328848302e-05 0.000523201600888042 0.00129093834825172
223100 0.0222700766476503 0.104265153021194 2.38725501636209 0.774637078134206 -8.34132088308767e-05 0.000230028531680034 -0.000208986153077501
223200 0.0222960704007235 0.102924102425792 2.387476990326 0.774219812002774 -8.13965526406268e-05 -0.00042859513362624 -0.00116845376314345
223300 0.0222960704007235 0.101646342495443 2.38775699485102 0.773833607309723 -6.30028160055673e-05 -0.000199299394831424 0.000196829404649361
223400 0.0223212643460101 0.100448241181576 2.38812509920207 0.773491404226834 -6.44047276392779e-05 0.000478856118995972 0.00142166390040339
223500 0.0223212643460101 0.099036580703648 2.38832893883736 0.773056586672437 -8.01978044014691e-05 0.000335626538886245 0.000286186893120105
223600 0.0223212643460101 0.0976057464904399 2.38858667856217 0.772573433320537 -8.12475592495103e-05 -0.000358429536400379 -0.00101288130188078
223700 0.0223465582672699 0.0961766296544649 2.3888053876759 0.772135803954175 -6.29461397667803e-05 -0.00031428715500201 -0.000295661370686309
223800 0.0223465582672699 0.0947820899921963 2.38907884947224 0.771685340801278 -5.5540581429706e-05 0.000393473084898537 0.00106243400214732
223900 0.0223724520443699 0.093289009959058 2.38929358211449 0.771197144852636 -7.95542714896762e-05 0.000447215732724091 0.00073384678159248
224000 0.0223724520443699 0.091731366221705 2.38946100419789 0.770671105257416 -9.14281875154829e-05 -0.000248810665319722 -0.000506171411992155
224100 0.0223724520443699 0.0903374646255989 2.38977637921606 0.770235723201783 -6.97537428885268e-05 -0.000430698206130002 -0.000687924303925386
224200 0.0223996455091236 0.0887882013228945 2.38998893749122 0.769745329043411 -5.0205986011168e-05 0.000289637520373607 0.000487067150582387
224300 0.0223996455091236 0.0871788472951318 2.39017803773003 0.769166857054184 -7.43984936873691e-05 0.000555224967922662 0.00108599342293868
224400 0.0223996455091236 0.0856100685557599 2.39035203174377 0.768663567347969 -9.03566216466285e-05 -0.000153198988825118 1.5081182056732e-05
224500 0.0224279387095842 0.0840995658612612 2.39064205802836 0.768166790118839 -7.35806024608259e-05 -0.000471959520212744 -0.000888016680661117
224600 0.0224279387095842 0.0824391808254978 2.39074469466294 0.767579062604555 -5.43371637517116e-05 0.000176868820475419 -8.64859916069003e-06
224700 0.0224279387095842 0.0807899905282118 2.39089911091609 0.767001616623712 -6.82068363893115e-05 0.00055732800145777 0.00115418045790931
224800 0.022456031958098 0.0793781368751259 2.3912342315342 0.766572436557178 -8.65568963752334e-05 2.7239898271197e-06 0.000485339159884315
224900 0.022456031958098 0.0776937227166706 2.3913092662001 0.765960157457207 -8.16143781165214e-05 -0.000437608762493257 -0.000796757356617858
225000 0.0224850249903721 0.0761211696035938 2.3915433087657 0.765422277979089 -6.03880573261989e-05 -1.10361947456566e-05 -0.000429631692425358
225100 0.0224850249903721 0.0746003495752507 2.39172865891088 0.764922074755589 -5.49155015099077e-05 0.000531375132666714 0.00092950006359152
225200 0.0224850249903721 0.0730712347803065 2.39190155056185 0.764381126097031 -8.30624281329207e-05 0.000201656426009878 0.000801648870594933
225300 0.0225150177823798 0.0714499900147893 2.3920236140353 0.763803877094046 -8.58407483321008e-05 -0.000425206216076303 -0.000392966629262397
225400 0.0225150177823798 0.0700933441550959 2.39228159296352 0.763367846881217 -6.73741432969839e-05 -0.00015227770433821 -0.000634310306837894
225500 0.0225150177823798 0.0686570108102125 2.39248756422761 0.76289238731944 -5.36665350703127e-05 0.000497250155517833 0.000371350207302453
225600 0.0225455104542543 0.0671821999386554 2.39271109598158 0.762391942207559 -6.67655026495283e-05 0.000296787699539323 0.000971282578287235
225700 0.0225455104542543 0.0658111603319597 2.39295830816372 0.761939981351767 -9.13640884086257e-05 -0.000318515801379096 0.000201933213772959
225800 0.0225455104542543 0.06470834918485 2.39333076224706 0.761650845745111 -7.5353117601292e-05 -0.000240322067984238 -0.000701578954634811
225900 0.022574103582635 0.0635698975577604 2.39380048041601 0.761338891858245 -5.6301687809531e-05 0.000344225899846781 -0.000191928709646368
226000 0.022574103582635 0.0626193329308752 2.39422226692649 0.761117098251109 -5.99108312028814e-05 0.00041395215142747 0.00092940325800986
226100 0.022574103582635 0.0621345127272024 2.39496583591441 0.761141624858203 -8.29263445917223e-05 -0.000186536828391662 0.00064338899292486
226200 0.0226024967590691 0.0618100329983386 2.39586357952005 0.761296541873793 -8.07876238135634e-05 -0.00034366136419738 -0.000512012896645198
226300 0.0226024967590691 0.0617615966502568 2.39678723965282 0.761542677098951 -5.78307388348079e-05 0.000234004695332827 -0.000531498249315449
226400 0.0226024967590691 0.0622135717049718 2.39803194413262 0.762070607480298 -5.79107059310427e-05 0.000457585033957846 0.000644305160053845
226500 0.0226306899835563 0.0629522905265491 2.39942316247717 0.762788464181999 -6.90299636583669e-05 -8.75392482785221e-05 0.000896973304615649
226600 0.0226306899835563 0.0634179346435684 2.40066316811027 0.763293202301216 -8.11349433686858e-05 -0.000329030799731053 -0.000138475157222536
226700 0.0226306899835563 0.0639440592294126 2.40190789559645 0.763888985695366 -6.6681245878947e-05 0.000101427871710407 -0.000684926323035945
226800 0.0226590831599902 0.0643861502590821 2.40317278070795 0.764425055280273 -5.62830429977586e-05 0.000390764258055965 0.000207853942431228
226900 0.0226590831599902 0.0643372117394057 2.40415713065353 0.764695429173527 -6.3577324934263e-05 9.84859555971535e-05 0.000949444812254249
227000 0.0226590831599902 0.0645269400675567 2.40522865034626 0.765101769665236 -7.72737179000514e-05 -0.00031782998343524 0.000327923003134634
227100 0.0226869764565575 0.0650227078803834 2.40663078739135 0.765693828776149 -7.27293529266001e-05 -5.9302456276945e-05 -0.000572922281639322
227200 0.0226869764565575 0.0654998474615856 2.40784979533173 0.766269504086671 -5.04574941340017e-05 0.000399933974700772 -0.000329974594467759
227300 0.0227130701856042 0.0657922650890269 2.4090415549557 0.766701846958263 -5.21272151623719e-05 0.00019403223000542 0.000773991991375461
227400 0.0227130701856042 0.0662383758588348 2.41027169704294 0.76727603935291 -6.45318037212484e-05 -0.000282978727175946 0.000821016268955533
227500 0.0227130701856042 0.0663484089317622 2.41131110195319 0.767619528662485 -7.71491036805156e-05 -0.000142443206249861 -0.000341669840723065
227600 0.0227382641308907 0.066363217830786 2.41229424341829 0.767923688420814 -5.98157465845056e-05 0.00033300760781904 -0.000679325058102062
227700 0.0227382641308907 0.0667894880480075 2.41347211505454 0.768457337588687 -4.61573197249011e-05 0.000259913637087697 0.000425664074999049
227800 0.0227629581963103 0.067329633278531 2.4147302525804 0.769030373901933 -6.0472240555298e-05 -0.000182455023436311 0.000980914650209836
227900 0.0227629581963103 0.0675334997702846 2.41580302590263 0.769447762597252 -7.51737987559074e-05 -0.000225668230037287 0.000142459878240512
228000 0.0227629581963103 0.0678703154201898 2.41700100369519 0.76992708748388 -6.64744590429059e-05 0.000249708731492639 -0.000697280385763969
228100 0.0227877522377034 0.0682026470704816 2.41813758516299 0.77041813051692 -4.13590842764585e-05 0.000349883897348221 -0.000122118529038904
228200 0.0227877522377034 0.0686047733674993 2.41933804034586 0.770920890807587 -4.95578899059902e-05 -0.000113779166380845 0.000911147049264701
228300 0.0228121463752031 0.069051873595483 2.42049241192553 0.771443787073638 -6.47221439146309e-05 -0.00028266128051834 0.000626375935607843
228400 0.0228121463752031 0.0694212879245124 2.42165146701627 0.771943142990511 -6.48171532693087e-05 0.000173022801215766 -0.000503338278083636
228500 0.0228121463752031 0.0696692788856288 2.42267700867491 0.772341521687959 -4.06887361737124e-05 0.000407922741692241 -0.000563128414471463
228600 0.0228361406088092 0.0700351487461835 2.42368555306769 0.772784528529688 -4.17670209916339e-05 -3.91756363013987e-05 0.000600185679176196
228700 0.0228361406088092 0.0705539610646358 2.42491564250206 0.773354546975186 -5.59743086331173e-05 -0.000301220990667046 0.000950380865469974
228800 0.0228603347943621 0.070897895734227 2.42585728600608 0.773772931687368 -5.89929976256361e-05 8.75791856928226e-05 -0.000108452289149216
228900 0.0228603347943621 0.0711283993568793 2.42691406527507 0.774173395739 -4.36771400170465e-05 0.000415084947984427 -0.000742497895348248
229000 0.0228853287877019 0.071564173084485 2.42792065068589 0.77463755935553 -3.28893820015976e-05 7.1509471379045e-05 0.000112076949627373
229100 0.0228853287877019 0.0721215715011461 2.42914034493638 0.775226063818144 -4.70663277441607e-05 -0.000322316888158938 0.000985515650054505
229200 0.0228853287877019 0.0723290251653101 2.43018550034014 0.775600877033206 -5.60754943403218e-05 9.46497598886029e-06 0.000453121829774527
229300 0.0229106227089617 0.072708947870843 2.43114928828343 0.776046042898925 -4.83439514766968e-05 0.000409014186283236 -0.000650834959802486
229400 0.0229106227089617 0.0732456211157271 2.43241132263983 0.776609669690488 -3.01520747971302e-05 0.000152744287413605 -0.000434310826195362
229500 0.0229106227089617 0.0736752934653033 2.43353756521674 0.777123128136634 -3.71646137406574e-05 -0.000270953399723424 0.000757675640297555
229600 0.0229365164860617 0.0739436280700643 2.43446787778525 0.777477750224513 -5.07819926914048e-05 -8.59904275108063e-05 0.000923479237581323
229700 0.0229365164860617 0.0744742116992951 2.4356396345741 0.778035259213276 -4.40183880641092e-05 0.000367828565313464 -0.000288061327743255
229800 0.0229621103352416 0.074860674213768 2.43662097774025 0.778448590714087 -2.77632357319928e-05 0.000244184103304086 -0.000841085817088222
229900 0.0229621103352416 0.0753226468828487 2.4377846406813 0.778968537985471 -3.10242260365924e-05 -0.000227782857517367 0.000328878212758746
230000 0.0229621103352416 0.075703870049616 2.43891399597458 0.779434879521633 -5.04929408430232e-05 -0.000159021997674554 0.00119734807236541
230100 0.0229878041603949 0.0761159998035301 2.43989382112398 0.779859272158083 -4.10946613860706e-05 0.000352340748397797 0.000131363534988602
230200 0.0229878041603949 0.0766332210821805 2.44106721991204 0.780410931903545 -2.70539761221395e-05 0.00031626748633961 -0.000868886073074763
230300 0.0230137979134683 0.0768685918387247 2.44200277289777 0.780744063572008 -2.72515997919964e-05 -0.000164811737284664 -0.000181905027310636
230400 0.0230137979134683 0.0773024385114624 2.44311223586893 0.781236348258432 -4.39472422872543e-05 -0.000187301894478234 0.00105210798341338
230500 0.0230137979134683 0.0776407024862956 2.44427589127773 0.78169102762123 -4.16733043844929e-05 0.000288871033979143 0.000695257641735652
230600 0.023040191570435 0.0779334724916692 2.44515980324704 0.782059557021926 -3.4600121851445e-05 0.000376604073219109 -0.000596514522576375
230700 0.023040191570435 0.078162519127547 2.44624257814605 0.782441450060258 -3.32967586230681e-05 -9.88403104935147e-05 -0.00069175992366184
230800 0.023040191570435 0.0784929478038932 2.4473426259932 0.78289036612003 -4.34808807704627e-05 -0.000227780857077087 0.000635776577813729
230900 0.0230663852754551 0.0787256298491841 2.44824172879652 0.783226651105051 -5.17509290941522e-05 0.000224657133925656 0.00107590422098398
231000 0.0230663852754551 0.0789294293194257 2.44930215653079 0.783604918185764 -4.20827412178146e-05 0.000416880727547729 -7.62694090717151e-05
231100 0.0230926789564485 0.079166422685551 2.45018376441487 0.783944548176682 -3.99599261100438e-05 -3.02703302910623e-05 -0.000974566372935714
231200 0.0230926789564485 0.079293763566274 2.45121043289054 0.784284329729651 -3.80990394286714e-05 -0.000247207471006829 8.64669226589229e-05
231300 0.0230926789564485 0.0795037983643847 2.45225281693807 0.784667119419301 -5.03907923488361e-05 0.000167850685712365 0.00121278077595717
231400 0.023118972637442 0.0795749519306794 2.45310090675153 0.784928963911668 -4.84127677161999e-05 0.00043110008155345 0.000427447042736944
231500 0.023118972637442 0.0796539220045677 2.45410702545651 0.785252324531873 -4.1442187270923e-05 6.83100967700281e-05 -0.000886687555945622
231600 0.0231444665106485 0.0797858994457761 2.45493512099322 0.78554402310126 -4.56274297758439e-05 -0.000268314047592339 -0.000428397747632855
231700 0.0231444665106485 0.0797552430780569 2.45590127739024 0.785803056489961 -4.85462330097989e-05 8.47551925408271e-05 0.000972611741191303
231800 0.0231444665106485 0.0798155427863161 2.45684584397857 0.786114325044802 -5.82184157144028e-05 0.000450555066268012 0.000834905206747535
231900 0.023169660455935 0.0798340140486104 2.45766956862848 0.786349893506802 -4.97541839452406e-05 0.000180688644709206 -0.000506999626144212
232000 0.023169660455935 0.0797510865063779 2.45856247706013 0.78659309307514 -4.94063220823868e-05 -0.000267480400073885 -0.000698352177290662
232100 0.0231950543531682 0.0797166634350299 2.45935302050947 0.786805165927425 -5.43187350450369e-05 -2.30775210615255e-05 0.000436809866808565
232200 0.0231950543531682 0.0796397773276642 2.46025787770095 0.787047269212522 -5.55670582710432e-05 0.00049493413211969 0.0010178151474405
232300 0.0231950543531682 0.0795487004866379 2.46113649514398 0.787287543957066 -5.7713400429978e-05 0.000267334271351247 7.32448167045792e-05
232400 0.023221448010135 0.0793587074948899 2.46186811667855 0.787418429332924 -5.56960115828678e-05 -0.00025014935480511 -0.000817129374774475
232500 0.023221448010135 0.0792468808833561 2.46273209806963 0.787658055227178 -5.78590801693126e-05 -0.000105268205437624 -0.000129375815761024
232600 0.023221448010135 0.0790543529365207 2.46361123680138 0.787841773508411 -6.40747946927471e-05 0.000472343457833554 0.00100130014820696
232700 0.0232483415469686 0.0787836995201456 2.46430257772492 0.787963602599702 -6.98693280130515e-05 0.000359600698282089 0.000557583848529811
232800 0.0232483415469686 0.0783653810532435 2.46502745247982 0.788026885908932 -6.69254750816271e-05 -0.000198498384885998 -0.000670193125203474
232900 0.0232483415469686 0.0780247327709049 2.46581503259717 0.788145194467167 -7.45351686987392e-05 -0.000183281568852707 -0.000553551458946532
233000 0.023275734963669 0.0773554541198443 2.46630112354014 0.788059724158076 -6.84720576661379e-05 0.000401572675237653 0.000735951731480283
233100 0.023275734963669 0.0765399543149215 2.46684799305936 0.787921638057871 -6.79385522148465e-05 0.000478475768511952 0.000820338797001848
233200 0.0233023285725824 0.0753591292739684 2.46710641975674 0.787579773108983 -7.71779549065679e-05 -0.000132344851552151 -0.000312519426422158
233300 0.0233023285725824 0.0738789240577054 2.46734524022663 0.787108403070508 -7.56042055001887e-05 -0.000242125733360471 -0.000681793998558237
233400 0.0233023285725824 0.0720894588766386 2.46737516073611 0.786478249594548 -7.55610480792007e-05 0.000305356515174355 0.000257809372085955
233500 0.0233287222295493 0.0698410865315372 2.46718368093475 0.785585209647053 -7.04965790814086e-05 0.000535849493507207 0.0008790815256644
233600 0.0233287222295493 0.0675353609166857 2.46696157854095 0.78468670147303 -6.58226189707907e-05 -2.6389230562225e-05 0.000166251022958426
233700 0.0233546160066493 0.0653040285930916 2.46687194805909 0.783839260090509 -7.2934385832764e-05 -0.000301717603071017 -0.000589016155223477
233800 0.0233546160066493 0.063189104235963 2.46676170213669 0.78304729981132 -7.45490928082087e-05 0.000217491258051999 -0.000254172266116075
233900 0.0233546160066493 0.0610979807871081 2.46665298099035 0.782237145829006 -6.3990042808728e-05 0.000549974041058581 0.000691484186908686
234000 0.0233802098558293 0.0591942032966092 2.46676238636439 0.781588883151961 -6.08616865416017e-05 9.48116945108344e-05 0.000590717053661961
234100 0.0233802098558293 0.0571975884680694 2.46672749270064 0.780852635414514 -6.83094796563705e-05 -0.000298426007848817 -0.000318494985659531
234200 0.0233802098558293 0.0548831405558577 2.46652102851296 0.779936478804587 -7.62397518105905e-05 0.0001143059464208 -0.000572016539882436
234300 0.0234062036089025 0.0524979045104367 2.46634975204701 0.779021617829392 -6.68359606765844e-05 0.000520576925213857 0.000348175363743134
234400 0.0234062036089025 0.0502754458775282 2.46624030910235 0.778161205535962 -6.29924823431772e-05 0.000218803004599777 0.000784811329075182
234500 0.0234323973139226 0.0482315298983276 2.46623756713502 0.777440374009222 -7.13800724996349e-05 -0.000255892018986723 3.05746882666229e-05
234600 0.0234323973139226 0.046167326265035 2.46618993450212 0.77663458064749 -7.6625945274289e-05 1.14391482440605e-05 -0.000590254464396968
234700 0.0234323973139226 0.0440994231247541 2.46607095203531 0.775868418273002 -7.91704684081086e-05 0.00049377515883938 -9.93614237529171e-05
234800 0.023459790730623 0.0418521714389635 2.46607395892254 0.775023272645192 -6.60790411558762e-05 0.000275612093771151 0.000702819566131408
234900 0.023459790730623 0.0394771213023467 2.46579429248986 0.774068231111823 -6.95324900850946e-05 -0.000201751696129063 0.000455580049043126
235000 0.023459790730623 0.0372494516548744 2.46561578381915 0.773188813625766 -7.48102098166582e-05 -3.89884020627287e-05 -0.000399836614191303
235100 0.0234869841953767 0.0352001009530052 2.4657156193629 0.77245215858591 -7.21880637441019e-05 0.00044106613268948 -0.000478931800553605
235200 0.0234869841953767 0.0331180373823929 2.46557460636859 0.771662321167465 -6.8364753133635e-05 0.000287494768400109 0.000349783502053487
235300 0.0235135778042901 0.0307233216714826 2.46547558442196 0.770708419886461 -7.06008326020117e-05 -0.000112601199843844 0.000819474848319804
235400 0.0235135778042901 0.0285076833844872 2.46522815409508 0.769838683845754 -7.63921379633511e-05 -6.68554693954687e-05 1.7503264352906e-05
235500 0.0235135778042901 0.0263413979773061 2.46514073060717 0.768987223269483 -7.68183010834062e-05 0.000334953332955136 -0.000766702828390534
235600 0.0235400714372304 0.0242606534648071 2.4651122970836 0.768214445849436 -7.44314026808248e-05 0.000343524978368256 -8.48672710187728e-05
235700 0.0235400714372304 0.0220156791112231 2.46490162649002 0.767303643586714 -7.09488502023292e-05 -6.39146625094059e-05 0.000925096701270886
235800 0.0235400714372304 0.0198816865699159 2.4647796243504 0.766465658565346 -7.74080351722929e-05 -0.000117653878855038 0.0004390756780763
235900 0.0235655653104369 0.0177979696255193 2.46474745118084 0.765692115425109 -7.72451298344336e-05 0.00028769647040209 -0.000697201857513737
236000 0.0235655653104369 0.0157079227712136 2.46468386701854 0.764862749083977 -7.04996149213918e-05 0.000365974288063925 -0.000529441334872181
236100 0.0235923588712971 0.0137985202239576 2.46472733753839 0.764184543677796 -6.91161119921618e-05 -5.62202347560437e-05 0.000703591716465242
236200 0.0235923588712971 0.0116579942802785 2.46465246241946 0.763345092908783 -7.73147160704324e-05 -0.000108691787084065 0.000832749063630985
236300 0.0235923588712971 0.00973300013546851 2.46462445424156 0.762617157321448 -7.57682166696293e-05 0.000228801559689797 -0.000363009623664886
236400 0.0236187525282638 0.00798206039567679 2.46480708190311 0.762013760330905 -6.37133959449754e-05 0.000352950268145385 -0.000802322113782265
236500 0.0236187525282638 0.00616899146108013 2.46492805458484 0.761362296620191 -5.66447258848687e-05 1.93599699463325e-05 0.000211286997948061
236600 0.0236447462813372 0.00428511976424929 2.46502016762474 0.760693510072716 -6.53419382231431e-05 -0.000159223287463647 0.00103446075350002
236700 0.0236447462813372 0.00263974826946685 2.46525828397157 0.760130094448017 -7.33099368520006e-05 0.000142335390461354 0.000173237207334082
236800 0.0236447462813372 0.00117191660665824 2.46549995241973 0.759666836511584 -6.1500663623428e-05 0.000385016446378779 -0.000901864896710394
236900 0.0236704401064905 -0.000481667851317748 2.46580225168527 0.759129843649714 -5.45281512658093e-05 0.000108556206739254 -0.000351644454812143
237000 0.0236704401064905 -0.00202664679196805 2.46606533234919 0.75861957760927 -5.20085388763987e-05 -0.000255267469646973 0.00104129233072472
237100 0.0236704401064905 -0.00313026521387057 2.46654343278319 0.758371249556437 -6.55056361321495e-05 8.7714854934832e-05 0.000653032253293932
237200 0.0236960339556704 -0.00442979542982529 2.46708977722894 0.758032539044194 -6.3899443156073e-05 0.000444804149916956 -0.000719529401575835
237300 0.0236960339556704 -0.005711515899988 2.46739968360255 0.757656010349942 -4.01137891051506e-05 0.000142429102208444 -0.000713879959009742
237400 0.0237217277808237 -0.00670934573865405 2.46804552457266 0.757471233299591 -3.922453278658e-05 -0.00026099514129498 0.000661882178554317
237500 0.0237217277808237 -0.0075949613854235 2.46857406145531 0.757310047949962 -5.0444352210924e-05 -2.20705332930883e-05 0.00100328758488421
237600 0.0237217277808237 -0.00872903139955764 2.46893190045273 0.756991481416777 -6.53009587196917e-05 0.000440389353121196 -0.000266918456690883
237700 0.0237473216300036 -0.00957204326991196 2.46951103581635 0.756839137166389 -4.90857234295204e-05 0.000242013077274526 -0.000900342854152549
237800 0.0237473216300036 -0.0101875630761968 2.47017711917636 0.756831826923716 -3.23257133757595e-05 -0.000238814699191407 6.168766729771e-05
237900 0.0237724155993167 -0.0109033818622327 2.47095518695611 0.756787416955293 -4.26769984516699e-05 -0.000150140286956684 0.00104959114214544
238000 0.0237724155993167 -0.0113737143878542 2.47186234543242 0.756889191780292 -5.85745841522527e-05 0.000417311440745551 0.000343374728651466
238100 0.0237724155993167 -0.0115680400375073 2.47308923775084 0.757187655282095 -5.23668140527561e-05 0.000360409162409013 -0.000829125833032407
238200 0.0237974095926566 -0.0118209185700225 2.47410390942999 0.757412441851612 -2.81391714459909e-05 -0.000223733565342249 -0.000537501757125539
238300 0.0237974095926566 -0.0120213400759378 2.47512456854248 0.757635105952963 -3.06652502836155e-05 -0.000233118184675684 0.00081260634276396
238400 0.0238219037061294 -0.0119570229457388 2.47615421764171 0.757992029527857 -4.95032408267717e-05 0.000356669157574684 0.00088212679432102
238500 0.0238219037061294 -0.011983316302803 2.47715201169776 0.758278229865428 -5.01251218998413e-05 0.000437160409491368 -0.000504531422818032
238600 0.0238219037061294 -0.011998727503739 2.47819659355929 0.758597839344722 -3.17328467782833e-05 -0.000164210166236923 -0.00082219133905984
238700 0.0238462978436291 -0.0116968828942437 2.4793194811592 0.759056503550482 -1.52964667488497e-05 -0.00027057067765787 0.000313883428758615
238800 0.0238462978436291 -0.0114517700299403 2.4805720248717 0.759523536990316 -3.92972547747608e-05 0.000269216583541891 0.00107054595265848
238900 0.0238702920772353 -0.0111705473297276 2.48170178965972 0.759984372512607 -5.14995341506873e-05 0.000469389656988319 5.34978868222103e-05
239000 0.0238702920772353 -0.0105610750365051 2.48316632093635 0.760633292779817 -3.33593659394822e-05 -4.26999539802063e-05 -0.000901271848356523
239100 0.0238934865030547 -0.0100100799562074 2.4843785134884 0.761240538411423 -1.82738872899753e-05 -0.000305074554814006 -0.00015930597688658
239200 0.0238934865030547 -0.00955973348587913 2.48566927498911 0.761757522195388 -2.474010739185e-05 0.000144027014126905 0.000874666638201048
239300 0.0238934865030547 -0.00889288223375258 2.48707702789438 0.762462238008429 -4.41907502528136e-05 0.000481209461300998 0.00052891964820745
239400 0.0239165809529005 -0.00807114091035642 2.48851378612731 0.76318719434664 -3.89208233438228e-05 9.18317366888685e-05 -0.000583911651410832
239500 0.0239165809529005 -0.0072318173667485 2.49002665135218 0.763952630057698 -1.31521377114955e-05 -0.00034361189945227 -0.000559113771538172
239600 0.0239401752826132 -0.00628034868105603 2.49146508018394 0.764749712724996 -1.12629933890579e-05 3.23947249729797e-05 0.000435112480300903
239700 0.0239401752826132 -0.00537501340633408 2.49301020523836 0.765529519357058 -3.23218680839248e-05 0.000473415281369644 0.000881688718097261
239800 0.0239649693240063 -0.00450598307131545 2.49435651568658 0.766275323198082 -4.25292829959175e-05 0.000164934816230845 -0.000155482676812206
239900 0.0239649693240063 -0.00357338561553057 2.4959416536357 0.767065612509517 -2.34917343392901e-05 -0.000307960628718816 -0.000738509068331594
240000 0.0239649693240063 -0.00249088567077157 2.4975407876222 0.767966994105986 -6.01747315186414e-06 -4.76564063946388e-05 -4.32828848818121e-05
240100 0.0239904631972129 -0.00150201908866104 2.49896295795765 0.768734799964429 -2.46178702507913e-05 0.000409086871106333 0.000885692591363733
240200 0.0239904631972129 -0.000485350432273472 2.50049457634114 0.769565973779584 -4.45620745342401e-05 0.000234940663256927 0.000442226028506859
240300 0.0239904631972129 0.000514931634541679 2.50206294329438 0.770405809840114 -2.68803771573411e-05 -0.000200645378738986 -0.000832586547897273
240400 0.0240165569262596 0.00146932339632943 2.50347518421526 0.771158821607016 2.98768086110741e-06 -0.000145767627014044 -0.00043372991279205
240500 0.0240165569262596 0.00255204872520196 2.50504423384192 0.772025376684653 -2.93356062919427e-06 0.000304062538396171 0.000807887583409234
240600 0.024042850607253 0.00358090728948129 2.50647431037565 0.77282172651322 -4.0936966275716e-05 0.00033685822140639 0.000694237412164352
240700 0.024042850607253 0.00453281514383853 2.50799141680909 0.773607082797603 -4.36624683481005e-05 -0.000123313695477424 -0.00051132204214053
240800 0.024042850607253 0.00554229168701151 2.50951709058795 0.774436034128738 -2.08216681042161e-06 -0.000207633792920935 -0.000730795809025906
240900 0.0240696441681133 0.00644630228794331 2.51089520432761 0.775142360255187 1.43236068843838e-05 0.000231511623448933 0.000408275381773238
241000 0.0240696441681133 0.00741971511413802 2.51240133854247 0.775959815224911 -2.24090564779862e-05 0.000349791748158038 0.000903430449020542
241100 0.0240696441681133 0.00837869681776592 2.51393977046688 0.776737163383658 -5.11491099273504e-05 -4.2068538057301e-05 -5.04537675931277e-05
241200 0.024098537224414 0.00935640382380671 2.51531921960664 0.777504251428519 -1.3069314201489e-05 -0.000191734122915979 -0.000827798464513537
241300 0.024098537224414 0.0103327588483958 2.51681683027871 0.778287088567577 2.15859568502247e-05 0.000117446064292057 -0.000108776109145314
241400 0.024098537224414 0.0112049486249133 2.51826405524428 0.77901859391109 -3.89318406772874e-06 0.000329266559226718 0.000869074059845055
241500 0.0241264305209812 0.0122696946574222 2.51971653886233 0.779836579344225 -4.55533740337531e-05 7.90971878139739e-05 0.000461344572665088
241600 0.0241264305209812 0.0131997296141309 2.52115518392171 0.780578343627701 -2.87075620646796e-05 -0.000192851234286914 -0.000625859149121863
241700 0.0241264305209812 0.0140367228161674 2.5225398155482 0.781288385451532 2.24457568060751e-05 3.62424235961371e-05 -0.000658444573206135
241800 0.0241557234811755 0.0149907875132159 2.52392023786521 0.782027227137731 1.33344499581851e-05 0.000335236792718767 0.000606513819914356
241900 0.0241557234811755 0.0159539513644103 2.52536251462831 0.782803617625095 -2.83696458985898e-05 0.000139385847444661 0.000946904078940537
242000 0.0241557234811755 0.01690542799182 2.52680590002323 0.783563737476694 -3.70556504036009e-05 -0.00015610697695422 -0.000362723882315998
242100 0.0241855163212364 0.017667390320784 2.52805443682958 0.784198553404867 9.87239027551304e-06 -1.01805666744108e-05 -0.000929417840546065
242200 0.0241855163212364 0.0185885259544734 2.52947170167427 0.784944502375054 3.1364494992079e-05 0.000277129210498302 0.000195821767588278
242300 0.0242144093775372 0.0195025384432659 2.53082952405518 0.785673840617978 -1.09811504361006e-05 0.00018822290740599 0.00106926752565301
242400 0.0242144093775372 0.0202693383588472 2.5321911083341 0.786345527866625 -2.88148021564202e-05 -7.00705767958661e-05 6.53856393926266e-05
242500 0.0242144093775372 0.0210906150562496 2.53351167447422 0.787030005479559 4.73987899079619e-07 -6.64951403427746e-05 -0.000919036746905846
242600 0.0242431024818912 0.0218538834163803 2.53481409531404 0.78768554670686 2.7825908272601e-05 0.000221718057053374 -0.000215410703071277
242700 0.0242431024818912 0.0225581786141988 2.53613016238711 0.788332903998849 1.28666983814825e-05 0.000254389489956105 0.000851831797797469
242800 0.0242431024818912 0.0230577693868494 2.53729359083415 0.78884659665272 -1.81779261147859e-05 -2.55489351619269e-05 0.000555284426881625
242900 0.0242699960187248 0.0233518916879363 2.53834099016068 0.789253002673464 -6.60108741546299e-06 -9.15684381553497e-05 -0.000680815028208253
243000 0.0242699960187248 0.0235285583275814 2.53938790960112 0.789628520386819 2.95613605679356e-05 0.000153087815394036 -0.000598665193942907
243100 0.0242699960187248 0.0231257288916713 2.540131012656 0.789681189336588 2.37645576249662e-05 0.000285869753437496 0.000536601107512809
243200 0.0242959897717982 0.0221640864383088 2.54053632910524 0.789441301008135 2.94678796444918e-06 5.64327719555801e-05 0.000824374393450568
243300 0.0242959897717982 0.0207502968158198 2.54080145839838 0.788982583979707 3.96679547829038e-06 -0.000126434441141083 -0.000237016064996287
243400 0.0243248828280989 0.018611323756764 2.54066209857274 0.788160849467486 4.47068826281068e-05 5.75311223678313e-05 -0.000841057270293534
243500 0.0243337806897278 0.0158313365056752 2.54019309032774 0.786976836084727 9.61707901196349e-05 0.00032432628896811 0.000174056000369368
243600 0.0243448780227707 0.0127596763062803 2.53959414456121 0.78566642666662 0.000100848988544297 0.000139193083480896 0.000966687424373888
243700 0.0243538758603731 0.0096181359309522 2.53896632108473 0.784318634327073 0.000104961523495439 -0.000174765926697415 0.000300158893210741
243800 0.0243645732895225 0.00663825917105106 2.53847021162396 0.783053288334291 0.000122967703009679 -6.55449545837842e-05 -0.000740951173536858
243900 0.0243746708628318 0.00421552176902114 2.53813254623118 0.782064106931377 0.000153776212222216 0.000295654900434378 -0.000294490904722515
244000 0.0243847684361411 0.0020173938042536 2.53803838174643 0.781201227891811 0.000145928488029244 0.000212725418177251 0.000774658751630093
244100 0.0243946660575035 -0.000414168610411472 2.53774813819607 0.780229472390445 0.00014824391047621 -0.000177202119737669 0.000597272969463197
244200 0.024404263750946 -0.00317230999034859 2.53735454518563 0.779062390444547 0.000154490514389129 -0.000128472075589377 -0.000371712695822503
244300 0.0244138614443884 -0.0060848487702334 2.53689031325386 0.777855890254213 0.000188747865056575 0.000263826019493518 -0.000627033046631622
244400 0.024425158729378 -0.00885194140965889 2.53648389012802 0.776704945415934 0.000202917876007077 0.000312706131744501 0.00030630406120214
244500 0.0244342565429538 -0.011431482573853 2.53619242071969 0.775652807672185 0.000192530757822034 -0.00013221327928504 0.000815954137680712
244600 0.0244439542123697 -0.0136203882004059 2.5360762283119 0.774817410335655 0.000194721066562357 -0.000220117821958858 6.4243613119723e-05
244700 0.0244544516895723 -0.0157840712293552 2.53601228868953 0.773984356512548 0.00021385025768789 0.000222013695223182 -0.000676450427333425
244800 0.0244620498635475 -0.0184362451181605 2.53567112444679 0.772911732736568 0.000249708609124701 0.000360724289519188 -0.000158679825506797
244900 0.0244696480375228 -0.0214018823169969 2.53517226014721 0.771642291044769 0.000234518425052867 -6.46169023929975e-05 0.000720033023653164
245000 0.0244771462355248 -0.0241611358030297 2.53480103377968 0.770514617020802 0.000223185526512611 -0.000269093107163453 0.000501923395489451
245100 0.024486943880914 -0.0266367540981583 2.5345711345102 0.769526669947338 0.000247162570310842 0.000151988317574528 -0.00049422126383278
245200 0.0244966415503299 -0.0290843000099531 2.53435368222445 0.768542643880059 0.000271438786163136 0.00036640992184214 -0.000509211497122917
245300 0.0245058393398789 -0.0319600337190933 2.53391800583725 0.767347084144538 0.000276861093597309 3.28564992857048e-05 0.000437260048057026
245400 0.0245157369612414 -0.0348398400232971 2.53350313316244 0.766142122866477 0.000256748563467055 -0.000264655278276894 0.000737685743735164
245500 0.0245261344624707 -0.0376401132570731 2.53313162742777 0.764991576755444 0.00026337187381399 4.21287716994167e-05 -0.000110427201897491
245600 0.0245360320838333 -0.0403074106890153 2.53277956331748 0.763882186617234 0.000292670512450374 0.000369863427063208 -0.000649846323134787
245700 0.02454902896037 -0.0431104435459075 2.53241734893025 0.76271768210202 0.000304931709045147 0.000115350183385318 1.49590044947691e-05
245800 0.0245637254284538 -0.0460414607282532 2.53196268775244 0.761495473551683 0.000293551754137739 -0.000243289686389913 0.000713369338054817
245900 0.0245637254284538 -0.0489452282630941 2.53148354694747 0.76024756771135 0.000286521421261683 -6.12920320561816e-05 0.000389390306788128
246000 0.0245772221848572 -0.0516371129247039 2.53114378673557 0.759147396269917 0.000299281744678395 0.000338144991316779 -0.000553803280276516
246100 0.0245917187009942 -0.0544684340642253 2.53071712277585 0.757944060703003 0.000326141333893569 0.000196445507453258 -0.000415902630114927
246200 0.0245917187009942 -0.0574826391181698 2.53017900195814 0.756650459002404 0.0003263497607565 -0.000206504468472021 0.000510270894212485
246300 0.0246060152651846 -0.0604280486920001 2.52967392851685 0.755396799234738 0.000308839338624011 -0.000152283595576397 0.000712538973655167
246400 0.0246197119735349 -0.0631142685897642 2.52937056516482 0.754278799501055 0.000321592850223231 0.000270335203962474 -0.000240721315980245
246500 0.0246333087059116 -0.0659339333431834 2.52890150440784 0.753091420175037 0.000342171806087728 0.000269355575538992 -0.000678652357091217
246600 0.0246333087059116 -0.0690020752381326 2.52831913715998 0.751735779439767 0.000351370695514316 -0.00015766575876824 0.000175272262105584
246700 0.0246474053181552 -0.0717418992615712 2.52794356867997 0.750603976188436 0.000341059404853803 -0.000224248472841463 0.000850174188227867
246800 0.0246612020024789 -0.0743241438081868 2.52762175243343 0.749520721820911 0.000336007739961583 0.000198058874175119 0.00014058434272485
246900 0.0246749986868024 -0.0771966100265365 2.52715447250837 0.748288978881205 0.00035579580593701 0.000297211109078054 -0.000721382055306962
247000 0.0246749986868024 -0.0799252257086079 2.5266857263452 0.747118909308359 0.00037203468332742 -9.13861933274754e-05 -0.000180332790301243
247100 0.0246896951548862 -0.0824267691538375 2.52644634895764 0.746087543523367 0.000364607879362097 -0.000245140029440023 0.000706299107986693
247200 0.0247048915028367 -0.0849375275102476 2.52612004165619 0.745052356781654 0.000353873370559921 0.000106281744870563 0.000524541987149187
247300 0.0247048915028367 -0.0874940273241556 2.52576462393551 0.74395325572144 0.000367138497007752 0.000289734976632028 -0.000474264397195589
247400 0.024722787202068 -0.0897779850422913 2.52559620373574 0.743049283092551 0.000388931994044469 -2.47046345381638e-05 -0.00053930514961744
247500 0.024722787202068 -0.0918848586981596 2.52549068502932 0.742201249436411 0.000393220977981538 -0.000228745354491305 0.000415513229179108
247600 0.02474308232466 -0.0941136975612611 2.52534253769689 0.741313105579628 0.000373798738897168 7.23102280108631e-06 0.000827227973940288
247700 0.02474308232466 -0.0960608242863331 2.52534509286419 0.740558875741965 0.000381944612293553 0.00026424857150612 -0.000121933501032075
247800 0.02474308232466 -0.0978399725357342 2.52540141696728 0.739907130381016 0.000402444444275662 2.58690469695554e-05 -0.000724859511310398
247900 0.0247695759576 -0.099714793795601 2.52549830635926 0.739203547622628 0.000415023408700263 -0.000211539309360116 3.18771944564316e-05
248000 0.0247695759576 -0.10158013985025 2.52548625163146 0.738488613119564 0.000406631907244321 -1.82260525145022e-05 0.000846704837112319
248100 0.0247695759576 -0.102990125623791 2.52569903711149 0.738014606901988 0.000390217889918842 0.00019890213958658 0.000321116315998485
248200 0.0247966694463803 -0.10459042407294 2.52590887504184 0.737458748908879 0.00040757081150688 5.16670246014367e-05 -0.000711471889264459
248300 0.0247966694463803 -0.106014198227555 2.5260311224191 0.736957121994719 0.000431921705062601 -0.000161835684993078 -0.000370220507101431
248400 0.0248213635118001 -0.10702288249511 2.52655539196909 0.736705998388539 0.000431543126054191 -4.60012182194113e-05 0.000677213018921347
248500 0.0248213635118001 -0.107885106432159 2.52704986815872 0.736549148737901 0.000404168218883098 0.000140578363944136 0.000647757088614845
248600 0.0248213635118001 -0.108763442171842 2.5275502714681 0.736332635030375 0.000415458276370469 9.78651590203795e-05 -0.000414429763107785
248700 0.0248464574811132 -0.109397820026477 2.52825972864502 0.736305503229056 0.000452017695385468 -0.000139354757226374 -0.00063566913529785
248800 0.0248464574811132 -0.109966928811737 2.52891493419498 0.736278481006592 0.000455387484804846 -8.38575946391489e-05 0.000297445080157227
248900 0.0248728511380799 -0.110524531938582 2.52964512085997 0.736268897057725 0.000428404366642746 0.000147569854571338 0.000844104416964292
249000 0.0248728511380799 -0.1107146091515 2.53043815996871 0.736437885188423 0.000423301605544169 9.89172268752844e-05 3.83303417424891e-05
249100 0.0248728511380799 -0.110964930471825 2.53123279153462 0.736551999824188 0.000461278711095785 -0.000140490356650212 -0.000727333175256428
249200 0.024897645179473 -0.111008474508207 2.53199452061981 0.736762531098652 0.000477169815009027 -8.01667122404882e-05 -0.000116089006083454
249300 0.024897645179473 -0.110826752038021 2.53304055468369 0.737130504352572 0.000457065583383422 0.000150498946405424 0.000791418170071115
249400 0.0249212395091857 -0.110685473763577 2.53372436938488 0.737364872927792 0.000439898283790986 8.03789296222479e-05 0.000433214338097129
249500 0.0249212395091857 -0.110253577586988 2.53487730775486 0.737867185065713 0.000470132962144343 -8.66247139772051e-05 -0.000550885039476478
249600 0.0249444339350051 -0.109596588709205 2.53582973957816 0.738381259711638 0.000497211903810481 -9.08688411461671e-05 -0.000504218654360177
249700 0.0249444339350051 -0.109079360052294 2.53699359999541 0.738905967291663 0.000483677991812802 8.83970613468059e-05 0.000522509611730459
249800 0.0249444339350051 -0.108304077511111 2.5382952719167 0.739571505696399 0.000462643399388777 0.000137796265493398 0.000768455199727008
249900 0.0249667285770642 -0.107508720651236 2.53933628435891 0.740161202615301 0.000469643487219755 -3.81501705885975e-05 -0.000277803386740712
250000 0.0249667285770642 -0.106610451000006 2.54068581889723 0.740894289845675 0.000505782046897185 -0.000136895150299039 -0.000710830421241196
250100 0.0249885233392564 -0.105590647633518 2.54179027258155 0.741571454280183 0.000507715999425178 4.96178840213185e-05 0.000210141403210159
250200 0.0249885233392564 -0.104581070527867 2.54322295993701 0.742367721973502 0.000486180396204134 0.000189280243968455 0.000826256486874113
250300 0.0250069189183545 -0.103311690444178 2.54456628160655 0.743227407974584 0.000480077761070519 -9.8983133946026e-06 0.00012487682556406
250400 0.0250069189183545 -0.102262869704011 2.5459802957799 0.744013540845247 0.000509943172432645 -0.000123944256975174 -0.000667484217136449
250500 0.0250255144493992 -0.1010305125041 2.54724662451337 0.744833785310191 0.000535386806135499 1.06343726384081e-05 -0.000200640863245038
250600 0.0250432101966838 -0.0996149218006589 2.5486711145041 0.745761329435884 0.000511407732043826 0.000138678872083869 0.000676928922117535
250700 0.0250432101966838 -0.0983600457525135 2.55020261774952 0.74666996992519 0.000498191408702749 9.59555678057706e-05 0.000501552623473269
250800 0.0250611058959151 -0.0968783164423246 2.55160989171992 0.747609086231611 0.000516814455822912 -6.14561855404171e-05 -0.000399556974990496
250900 0.0250611058959151 -0.0955142589619443 2.55318637331363 0.748569055939433 0.000552196792082533 -0.00011380850918602 -0.000572789262013199
251000 0.025078901619173 -0.0940921817751828 2.55458734721123 0.749493450021252 0.000552202416195566 8.47017683479303e-05 0.000359615321335147
251100 0.025078901619173 -0.0926442724292274 2.55618338015027 0.75047942910182 0.000518170766191199 0.000223862893000913 0.000780934396296104
251200 0.0250975971261911 -0.0912012729806299 2.55753712940436 0.751390855023312 0.000520983834515005 -1.80979910832509e-05 -1.32756991703026e-05
251300 0.0251144930656887 -0.0895566744116574 2.55908658048319 0.752444155738465 0.000555101521022405 -0.000225675866585787 -0.000743656683442802
251400 0.0251144930656887 -0.0880637745634312 2.56070262506678 0.753454059168271 0.00057363617515347 6.84274307023054e-05 -9.02680303637773e-05
251500 0.0251318888850532 -0.0865418497244868 2.56212734807525 0.754414310903123 0.000555684140827453 0.000288355099601069 0.000819640228533735
251600 0.0251318888850532 -0.0849296723933066 2.56379017699527 0.755479884628211 0.000531598656959652 2.76461889864959e-05 0.000405450933660694
251700 0.0251490847524711 -0.0833200247512647 2.56526133304375 0.756486859654336 0.000559977804139881 -0.000224964419832251 -0.000603571751278152
251800 0.0251490847524711 -0.0817574559811736 2.56689848647661 0.757527841825904 0.000596238743226207 -1.84571775723302e-05 -0.000476706951685845
251900 0.0251688799951961 -0.0802263322408343 2.5682786816966 0.758466989261369 0.000583046163279854 0.000286927221188151 0.000564622419665756
252000 0.0251688799951961 -0.0785682865664097 2.56994615703148 0.759550630069381 0.000550623454395913 0.000142710706808697 0.000678739103479787
252100 0.0251885752619479 -0.077076919850636 2.5713501510256 0.760498131880458 0.000561172933273924 -0.000216573186148038 -0.000242684499522139
252200 0.0251885752619479 -0.0755304188750768 2.57294694742781 0.761499830626092 0.000599315911662199 -0.000147491523603171 -0.000619552161402203
252300 0.0252065709371525 -0.0739948210283171 2.57438976300578 0.762490734751456 0.000612629050810757 0.000279811963882444 8.23721135968511e-05
252400 0.0252065709371525 -0.0726080167277092 2.57591146093948 0.763410918548632 0.000579068639723119 0.000272458479251575 0.000742923028141219
252500 0.0252274659155846 -0.071179161405458 2.57730111391374 0.764333950772962 0.000562676530381704 -0.00022591644367159 0.000236513854623539
252600 0.0252443618550822 -0.0697528014129138 2.57876905402716 0.765280545890642 0.000606095304742039 -0.000243072778312714 -0.000554249002706167
252700 0.0252443618550822 -0.0683788563821946 2.58027910343898 0.766189343086131 0.000628814343487254 0.000265083002533359 -0.000336503871810218
252800 0.0252599581069262 -0.0671877093838913 2.58161903132836 0.767037447745156 0.000606063770722325 0.000329661111627447 0.000553190877188765
252900 0.0252599581069262 -0.0660333640162113 2.58305938319666 0.767831126827927 0.000580397838126948 -0.000163960888887093 0.00058740956170093
253000 0.0252805531574383 -0.0650252993129632 2.5842834351865 0.768574680505344 0.000598496077998853 -0.000315076465618187 -0.000262947704734581
253100 0.0252805531574383 -0.064269093313862 2.58552322977186 0.7691857273409 0.000636033033287307 0.000170179444850286 -0.000598268351084867
253200 0.0252973491209625 -0.0637153640942951 2.58656009449569 0.769670240140817 0.000630615766828575 0.000405788950386814 0.000205172140641164
253300 0.0252973491209625 -0.063542363191459 2.58748991714674 0.770012223539885 0.000599050108724941 -4.47270979380566e-05 0.00075670829961151
253400 0.025316144603954 -0.0636045817564336 2.58827152456807 0.770163588511786 0.000597535153059953 -0.000394294592023618 7.67655136189401e-05
253500 0.0253299412882776 -0.0640571869757875 2.5888161992186 0.770171625541356 0.000632025565756841 5.56630555994446e-05 -0.000629449793922181
253600 0.0253299412882776 -0.0646582186552024 2.5894169187824 0.770077641795327 0.000643304845099681 0.000485394307143608 -0.000165143568388449
253700 0.0253457374920683 -0.0653284035757527 2.58989920918053 0.769967980316069 0.000621987895104908 5.49305083560883e-05 0.00066398631987692
253800 0.0253609338400188 -0.0657513608736408 2.59058938863157 0.770001882532864 0.000604293605282025 -0.000443112993834749 0.000435561040682964
253900 0.0253609338400188 -0.0660968768933582 2.59132062701704 0.77006677733183 0.000626209633010974 -5.41981679393062e-05 -0.000386886389448839
254000 0.0253763301399162 -0.0662676794426959 2.59214346440214 0.770250945841828 0.000655199632120811 0.000516092955427417 -0.000511292946426372
254100 0.0253922263196803 -0.0664563174405536 2.59305899376475 0.770428537721942 0.000640356407598027 0.000151611623888314 0.000334640198182814
254200 0.0253922263196803 -0.0668003556372266 2.59378420499429 0.770520886046487 0.000608763532787656 -0.000441474057675853 0.000693188501702716
254300 0.0254065228838706 -0.0673045914793978 2.59452791548726 0.770540792862637 0.000610479204971235 -0.000160891790986059 1.05396109301619e-05
254400 0.0254240186792085 -0.0678903158061162 2.59525125209885 0.77052839309772 0.00065432433954856 0.000468294307611474 -0.000608172136738088
254500 0.0254240186792085 -0.0681354858769909 2.59607489898757 0.770691391324327 0.000655644583724915 0.000266129685927013 -0.000108344506088304
254600 0.0254393150031323 -0.0683908607479011 2.59700507981729 0.770855526382574 0.000616771023522774 -0.000404846514754252 0.000648888656844399
254700 0.0254393150031323 -0.068588526597639 2.59786816840039 0.771044999030716 0.000612066619020406 -0.000288718154811848 0.000419263823584507
254800 0.025459510149751 -0.0689341429298438 2.59882402099807 0.77120001123171 0.000644266674542211 0.000391615269247139 -0.000445313497959233
254900 0.025459510149751 -0.0694074149208804 2.59960986869029 0.771250588694832 0.000662958144308129 0.000379673770177474 -0.000437019543574343
255000 0.0254833044314104 -0.069937631265167 2.60048614685894 0.771331217163392 0.000638292102983918 -0.000317729025638202 0.000419566228476569
255100 0.0254833044314104 -0.0703008148099598 2.60138898506887 0.771444791917077 0.000610116756298739 -0.000420957807751156 0.000618867988353378
255200 0.0254833044314104 -0.0705261328301148 2.60229794166052 0.771659780735277 0.00063063641586949 0.000298327596013457 -8.99795111787963e-05
255300 0.0255078985208566 -0.0710288103129805 2.60330939902606 0.771760379077895 0.000663808976504212 0.000495766888743926 -0.000517061058250741
255400 0.0255078985208566 -0.0716120458493251 2.60407814905205 0.771779743503195 0.000653423467807588 -0.000223103333407696 -3.49829663221758e-05
255500 0.0255078985208566 -0.0720302351062424 2.60497332606036 0.77190467036685 0.00061747681672703 -0.000512570187598938 0.000615462800370598
255600 0.0255390910245447 -0.0724899293920094 2.60606883307284 0.772044723093639 0.000615774652293952 0.000193010763695886 0.000346989054212075
255700 0.0255390910245447 -0.0728358176230687 2.60698096118936 0.772217799495051 0.000657604967853812 0.000545378596207672 -0.000421249375816255
255800 0.0255390910245447 -0.0734014132428957 2.60789026829121 0.772253571162779 0.000666930200036048 -0.000115275730602356 -0.000411619860369913
255900 0.0255701835522593 -0.0738837855255257 2.60892636567863 0.772416939412323 0.000627530374502359 -0.000538067405084011 0.000396940718581115
256000 0.0255701835522593 -0.0742513629069262 2.60994281672569 0.772565603960037 0.000607503142926998 5.35869737115938e-05 0.000641942688146579
256100 0.0255701835522593 -0.0746149233122635 2.61091215272994 0.772733492100663 0.000643422720120169 0.00053863771144193 -0.000123865485980436
256200 0.0255990766085601 -0.0750801548579811 2.61201226068301 0.772901833989047 0.000666686700330644 1.46634003362159e-05 -0.000572908526067811
256300 0.0255990766085601 -0.0756207392193642 2.61294615496081 0.772958906803152 0.000645128167389953 -0.000533539519495153 4.7065537148415e-05
256400 0.0255990766085601 -0.0759992347138788 2.61391151494756 0.773138648875362 0.000612054318864082 -9.96330735151289e-05 0.000694490770703367
256500 0.0256270698811007 -0.0764056805786029 2.61510165503699 0.773309561818746 0.0006190813290951 0.000491175573202618 0.000186673247574382
256600 0.0256270698811007 -0.0768685196535483 2.61602482759096 0.773447451504453 0.000666344569480521 0.000149837768864652 -0.000468415840033716
256700 0.0256524637783339 -0.0774203974431376 2.61713712843709 0.773539915696597 0.000663409466753205 -0.000506029510134875 -0.000189478611069157
256800 0.0256524637783339 -0.0776557799969616 2.61822221824448 0.773789398524507 0.000623721071547426 -0.000242788454740768 0.000419865727220885
256900 0.0256524637783339 -0.0780843760290614 2.6192782296844 0.773941763070882 0.000613111464694191 0.000438950698648456 0.000442222011911967
257000 0.0256755582281799 -0.0785786254759673 2.6203885629412 0.774060642261043 0.000649822455797511 0.000242234014920696 -0.000156371761755821
257100 0.0256755582281799 -0.0789242805457166 2.62146653838951 0.774270650642845 0.00067621542621535 -0.000435908361759747 -0.000373162376768933
257200 0.0257011520773598 -0.079215158165879 2.62274811951729 0.774516923054808 0.00063661919287139 -0.000353855106408589 8.81130149843735e-05
257300 0.0257011520773598 -0.0795572435544954 2.62381045756083 0.774713562644922 0.000610789489730736 0.000341526552272471 0.000516976117625636
257400 0.0257011520773598 -0.079959390057301 2.62492638154411 0.774875579069807 0.000641717994402884 0.000332506854613427 0.00017468090756623
257500 0.0257299451576872 -0.0800868885818527 2.62617313505492 0.775194656244222 0.000667050678936049 -0.000354376300339997 -0.000368321504899063
257600 0.0257299451576872 -0.0803088266367679 2.62739974924258 0.775478936986133 0.000651006102045801 -0.000448035410057535 -0.000202835478433865
257700 0.0257299451576872 -0.0805661442154757 2.62855305468513 0.775704549529147 0.00062360891526111 0.000229245756686291 0.00045554876534799
257800 0.0257594380698281 -0.0806567028233646 2.6298515123257 0.776053632097118 0.00062151480435736 0.00039782177437594 0.000439334749000108
257900 0.0257594380698281 -0.080700767752848 2.63117808276389 0.776429628128976 0.000653126660535272 -0.000269112336552882 -0.000282521884787674
258000 0.0257830323995408 -0.080875290812588 2.63241729903145 0.776714044385062 0.000646116439529756 -0.00050359017708394 -0.000361916440714805
258100 0.0257830323995408 -0.0809522358751016 2.63371833538995 0.7770728333149 0.000595530067660047 0.000102477287256353 0.000313285271317335
258200 0.0257830323995408 -0.0809487618207111 2.63503214254843 0.777446577685777 0.000569227863858149 0.000419758182043243 0.000484919606000759
258300 0.0258104258162412 -0.0810403830102558 2.63637246085202 0.777811760221454 0.000567526561655811 -0.000138948857870054 -3.328852580299e-05
258400 0.0258104258162412 -0.080958197162094 2.63771362581022 0.778227358930217 0.000571319741206523 -0.000470035846775465 -0.000373355410188264
258500 0.0258104258162412 -0.0809539069624154 2.63902792450746 0.778610506238861 0.000560805335539051 7.1558744001003e-06 3.90370511792179e-05
258600 0.0258358197134743 -0.0808062454762487 2.64045711588841 0.779090447165989 0.000555975649084011 0.000386235342537077 0.000495469086935049
258700 0.0258358197134743 -0.0806453453985833 2.64184240987788 0.779548727541174 0.00056681617645299 -9.52681437392992e-06 0.000195369959535283
258800 0.0258585142594269 -0.0805297775179999 2.64321190419066 0.780004410808666 0.000571932080499385 -0.000439639201192095 -0.000362984077683731
258900 0.0258585142594269 -0.0803360923850103 2.64460327489599 0.78047391549811 0.000570759470581851 -0.000149387644513352 -0.000143205784133419
259000 0.0258585142594269 -0.0800920986549219 2.64602211824703 0.78100061588833 0.000531801923198507 0.000290600873938342 0.000402470666983278
259100 0.0258931059462092 -0.0799216552788427 2.64743684220852 0.781466161737662 0.000509577161134232 0.000121904015265242 0.000350314960174343
259200 0.0258931059462092 -0.0796375607541014 2.64886813980841 0.782010438982237 0.000537256170167745 -0.000384058815144542 -0.000125288785860799
259300 0.0258931059462092 -0.0793077025010637 2.65034428263571 0.782564708901889 0.000552846245587809 -0.000289173360570352 -0.000336787677267595
259400 0.0259234986421104 -0.07897969196345 2.65183914897548 0.783129964655049 0.000520597158384055 0.0002327697641801 0.000210155441214016
259500 0.0259234986421104 -0.0786116296913458 2.6533380941242 0.78372437809295 0.000500835212842944 0.000207703066416435 0.000499433262265554
259600 0.0259234986421104 -0.0781309786654973 2.65489904491403 0.784354514763075 0.00052018616495066 -0.000336285296115793 1.91205837748953e-05
259700 0.0259521917464644 -0.0777029537963391 2.65641905556232 0.784982993932416 0.000529840051297872 -0.000350753660961028 -0.000382525777912893
259800 0.0259521917464644 -0.0771611534122964 2.6580131831318 0.78565267610604 0.000515655382329755 0.000176502973999633 4.25418186092282e-05
259900 0.0259521917464644 -0.0765103254993481 2.65960282304945 0.786377099567385 0.000502681789900666 0.000249760987663047 0.000483769429850939
260000 0.0259798850910848 -0.0759000705359737 2.66118498738016 0.787079110797478 0.000501673456292612 -0.000255239133689617 0.00020097783255628
260100 0.0259798850910848 -0.0749313303040106 2.66292291403704 0.787954920594585 0.000515784348878429 -0.000379510562322155 -0.000261412132164618
260200 0.0259798850910848 -0.073874242869325 2.66465744261925 0.788884362791195 0.000509356224748665 7.68032752039116e-05 -0.000175045153306847
260300 0.0260079783395988 -0.072415021702826 2.66660078036775 0.789997670591363 0.000489071325973747 0.000274968479691502 0.000381406341064889
260400 0.0260079783395988 -0.0705952978565435 2.6686863920155 0.791319463194462 0.000495813483311456 -0.000151948115014877 0.000398166865327775
260500 0.0260079783395988 -0.0685298931674819 2.67094540150094 0.792756493652451 0.000507069395178061 -0.000449666547610087 -0.000163219521709703
260600 0.0260349718524057 -0.0661212283088048 2.67320947001517 0.794342937696075 0.000494197350374369 -3.08077669759778e-05 -0.000307085868191729
260700 0.0260349718524057 -0.0636967382666735 2.67560279806558 0.795964674018859 0.000482007283156514 0.000346085427722935 0.000244778845479995
260800 0.0260638649087065 -0.0612892921816435 2.67782391197076 0.797520610363086 0.000503901982203351 -7.41967574271557e-05 0.000495877085128438
260900 0.0260638649087065 -0.0590164394695971 2.68010326926935 0.79906457823053 0.000508463997835819 -0.000506020253073915 8.22542661862595e-06
261000 0.0260638649087065 -0.0569377333821062 2.68231292131245 0.800487365395785 0.000488881894805498 -0.000122830166291474 -0.0003590936900819
261100 0.0260638649087065 -0.0548114153040484 2.68449512337546 0.80194471105573 0.000476045427229078 0.000376608466649755 4.13272016497891e-05
261200 0.0260950574123944 -0.0526382908759418 2.68663393901679 0.803379562942529 0.000487066808565638 1.44403687296418e-05 0.000536300050150133
261300 0.0260950574123944 -0.0501859903996592 2.68898761426208 0.805005138661609 0.000501345219229118 -0.000478599082513561 0.000243186816840875
261400 0.0260950574123944 -0.0477499341405817 2.69136773747327 0.806618016516049 0.000483657497001341 -0.000237078600803414 -0.000345525437939438
261500 0.026126649819976 -0.0452954506308852 2.69357662475757 0.808187099757005 0.000465084558754307 0.000312041815303517 -0.000204065416153083
261600 0.026126649819976 -0.0430537794245977 2.69583469281193 0.809694782047606 0.000466752527849025 0.000167555158781903 0.000501580675375
261700 0.0261505440776088 -0.0408781272333366 2.6979422478082 0.81111984538306 0.000481203164987796 -0.000440881804056976 0.000461504341334381
261800 0.0261505440776088 -0.0385949581525834 2.70020089036496 0.812639256003429 0.000478056744716461 -0.000368151086313765 -0.000226115711851405
261900 0.0261736385274546 -0.0361368293520103 2.70250395654621 0.814224408824805 0.000454112688036266 0.000233070062663885 -0.000376189595909089
262000 0.0261736385274546 -0.0335634146704773 2.7049118201849 0.815893404453399 0.000432656427908413 0.000272814067572233 0.000265843851538924
262100 0.0261736385274546 -0.0311145133502524 2.70729226208927 0.81749737549316 0.000439466863024116 -0.000358339159367878 0.000576819973365398
262200 0.026196832953274 -0.0287917637649422 2.70946757576994 0.819000323310264 0.000458862533185955 -0.000420750921772019 6.35627550724349e-05
262300 0.0262145287005586 -0.026522414803116 2.71167891253218 0.820484422159951 0.00044770379268718 0.00012247324483986 -0.000403504265723905
262400 0.0262145287005586 -0.0240890851101682 2.7140390916729 0.822077132659711 0.000420668570110487 0.000302380625123711 -4.67352802490056e-05
262500 0.0262331242316033 -0.021573297477247 2.71631158834966 0.823681465449888 0.000416853745749903 -0.000190460147575093 0.000554156984748206
262600 0.0262331242316033 -0.0192796307731561 2.71859843136109 0.825188201090619 0.000446445024239186 -0.00047678870258441 0.000369536149035291
262700 0.0262496202672076 -0.0169929733978472 2.72075856148117 0.826678341495356 0.000452557220183718 -3.05640171278232e-05 -0.000338640785618907
262800 0.0262496202672076 -0.0147028304037701 2.72302392923248 0.828181855775339 0.000416265677909067 0.000327628403654156 -0.000270185615193862
262900 0.0262669161105987 -0.012391814458303 2.72515536235463 0.829651991070757 0.000399917791883728 -3.6021396108507e-05 0.000420025359268318
263000 0.0262669161105987 -0.0100977748143873 2.72737531371603 0.831162431130694 0.000414272288546317 -0.000513924841772568 0.000522202270838208
263100 0.0262906104162848 -0.00796741683324808 2.72941535549947 0.832514674942561 0.000427047084292826 -0.000172388859706081 -0.00010717779039252
263200 0.0262906104162848 -0.00578874394841415 2.73151603400424 0.833962841270173 0.000416766598663306 0.000375086848244087 -0.000395818082499236
263300 0.0263095058752496 -0.00365290721770488 2.73360475105984 0.835328688721072 0.00038880828756507 5.25865001734275e-05 0.000128118410900951
263400 0.0263095058752496 -0.00152283224725279 2.73568857917266 0.836745540587875 0.00039614744887581 -0.000496398391636338 0.000628212755070739
263500 0.0263256020069604 0.000388104158967902 2.73762644795002 0.838006776471599 0.000420441724056187 -0.000273265974950823 0.000213711744388826
263600 0.0263427978743781 0.00227675235831571 2.73956132281713 0.839252893342404 0.000415386862544554 0.000327134024011614 -0.000454040932974174
263700 0.0263427978743781 0.00424041087240089 2.74153276658849 0.840585505194713 0.000394568810581133 0.000146032146325285 -0.000139422500794784
263800 0.0263427978743781 0.00608730022541626 2.74355485790897 0.841812099042822 0.000380965285827032 -0.000425710197438942 0.000574956075796843
263900 0.0263695914352385 0.00781513164673393 2.74529746342545 0.843009527675855 0.000392981030967251 -0.000382082382141908 0.000432955266106395
264000 0.0263695914352385 0.00945149305425162 2.74723315617396 0.844135985816248 0.000405042078105259 0.000224377911997524 -0.000277852365850733
264100 0.0263695914352385 0.0110751213757228 2.74901173730037 0.845285560757476 0.000387453955371521 0.000299439636299378 -0.000330751493544027
264200 0.026400384035033 0.0125622401271368 2.75080163079039 0.846343867836952 0.000369064842085514 -0.000350069155022413 0.000338179027137147
264300 0.026400384035033 0.0139915021507735 2.75258063741624 0.847395940080664 0.00037733639228002 -0.000462953310113007 0.000580050892335949
264400 0.026400384035033 0.0153264063643111 2.7542922468427 0.848413612432982 0.000395758828690282 0.000128957603720935 1.55666156095018e-05
264500 0.026400384035033 0.0165595279135279 2.75603488632381 0.849345011090672 0.000376965093590491 0.000364255259602077 -0.000418108211990848
264600 0.0264380749769894 0.0177516850144308 2.75760106909164 0.850294636080839 0.000360568590394898 -0.000230287829651686 4.00396924855488e-05
264700 0.0264380749769894 0.0187382591085115 2.75925590157335 0.851106493182791 0.000367698044670814 -0.000492821067713225 0.000586112908699019
264800 0.0264380749769894 0.0197056261997403 2.76076048295496 0.851939827299957 0.000385337576850121 -5.80549186468298e-06 0.000275044335194003
264900 0.0264380749769894 0.0206248083605233 2.76238260363966 0.85274108591495 0.000370286775300086 0.000348216234011343 -0.000306886905101618
265000 0.0264778654143863 0.0214958587028406 2.76388827853208 0.853527033018458 0.0003539342972056 -5.30977486678979e-05 -0.000181513765829332
265100 0.0264778654143863 0.022209078009289 2.76536475728927 0.854230703568888 0.000358177381482761 -0.000500862434474732 0.000384215778566367
265200 0.0264778654143863 0.0228446716879868 2.76682877928119 0.854887903173262 0.000370461415216347 -0.000176988738505991 0.000491175682562517
265300 0.0265143566446623 0.023412070487121 2.76827496700114 0.855557706538507 0.000370001591386484 0.000318472738161926 -8.34233355505931e-05
265400 0.0265143566446623 0.0238561607564745 2.76968337258055 0.856125897677642 0.000342683468225049 0.00011640873725131 -0.000296694125520074
265500 0.0265143566446623 0.0241120536517423 2.77091036895 0.856603410855129 0.000341695505377056 -0.000463333045451305 0.000115986806261848
265600 0.0265444494126434 0.0243119047108898 2.77226496514294 0.857082049674953 0.00036872486754664 -0.000305500465628277 0.000526997455631475
265700 0.0265444494126434 0.0245188749334233 2.77352244696831 0.857544088162554 0.000369084940508242 0.000263304013130387 0.000167674613085722
265800 0.0265444494126434 0.0245711300123523 2.77470368642106 0.857921692055736 0.000339069365827838 0.000205849586863359 -0.000229373760942446
265900 0.0265444494126434 0.0245200394193113 2.77584918852041 0.858241745593481 0.000328336376146079 -0.000349109503851186 -9.9199068621421e-05
266000 0.026576041820225 0.0245736880253375 2.77712674284151 0.858663328297161 0.000354621850184381 -0.000401536688199172 0.000341349424408541
266100 0.026576041820225 0.0243692114438053 2.77820992759769 0.858907181268706 0.000371738312342541 0.00016203139503568 0.00037246990780265
266200 0.026576041820225 0.0239875893972447 2.77913947966987 0.859046994169141 0.000341903996383489 0.000292097968566112 9.71151740671114e-06
266300 0.0266072343239129 0.0237024881633198 2.78028594446483 0.859289099567223 0.000318535905147366 -0.000236428036197992 -0.000237339835194675
266400 0.0266072343239129 0.0234345171459405 2.78132824748346 0.859510908323021 0.000334519988558046 -0.000471764469496543 7.51094296595324e-05
266500 0.0266072343239129 0.0228642533450138 2.7821525199355 0.859547462515911 0.000352034502194734 6.168445607162e-05 0.000416054375031819
266600 0.0266388267314943 0.0221636234347748 2.78306543134464 0.859550891670242 0.000353365056009177 0.00036696918605741 0.000263925088673505
266700 0.0266388267314943 0.0216461726460298 2.78390969776846 0.859629142125895 0.000321140238501109 -0.000161069332880004 -0.000164016893884473
266800 0.0266388267314943 0.020848376205087 2.78465957139283 0.859540608145409 0.000313755628246931 -0.000515918384181303 -0.000148216904458573
266900 0.0266712189468627 0.0200588022705164 2.78535397353686 0.859465025779755 0.000350304860018197 5.10219868162707e-06 0.000244755694306181
267000 0.0266712189468627 0.0193998001428256 2.78613994396895 0.859439501947275 0.000355248209860691 0.000399556318272542 0.000424826555683437
267100 0.0266712189468627 0.0185965890130585 2.78684200812884 0.85935906432077 0.000319908311573712 -0.000118544591654127 7.14910219803726e-05
267200 0.0267039110901512 0.0176889033960399 2.78738070884144 0.859172236885758 0.000308555772660767 -0.000505039272710497 -0.000230574467105063
267300 0.0267039110901512 0.0167332742338691 2.7879829081278 0.858976663047095 0.000328594466700587 -5.39230653637836e-05 -4.35946386949629e-05
267400 0.0267039110901512 0.0159151310490619 2.7886209173612 0.858878071359412 0.00034106036631117 0.000362696318603323 0.000457770054474086
267500 0.0267039110901512 0.0150506935961947 2.78925382346289 0.858707983863653 0.000322237002205417 -4.30539208491864e-05 0.000338046941610424
267600 0.026737003137333 0.0141066995648549 2.7897385892798 0.858516237931865 0.000299087617134078 -0.000490344018485801 -0.000174343014742312
267700 0.026737003137333 0.0131709983335703 2.79032069706701 0.858305654882136 0.00030331160192355 -0.000151140844665061 -0.000247315827033148
267800 0.026737003137333 0.0123116025642648 2.79090714477247 0.858166967215907 0.000316708296899261 0.000337070994048648 0.000304878922694296
267900 0.026769895232568 0.0112731867307848 2.79133404663427 0.857881322463066 0.000311150444014297 7.81010476561889e-05 0.000519711290232341
268000 0.026769895232568 0.010460387005824 2.79193385703916 0.857739920341927 0.000278247842735748 -0.000500686451025897 2.971994340272e-05
268100 0.026769895232568 0.00951705156268342 2.79244606639557 0.857540960125021 0.00026856054055877 -0.000273690877848715 -0.000368178364394078
268200 0.0268020874959897 0.00854368574236265 2.7928929946001 0.857269257507423 0.000283970839428533 0.000338256071608838 5.61136062844952e-05
268300 0.0268020874959897 0.0076240375047736 2.79338384152889 0.857078090545424 0.000286996394310793 0.000167277901043756 0.000526065036840408
268400 0.0268020874959897 0.00660690793013505 2.79386818250514 0.856808114161593 0.000263380676212798 -0.000500818480344684 0.000287994684873417
268500 0.0268020874959897 0.00567564624396869 2.79432780989034 0.856595658522253 0.000233642097311093 -0.00037170756068897 -0.000317216873867192
268600 0.0268346796633048 0.0046607925285483 2.79473634192056 0.856306029740204 0.000238388219753673 0.00032986377846816 -0.000218887631648114
268700 0.0268346796633048 0.00361855549693133 2.79513251184864 0.856023580117022 0.000265003129577397 0.000220317259080104 0.000417506302105938
268800 0.0268346796633048 0.00264675037642569 2.79563340583604 0.855791930873734 0.000254886355232718 -0.000458338274849122 0.000463283263079135
268900 0.0268691713741136 0.00160646450963337 2.79597201678899 0.855479266657478 0.000212788725400628 -0.000432094040847283 -0.000156873945571932
269000 0.0268691713741136 0.000627790707161214 2.79643701111594 0.85524447157627 0.00020843486437512 0.0002368567328276 -0.000375779694846933
269100 0.0268691713741136 -0.000367084828215677 2.79690863396017 0.854990023159766 0.000235647732288562 0.00025661912900036 0.00023363799792558
269200 0.0268691713741136 -0.00144376791323018 2.79728935862878 0.854688649138318 0.000230881070671239 -0.00036333751605544 0.000558655134017367
269300 0.0269061624842565 -0.00238107113762632 2.79775551268993 0.854456507321066 0.000192109175918536 -0.000463974488160903 7.79730959984898e-05
269400 0.0269061624842565 -0.00333152341895721 2.79818543057178 0.854225682364642 0.000178173089361068 0.00010574287498187 -0.000387753542122354
269500 0.0269061624842565 -0.0044210446681283 2.79863796125029 0.853923244914663 0.000195946749338352 0.000292823308684593 -5.64706882834356e-05
269600 0.0269061624842565 -0.00529555631991549 2.79910669000952 0.853740921740786 0.000203258340895549 -0.000245721800752047 0.000561853714075055
269700 0.0269448531859465 -0.00609410396558565 2.79965745812445 0.853575828757022 0.000179738973439155 -0.000480265540291091 0.00032263778584712
269800 0.0269448531859465 -0.00700343735718511 2.80013999668863 0.853387633164455 0.000148617649773355 -2.83560959774664e-05 -0.000312470757850857
269900 0.0269448531859465 -0.00777460997087991 2.80072792280808 0.853239955498847 0.000153853122884579 0.000294254057933045 -0.00022839758477821
270000 0.0269844436713966 -0.00804005308874047 2.80156951845451 0.853408100173167 0.000173607640783365 -0.000119283815861908 0.00038803005866718
270100 0.0269844436713966 -0.00826963061039306 2.80243805355043 0.853564089621911 0.00016220899917974 -0.000474093641561834 0.000470506555595304
270200 0.0269844436713966 -0.00808704637984153 2.80354900109018 0.853951859823822 0.000127751522078879 -0.000118770426252796 -5.42955293245404e-05
270300 0.0269844436713966 -0.00715974724915411 2.80503043395935 0.85475626448047 0.000113616054065496 0.000253236558421021 -0.000340512940012222
270400 0.0270211348536194 -0.00566221149801592 2.80676409774663 0.85581919489067 0.000131496684343736 -3.4263655090598e-05 9.55758278411713e-05
270500 0.0270211348536194 -0.00366336425337461 2.80879789963724 0.85719803395349 0.000133866598027745 -0.000428825524555781 0.000528982267118028
270600 0.0270211348536194 -0.00104683609411089 2.81118217398222 0.858871729676738 0.000107132003054605 -0.000191812630463648 0.000225378563565578
270700 0.0270537270209345 0.00193863004923512 2.81352909849893 0.860715439324772 8.06691454254406e-05 0.000178765425613305 -0.000333190619127705
270800 0.0270537270209345 0.00462719879421859 2.81595536647436 0.862435019674741 9.00930852843012e-05 3.4884058835916e-05 -0.000105615539381978
270900 0.0270537270209345 0.00699695810479151 2.81819818968396 0.863995877735751 0.000104496041983146 -0.000336012329383249 0.000461898091710746
271000 0.0270537270209345 0.00919509542250389 2.8204020787042 0.865491270559403 8.71667506912529e-05 -0.000261383855955639 0.000336461299110656
271100 0.0270867190921429 0.0111567122911758 2.82226800850549 0.866774902500449 5.04761626777536e-05 0.00011827514008939 -0.000157871178817593
271200 0.0270867190921429 0.0130864299697963 2.82431755495173 0.868113437248844 5.31562957725375e-05 6.75874992006544e-05 -0.000165813414280681
271300 0.0270867190921429 0.0155294225544882 2.82659647934866 0.869715553269104 7.00916465560774e-05 -0.000288553620201638 0.00022850508324196
271400 0.027123510250339 0.0180970364861272 2.82878597525219 0.871326721378139 5.82167339630521e-05 -0.000289552430352979 0.000405867491838126
271500 0.027123510250339 0.0205520953635646 2.831092725992 0.872956397599857 2.30828273163614e-05 6.27751591966036e-05 8.39528167068791e-05
271600 0.027123510250339 0.0226924089989546 2.8332126211663 0.874369929948615 9.77252089249914e-06 5.9428551791566e-05 -0.000240479826526602
271700 0.027123510250339 0.024583164638162 2.83523387838174 0.875704174823533 3.48877724710639e-05 -0.000241053944591699 8.46008722652342e-05
271800 0.0271590017208815 0.0265110141488606 2.8369797440802 0.876934623487836 4.18098919430146e-05 -0.000283144439631511 0.000394145016579721
271900 0.0271590017208815 0.0287692375402027 2.83916825321141 0.87843950880563 9.40007764522691e-06 2.2322781757099e-05 0.000221923946098172
272000 0.0271590017208815 0.0313164622039835 2.84149197153965 0.880094098919808 -2.74017946583981e-05 6.06274058472313e-05 -0.000166340693832521
272100 0.0271941932635039 0.0338600838011506 2.84349821555157 0.881632778154534 -9.64418997944386e-06 -0.000189066476256592 -7.35994425641052e-05
272200 0.0271941932635039 0.0360559162228813 2.84564608520087 0.88311057272634 1.14632610890364e-05 -0.000261431070414595 0.000325647414757608
272300 0.0271941932635039 0.0381945061772959 2.84773100959612 0.884514414298295 -1.96833488072646e-05 -2.7003708741398e-05 0.000310141466176158
272400 0.0271941932635039 0.0405646513242868 2.84994854420945 0.886076951579603 -5.79737929845258e-05 7.15022830863707e-05 -1.42211506994466e-05
272500 0.0272292848301529 0.0431450241356981 2.85198609400573 0.887641167159967 -6.02027024414419e-05 -0.000179377168080128 -0.000162092501452167
272600 0.0272292848301529 0.0457488310244151 2.85428849754641 0.889296366125701 -3.41446866846381e-05 -0.000275788656311138 0.000103278844104888
272700 0.0272292848301529 0.0480531469325892 2.85649168719472 0.890814408811106 -4.56024997946244e-05 -6.14161275775997e-05 0.000450439725849928
272800 0.0272292848301529 0.050395283112569 2.85863386589699 0.892323126358167 -8.51501566542068e-05 7.08313093778464e-05 0.000115219679781932
272900 0.0272645763487487 0.0528930890553927 2.86060087065232 0.893834046059631 -0.000110798642140746 -0.000118218717948871 -0.000206402058097453
273000 0.0272645763487487 0.0556057001960104 2.86294254523728 0.895545983876225 -9.32339504661425e-05 -0.000234577553187968 -8.06931658425955e-06
273100 0.0272645763487487 0.0581168471795782 2.86523879554331 0.897154403196762 -8.30519821021594e-05 -5.64031281459985e-05 0.000374869945403395
273200 0.0272968685881437 0.0604380604479399 2.86705318552908 0.898563456184613 -0.000113774443996768 6.5082981997073e-05 0.000324324236896232
273300 0.0272968685881437 0.0629623736804442 2.86931854062055 0.900153211189543 -0.000145703484099958 -1.89395743575266e-05 -0.000149616500820286
273400 0.0272968685881437 0.0656927956826997 2.87172558935369 0.9019044252043 -0.000144592212384678 -0.000185912431219458 -0.000163819927157058
273500 0.027327561211965 0.0681488071267834 2.87365710837565 0.90337233445033 -0.000121942954913625 -0.000122871532546717 0.000248301481307277
273600 0.027327561211965 0.070492234523487 2.87586840693684 0.904900519722433 -0.000130923918689194 1.84182182144215e-05 0.000452890419411472
273700 0.027327561211965 0.0730677343703377 2.87816403273105 0.906543468864661 -0.000167042066049187 -1.45600370344863e-05 5.89569953349619e-05
273800 0.0273555544845054 0.075738348801094 2.8803218335751 0.908160084847965 -0.000188922973600425 -0.000179820895768009 -0.000356740141300031
273900 0.0273555544845054 0.0780328599030929 2.88246833955729 0.909663238507875 -0.000176950071676931 -0.000184442196392401 9.6307704987555e-05
274000 0.0273824480213392 0.0802787924581044 2.88445936429363 0.911061070929818 -0.00017368965216689 -2.03659199575736e-05 0.000543819142337623
274100 0.0273824480213392 0.0827036521437517 2.88669038093001 0.912642764990557 -0.000196028563886906 3.27607041468654e-05 0.000212487750479628
274200 0.0273824480213392 0.0851376491155945 2.88893201441783 0.9141938541834 -0.000223401492358735 -0.000112648421508529 -0.000318737029497627
274300 0.0274103413179062 0.0871680946377778 2.8907729894345 0.915491131872894 -0.00023110244916517 -0.000221857521987154 -0.000156172750419554
274400 0.0274103413179062 0.0891737729925468 2.89284300311586 0.916852516315136 -0.00022359288288063 -8.98855605371589e-05 0.000489176389372461
274500 0.0274103413179062 0.0913582954201971 2.89495427444542 0.918276805710149 -0.000238329695269389 3.72610097490388e-05 0.000437253985097519
274600 0.0274395343021271 0.0932745815065455 2.89681846682228 0.919545574657864 -0.000267148098224425 -7.58843057340128e-05 -0.000206271183774918
274700 0.0274395343021271 0.094924444584326 2.89866199925139 0.920693493572058 -0.000287181998152711 -0.000226629457846336 -0.000345943436569546
274800 0.0274395343021271 0.096682147857967 2.90063161906826 0.921925905297409 -0.000283867041876537 -0.000116280208782908 0.000300570164911339
274900 0.0274721264694421 0.0983470279602858 2.90234278047933 0.923059512602209 -0.000297171188237985 5.4515721502151e-05 0.000634951754320364
275000 0.0274721264694421 0.0997310547657607 2.90411102489956 0.924072559129178 -0.000316760840956154 -6.15734763879544e-05 -8.68331481477049e-06
275100 0.0274721264694421 0.101193373514659 2.90590701740649 0.925170833551371 -0.000338167565300433 -0.000239990039978236 -0.000488507485363356
275200 0.0275044187088371 0.102677049745545 2.90764951955396 0.926218748714311 -0.000358397696533746 -0.000125798644696312 9.47395074062764e-05
275300 0.0275044187088371 0.10379488520093 2.90927901589991 0.927135022211026 -0.000369809483141829 4.5447775278261e-05 0.000680037472872652
275400 0.0275044187088371 0.104753457271641 2.91083641713995 0.92794003770744 -0.00039197725012368 -8.60731866709854e-05 0.000259606349611579
275500 0.0275044187088371 0.105711386100326 2.91242746562066 0.928784474697454 -0.000404235743589332 -0.0002365763395427 -0.000478988043464535
275600 0.0275366109722587 0.106428980345228 2.91382502166879 0.929473681594341 -0.000429456021312757 -0.000120124841007038 -0.000176739094276374
275700 0.0275366109722587 0.106924522856902 2.91514993075405 0.930045117111937 -0.000449970124703317 4.29106040892032e-05 0.000614218764440176
275800 0.0275366109722587 0.107447754093011 2.91651609448359 0.930668031733283 -0.000459066354221429 -0.000104701872331919 0.000501678638047728
275900 0.0275677034999735 0.107916387622834 2.91782929008709 0.931223224175048 -0.000476139725046228 -0.000254546374893557 -0.000341471229085257
276000 0.0275677034999735 0.10811710075434 2.91902123157448 0.931683765521814 -0.000485995523668002 -0.000122253945560547 -0.000391269109872482
276100 0.0275677034999735 0.108332472555277 2.92023554961493 0.932109963792022 -0.000491383422231132 5.79148044609707e-05 0.000396535087231112
276200 0.0275974963400344 0.108373461764782 2.92133537167889 0.932479484405303 -0.000490010923812322 -0.000107880024651652 0.000682954754399364
276300 0.0275974963400344 0.108251134646372 2.92244058572468 0.932764961013646 -0.000491229181182797 -0.000299784398954191 -9.00340529417687e-05
276400 0.0275974963400344 0.108050349331014 2.92341955892664 0.932993154789179 -0.000481910200604724 -0.0001261287525567 -0.000569648614457827
276500 0.0276264893723085 0.107700760705856 2.92441933125605 0.93317870831635 -0.000465768880998156 9.23417846439147e-05 0.000142385735828957
276600 0.0276264893723085 0.107226538372699 2.92532180669349 0.933272786475471 -0.000450832199326644 -7.48564370431161e-05 0.000748343639717989
276700 0.0276264893723085 0.106594573871839 2.92616664619197 0.933323836422113 -0.000445172942130947 -0.000327851123014998 0.000195584502033421
276800 0.0276551824766626 0.105806509166502 2.92696677269542 0.933254175742697 -0.000447667467862463 -0.000187643697950952 -0.000603721375732831
276900 0.0276551824766626 0.104945397648972 2.92766416101594 0.93317466150401 -0.000445606339988722 0.000111453771964885 -0.000148192476284011
277000 0.0276842754849101 0.104176354951463 2.92862093426215 0.933175611223913 -0.00044249500876676 1.43592581045341e-06 0.000691797172455091
277100 0.0276842754849101 0.103259454885843 2.92929243773226 0.933056662103649 -0.000454112468835716 -0.000354716987280966 0.000467821808610842
277200 0.0276842754849101 0.102060227450193 2.92993871478855 0.932801729517403 -0.000484784795253411 -0.000267318694453984 -0.000411427935717436
277300 0.0277138683730243 0.101093450159113 2.9307633499346 0.932708982753059 -0.000499834710303308 0.000117525457991716 -0.000413730212609441
277400 0.0277138683730243 0.0998478177268786 2.93141684818647 0.93244329269364 -0.000481499453461137 8.93430352341627e-05 0.000475880099269278
277500 0.0277138683730243 0.0986829243339944 2.93205399734255 0.932221746570028 -0.000463363895579311 -0.000362154946788 0.000710588548410898
277600 0.0277422615494584 0.0974857805736625 2.93286033034432 0.932009683040084 -0.000473506996365648 -0.000343059157433051 -0.000175986463977758
277700 0.0277422615494584 0.0961243575040177 2.93344354781367 0.93170130838628 -0.000481364752910081 0.000113998941660713 -0.000518487469028851
277800 0.0277422615494584 0.0948337520551556 2.93403788417947 0.931388078170384 -0.00046179741680746 0.000123803925541664 0.000154868669689622
277900 0.0277702548219989 0.0934172933509901 2.93482425948571 0.93111056246184 -0.000442143351087871 -0.000328313555463316 0.000746503424424257
278000 0.0277702548219989 0.0920490363476694 2.93536632396486 0.9307641364771 -0.000462162236324029 -0.000364141065949223 0.000141145978248934
278100 0.0277702548219989 0.0906635760755473 2.93599648534108 0.930426168450085 -0.000492542228631298 5.62124694563225e-05 -0.000514109035209121
278200 0.0277995477821931 0.0891563038007509 2.93668589309597 0.930094766279612 -0.000496319671352944 0.000111265710322084 -0.000123863017887995
278300 0.0277995477821931 0.0877755080877178 2.93730217257531 0.929722719579212 -0.000478281153672304 -0.000261684970397709 0.000592229501741677
278400 0.0277995477821931 0.0862108957816527 2.93777624412972 0.929321358460829 -0.00046670867061302 -0.000354880140459551 0.000461135730339998
278500 0.0278275410547336 0.0846710672015198 2.93849199542081 0.928912697079549 -0.000470173042097364 -3.98461177870081e-05 -0.000373233244113546
278600 0.0278275410547336 0.0832131676685295 2.93903952851915 0.928559177974699 -0.000467987830791878 8.90245648384778e-05 -0.000356345689164842
278700 0.0278275410547336 0.0815828496440151 2.93952470061167 0.928065545466263 -0.000459819635067242 -0.000173877912247133 0.00047168199792997
278800 0.0278562341590876 0.0800770847865334 2.94016205763814 0.927689381134891 -0.000460567062847742 -0.000339178103919729 0.000581188081996939
278900 0.0278562341590876 0.0784842065247497 2.94066780685315 0.927235258509166 -0.000468574190865631 -9.7126635199505e-05 -0.000136738279007614
279000 0.0278562341590876 0.0769865872976385 2.94121637927648 0.926816630324911 -0.000470978382753003 9.62491856065737e-05 -0.000470070045253721
279100 0.0278854271433085 0.0755604780268254 2.94193073804617 0.926497534411005 -0.0004720411995529 -0.000143821809874418 0.000195084529248532
279200 0.0278854271433085 0.0739628849134214 2.94243224070282 0.926016468210175 -0.000465623545300634 -0.000339608933035383 0.000703076348712927
279300 0.0278854271433085 0.0725661771115821 2.9430152530108 0.925667853035339 -0.000452630444615808 -0.000124394608907946 4.63711441462619e-05
279400 0.0279158198392096 0.0711422315740814 2.94374907617842 0.925330341388182 -0.000447034434656218 6.53868475284497e-05 -0.000449102792998873
279500 0.0279158198392096 0.0697103160892542 2.94428816814952 0.924937757303462 -0.000452178882313017 -9.93146220042892e-05 -5.91514844796768e-05
279600 0.0279158198392096 0.0683879444170035 2.94493764217096 0.924620262290945 -0.000468441062801314 -0.000302538720069946 0.000636594766804304
279700 0.0279479121266579 0.0670502537051522 2.94566107952955 0.924318181300103 -0.000465741915840135 -0.000165388503351772 0.000371896955010915
279800 0.0279479121266579 0.0658085004781271 2.94631666955059 0.924030810788327 -0.000446568344464691 5.9305471569944e-05 -0.000402699571178501
279900 0.0279479121266579 0.0645741688600818 2.94696405009829 0.923743304221555 -0.000432607247865922 -3.67653897902126e-05 -0.000288076933741395
280000 0.0279810041738397 0.0635579347014999 2.9478519926801 0.923611515161377 -0.000446717585401168 -0.000302858721385894 0.000505962604651016
280100 0.0279810041738397 0.0626464003775074 2.9486669786451 0.923497887353272 -0.000461186884677596 -0.000230699124375321 0.000559927089357988
280200 0.0279810041738397 0.0618734577231797 2.94953827589496 0.92345032258177 -0.000452933900224772 6.87612111796173e-05 -0.000175426917393057
280300 0.0279810041738397 0.0615235305159921 2.95066696109445 0.92364321789113 -0.000437879297671914 2.74934196440525e-05 -0.000465369475538907
280400 0.0280146960768617 0.0613259392219793 2.95189843729364 0.923924866689505 -0.000436435604477266 -0.000295962517117736 0.000237319118816465
280500 0.0280146960768617 0.0614877719563292 2.95327010311861 0.924376275590728 -0.000460542087158355 -0.000261354380993207 0.000683188176141374
280600 0.0280146960768617 0.0619494405598078 2.95476421922165 0.924991664870905 -0.000454898715318115 6.65089938985994e-05 0.000105855898700003
280700 0.0280484879558571 0.0625720339864672 2.95640102806457 0.925701120010196 -0.000436457730275278 4.18750871776236e-05 -0.00045571391662652
280800 0.0280484879558571 0.0632326396489172 2.95798652142376 0.926413551483052 -0.000431727737707329 -0.000252628361459279 -7.54338370061532e-05
280900 0.0280484879558571 0.0637981935675268 2.95954243590734 0.927079471064751 -0.000449837661567072 -0.000257505869083451 0.000635394687142199
281000 0.028082679738746 0.064165488456402 2.96097688400756 0.927643945120578 -0.000466161158106799 1.65846942258627e-05 0.000387044635745337
281100 0.028082679738746 0.0643730696458995 2.96231830244553 0.928113069826418 -0.000436878051408857 5.74028413107925e-05 -0.000381752500113836
281200 0.028082679738746 0.0645627627863401 2.96367379022661 0.928580932245296 -0.00040747929713312 -0.00015753588383431 -0.000267895185097995
281300 0.028082679738746 0.0649270004332732 2.96507700975004 0.929141954967397 -0.000429702673460603 -0.000257143648082898 0.000447183208529701
281400 0.028114971978141 0.0654002671416306 2.96658284878871 0.929748636231123 -0.000467077056802385 -7.29305264265392e-05 0.000505287413674063
281500 0.028114971978141 0.0659265153082454 2.96806770194716 0.930407554433846 -0.000451238655396226 5.54490851007056e-05 -0.000127513465216866
281600 0.028114971978141 0.066395348625792 2.96954222944317 0.931005960121095 -0.000409121133199991 -7.40312730549027e-05 -0.000367770871922849
281700 0.0281468643136425 0.066605022931183 2.97079256976538 0.931464138404022 -0.000405560667139006 -0.000239805250470833 0.000235323240036524
281800 0.0281468643136425 0.0668718432037062 2.97215423811417 0.931968834180222 -0.000444762965742044 -0.000147486475276529 0.00053461544028373
281900 0.0281468643136425 0.0671961411180257 2.97353856230037 0.932498792490812 -0.000450252141873701 7.69112602240567e-05 6.81837779573012e-05
282000 0.0281779568413571 0.0676884122404287 2.9748234740391 0.93307649461886 -0.000408712962587981 -3.84573312590011e-05 -0.000337810327624357
282100 0.0281779568413571 0.0682296894100078 2.97633684171501 0.933711025813417 -0.000395493839470126 -0.000246059217747579 9.68561123158964e-06
282200 0.0281779568413571 0.0687426504508848 2.97776370890015 0.934356791219377 -0.0004252624737536 -0.000115027698648604 0.000507482221835902
282300 0.0282093492969919 0.069118828644831 2.97901914453652 0.934835837320142 -0.000449995286428483 5.27228829617963e-05 0.000246291526566841
282400 0.0282093492969919 0.069511673324093 2.98038703443165 0.935418590995482 -0.000411583148894665 -7.54640179414535e-05 -0.00027427654753123
282500 0.0282093492969919 0.0701079110606756 2.98189637201509 0.936070500494633 -0.000379664669415884 -0.000215321549740612 -7.74440718779832e-05
282600 0.0282397419928931 0.0707405193920756 2.98327754214087 0.936727608339822 -0.000414411742280183 -7.19539942577316e-05 0.000392897337931487
282700 0.0282397419928931 0.0712898922865805 2.98474068619838 0.937365962278601 -0.00044498316195217 4.00830363235563e-05 0.000352040667795387
282800 0.0282397419928931 0.0718003776109417 2.98620293745051 0.937979613214016 -0.000415634843456819 -0.000113755616804683 -0.000168579366663904
282900 0.0282701346887942 0.0723616489342298 2.98756926939448 0.938608008451917 -0.000376670833895355 -0.000211713663234243 -0.00016429488763445
283000 0.0282701346887942 0.0729687571486435 2.98905326083232 0.93925517910022 -0.000393145958447664 -3.30505920562867e-05 0.000285302946016419
283100 0.0282701346887942 0.0735899577094475 2.99054156736971 0.939938163151204 -0.000434321275631468 4.49337738449133e-05 0.000359895160859759
283200 0.0283020270242958 0.0740954221173198 2.99189746240147 0.940520693257738 -0.000424883223618496 -0.000123253729183847 -5.00404153542908e-05
283300 0.0283020270242958 0.0746089611452695 2.99329398040459 0.941115552822321 -0.00037573542744044 -0.000203930394889371 -0.00020620613701068
283400 0.0283020270242958 0.0752451488421347 2.99472805359922 0.941783741216928 -0.00037575767779393 -2.48856279179738e-05 0.000189054187392258
283500 0.0283336194318772 0.075908371496536 2.9961566111768 0.942432508923264 -0.000418743159081567 8.11434443839716e-05 0.000415821587274485
283600 0.0283336194318772 0.0763664491329423 2.99747674295692 0.942998618427364 -0.000434507550960598 -0.000111325750025015 5.30122456753918e-05
283700 0.0283336194318772 0.076986108530841 2.99891629705333 0.94363121091312 -0.000389044677823019 -0.000235423115913787 -0.000194524101487618
283800 0.0283336194318772 0.0776774212155985 3.00041123703995 0.944329578057216 -0.000364287744065375 -2.87235412336062e-05 0.000114889109631313
283900 0.0283665115271122 0.0783836423347301 3.0018481220618 0.944999308723959 -0.000399664624521715 0.000144546486099703 0.000464288577409641
284000 0.0283665115271122 0.0789346001200421 3.00326640473107 0.945602469903581 -0.000426431622255408 -9.77651165917486e-05 0.000167431768683749
284100 0.0283665115271122 0.079627822390281 3.0047854556929 0.946299564249267 -0.000399452409997862 -0.000265096663196075 -0.00025298860312287
284200 0.028403202709335 0.0803772278360405 3.00624916950136 0.946988554500816 -0.000358332927277116 -3.9023611151681e-05 4.15600167860442e-05
284300 0.028403202709335 0.0810351390395188 3.00772606390951 0.947659055349273 -0.000376845529790049 0.000198520943204602 0.000386402289732078
284400 0.028403202709335 0.0815573076444482 3.0091680219657 0.948246086101413 -0.000420520707575513 -9.39771157499261e-05 0.000243552037076154
284500 0.028403202709335 0.0822306227311346 3.01070741499964 0.948945780559007 -0.000406208262695481 -0.000320051840157266 -0.000154135600792554
284600 0.0284428931707587 0.08286222771313 3.01218120394481 0.949588824623767 -0.000364608733330856 -2.38272266810723e-06 -8.71007330279739e-05
284700 0.0284428931707587 0.0833350420403321 3.01357872305324 0.950160979384147 -0.000367347226765054 0.000245401754573627 0.000317018032093091
284800 0.0284428931707587 0.0838206644267207 3.01504305546344 0.9507552243201 -0.000404351301639112 -0.000122283609715223 0.000361721386007556
284900 0.0284428931707587 0.084382678734507 3.01649220474846 0.95137278244091 -0.000403222675142366 -0.000314599134667233 -3.71470576408338e-05
285000 0.0284840832717826 0.0847924978303062 3.01782305424652 0.951901821334617 -0.000365157521471572 2.64592961158565e-05 -0.00014676474116064
285100 0.0284840832717826 0.0851513701543712 3.01921373061122 0.952414178349251 -0.000356838827211065 0.000210139761689146 0.00021147870195507
285200 0.0284840832717826 0.0856654162362618 3.02067303599028 0.953037499106855 -0.000392698281205208 -9.867656574778e-05 0.000446907926544238
285300 0.0284840832717826 0.0861233028804008 3.02215502351606 0.953610851710132 -0.000402863226019923 -0.000281490964580042 4.1144263017906e-05
285400 0.0284840832717826 0.086425492624833 3.023447075159 0.954104882870995 -0.000367975461873344 -2.05615161756112e-05 -0.000182300044582794
285500 0.0285261731565668 0.0866854455330483 3.02468909594202 0.954532613496724 -0.000349357921195306 0.000213679685328931 0.000100408974843424
285600 0.0285261731565668 0.0870615707789494 3.0260195854912 0.955069660179648 -0.000371417766460573 -3.66959213664398e-05 0.000436721937738692
285700 0.0285261731565668 0.0871730917359819 3.02729468942479 0.955452656337325 -0.000395145823330746 -0.000290076485013696 0.000191678212308095
285800 0.0285261731565668 0.0873661258600666 3.02855450343342 0.955903737495916 -0.000375899296069288 -7.7317064041367e-05 -0.000193846368460478
285900 0.0285666634257771 0.0874205721625178 3.02963180639526 0.956205354488378 -0.000344833948607753 0.000244013436739253 -1.46666598884745e-05
286000 0.0285666634257771 0.0875709003841332 3.03084987425341 0.956628322141029 -0.000356718088764992 4.63151828570226e-06 0.000445729650168716
286100 0.0285666634257771 0.087645445293548 3.03207429879085 0.95699758710306 -0.000383819821206859 -0.000342646058060253 0.000309464395599713
286200 0.0285666634257771 0.0877098136381325 3.03327399898729 0.957378279120673 -0.000374283335698584 -0.000118247672379684 -0.000182378976356636
286300 0.0286079535027744 0.0876183611992571 3.03425999387219 0.957616447036843 -0.000345659919650057 0.000278475726871015 -0.000163831860057167
286400 0.0286079535027744 0.0876559854208087 3.03545261562733 0.957986896979042 -0.000339667901740929 3.53011528094119e-05 0.000440479556152862
286500 0.0286079535027744 0.0874619804505638 3.03651533942549 0.958214986525342 -0.000361057000685637 -0.000370101313300153 0.000376082890493349
286600 0.0286079535027744 0.0872906536913209 3.03758942614198 0.958473081161514 -0.000374942436505095 -0.000138993649454922 -0.000114357380632121
286700 0.0286498434356118 0.0870821497754205 3.03851894289416 0.958657876545756 -0.00034776693728084 0.000288470754515726 -0.000181567964125902
286800 0.0286498434356118 0.0868900208733778 3.03960529607903 0.958919174810692 -0.000322510741644961 7.11147205135138e-05 0.00024503615756296
286900 0.0286498434356118 0.086474893425559 3.04058866965338 0.959042104530459 -0.000342362614266855 -0.000381558105464946 0.000474448092761838
287000 0.0286498434356118 0.0860257892733212 3.0415401044986 0.959163480481993 -0.000367856113597363 -0.00015900981435974 0.000105667310294993
287100 0.0286913334645558 0.0855057555690066 3.04242327599472 0.959230725448362 -0.000354699401529729 0.000275041375464171 -0.000252867457039554
287200 0.0286913334645558 0.0846776953858154 3.04319691481681 0.959147493691046 -0.000319646880548801 0.000106620269835101 5.31733140595157e-05
287300 0.0286913334645558 0.08373624841059 3.04395882328976 0.959029661864268 -0.000321775824744826 -0.00035318990699274 0.000491786494461871
287400 0.0286913334645558 0.0824567297794211 3.04454786529579 0.958722402324866 -0.00035485636978796 -0.000203230158230086 0.000278571860180781
287500 0.0287315238058462 0.0808727988127012 3.04496829672589 0.958267145841222 -0.000357610898812798 0.000275734434224834 -0.000177794787672037
287600 0.0287315238058462 0.07893096226772 3.04528325075576 0.957624485899558 -0.000317082663805257 0.000126933518846472 -0.000134321196190206
287700 0.0287315238058462 0.0767591093748169 3.0453906179225 0.956858355786918 -0.000311895171661268 -0.000341028942963481 0.000386492074493034
287800 0.0287315238058462 0.0743802378103353 3.04548197366631 0.955979901644407 -0.000340077947927516 -0.000238154503323823 0.00043169759022487
287900 0.0287704144594829 0.0721372633874098 3.04573989283114 0.955241383558865 -0.000346983473945395 0.000241462724541137 -3.42038602929735e-05
288000 0.0287704144594829 0.0698248273965559 3.04586544655139 0.95439747976973 -0.000327010351417239 0.000172915214991636 -0.000197284213119419
288100 0.0287704144594829 0.0678218272418432 3.04615684366542 0.953751557094257 -0.000305519457728362 -0.000310144162892049 0.000196981604736543
288200 0.0287704144594829 0.0658169587105527 3.0464114489647 0.953076740489289 -0.000319828202728425 -0.000279116565130059 0.000453774304166512
288300 0.0288074055696258 0.063704542402247 3.04675289202054 0.952383427902083 -0.000341089417370859 0.000200326190278476 0.000119719941829604
288400 0.0288074055696258 0.0615567199688818 3.04693223420064 0.951653467965906 -0.000330375698825949 0.000224670010340102 -0.00020747491124037
288500 0.0288074055696258 0.0591492247268657 3.0470598105851 0.950762871196521 -0.000301182437483592 -0.000277398787868877 0.000110245403178369
288600 0.0288400977129141 0.0568035090931258 3.04723815789275 0.9499705429751 -0.0003001699325642 -0.000327976662558893 0.000394128374665836
288700 0.0288400977129141 0.0545485509429603 3.04744653829425 0.94915858064207 -0.000333699636362218 0.000152625196643236 0.000226930118701357
288800 0.0288400977129141 0.0524703900684947 3.04769724251046 0.948477556756355 -0.000330684949990981 0.000259431327195433 -8.87259089614672e-05
288900 0.0288719900484157 0.0503624216796149 3.04802076914285 0.947764428796252 -0.000296301060458155 -0.000210479564262844 -4.00195326493577e-05
289000 0.0288719900484157 0.0480743266337035 3.04819663356173 0.946957891586535 -0.000291974884939112 -0.000354751107561144 0.000324190369685438
289100 0.0288719900484157 0.0457385335414672 3.04832414138177 0.946121352542105 -0.000318950114108924 7.52217155253523e-05 0.000349050071768221
289200 0.028902982600157 0.0432977497531518 3.04844981054208 0.945217666726088 -0.000321742850151743 0.000280223298367883 -1.57556822062937e-06
289300 0.028902982600157 0.0410194173710331 3.04860856856482 0.944422103370858 -0.000295874852460207 -0.000132178208525458 -0.000128168431133336
289400 0.028902982600157 0.0388704832513984 3.04887364244579 0.943667608737577 -0.000286807733740902 -0.00038189190972763 0.000233520582961078
289500 0.0289321755843779 0.0367236615933342 3.0490885760771 0.942927581844186 -0.000303846060907569 1.43485824325533e-05 0.000418570660335434
289600 0.0289321755843779 0.0344792953849403 3.04928058579588 0.942124764260658 -0.000315518814665473 0.000258783707544061 0.000100543627981884
289700 0.0289321755843779 0.0320815390022865 3.04939935998664 0.941236631844619 -0.00029620785050994 -5.19996033901281e-05 -0.00018011729344262
289800 0.0289602688328917 0.0299080101262603 3.04959337077877 0.940480032426064 -0.00027586475587786 -0.000348086759863656 9.57819603102536e-05
289900 0.0289602688328917 0.027790362633288 3.0498507113629 0.939721455383047 -0.000292607593204931 -6.49953166563698e-05 0.000457355939150977
290000 0.0289602688328917 0.0257114497691015 3.05011591075175 0.939026232274057 -0.000310378021618809 0.000231952310196667 0.000258847259778758
290100 0.0289907615047663 0.0234722412591429 3.05021028577415 0.938173398574 -0.000292586082783603 9.28548366817274e-06 -0.000183170707396023
290200 0.0289907615047663 0.0213440076162901 3.05041014438369 0.937423665373191 -0.000268169805909039 -0.000291302779136447 -6.16389977710622e-05
290300 0.0289907615047663 0.0193249628171486 3.05071842276043 0.93673472497485 -0.000282249137092904 -0.000117773921294845 0.000398111948766348
290400 0.029022453888321 0.0173389753094564 3.05091832222981 0.936023711157801 -0.000305235079606721 0.000167987061026636 0.000447595895604534
290500 0.029022453888321 0.0153197393351203 3.05118502506622 0.935327603257196 -0.000286979210305723 6.18584571655374e-05 -8.82203383896352e-05
290600 0.029022453888321 0.0133272026054392 3.05148875884518 0.934643204309422 -0.000260272312022155 -0.000191791032535266 -0.000189636613027659
290700 0.029022453888321 0.0115178050871533 3.05185485887572 0.934053533875255 -0.000276296168819166 -0.000164144758874986 0.000229556954334361
290800 0.0290546461517427 0.00971955336628124 3.05217110906098 0.933452715017987 -0.000297729340219342 8.92582067968755e-05 0.000483933760700986
290900 0.0290546461517427 0.00789584764659017 3.05251922519955 0.932847147650074 -0.000278671177077981 0.000122230261164425 0.000171869788699543
291000 0.0290546461517427 0.00614690412470552 3.05291974560409 0.932294523731922 -0.000247357154657274 -0.000128746582243647 -0.000287613479537896
291100 0.0290880381268446 0.00446454711998288 3.05330174695908 0.931751062774182 -0.000263997013697343 -0.000180959083522185 4.32956481312428e-05
291200 0.0290880381268446 0.00302164297077059 3.05379852483849 0.93134715222223 -0.000288311828189732 3.71842619977495e-05 0.000503468784759127
291300 0.0290880381268446 0.00145542779431563 3.05434396599204 0.930893669422185 -0.00026882896614078 0.000136450226949037 0.000347704713287057
291400 0.0291235295973871 3.208195727422e-05 3.05475443853706 0.93047818470684 -0.000239187572554067 -8.01456002726245e-05 -0.000164074852809495
291500 0.0291235295973871 -0.00117160996986032 3.05547803384222 0.930215338299451 -0.000242851631377474 -0.0001810658474971 -0.000149391853655526
291600 0.0291235295973871 -0.00238164086238032 3.05610358476566 0.929945729045758 -0.000278810626367009 7.99627309493808e-06 0.000384809427579831
291700 0.0291235295973871 -0.00348779381031033 3.05683268345885 0.929724576571847 -0.000271339499802458 0.000138528705832733 0.000438582734457901
291800 0.0291636199627041 -0.00455901820330123 3.0575083914206 0.929522067716015 -0.000229656094229635 -5.20255099739338e-05 1.02758216951129e-05
291900 0.0291636199627041 -0.00540008351147171 3.05834118995264 0.929437994849904 -0.000229584154698301 -0.000165845633270328 -0.000182499509641373
292000 0.0291636199627041 -0.00630761697041673 3.05916628429932 0.929333233593501 -0.00026526950748515 -1.78273867090987e-05 0.000119200316374429
292100 0.0291636199627041 -0.00712001182009953 3.0600513798604 0.929285297880785 -0.000266407134304188 0.000133551004293729 0.000523810123594232
292200 0.0291989114812998 -0.0077598018595836 3.06094195309 0.929306208817674 -0.000218667400222932 -1.43862791453533e-05 0.000183222271371364
292300 0.0291989114812998 -0.00838819155264153 3.06192579465702 0.929349314957896 -0.000214103641707001 -0.00015608858789822 -0.000190632050638771
292400 0.0291989114812998 -0.00891481220275698 3.06294472827565 0.929465029943613 -0.000241724828552148 -3.03617162685324e-05 2.37856464302722e-05
292500 0.0292296041051211 -0.0092812425710953 3.06404060975271 0.929635328951265 -0.000245919826870425 0.00012192918886598 0.000402843066409859
292600 0.0292296041051211 -0.0095754367126346 3.06517125715592 0.929877965519786 -0.00020880384782378 1.00955924372332e-05 0.00028702987339018
292700 0.0292296041051211 -0.00975611649998112 3.06638693044627 0.930147774342148 -0.000188322606784964 -0.000151458982567347 -5.79027547220831e-05
292800 0.0292563976659813 -0.00985571505267813 3.06760876636872 0.930494017020596 -0.000220589140373369 -3.51137230013666e-05 -1.74437478476588e-05
292900 0.0292563976659813 -0.009846426045659 3.06890577484852 0.930870403200855 -0.000239518939597245 0.000121276929962173 0.000229463165155574
293000 0.0292828912989214 -0.00987611834830747 3.07012745712874 0.931212171500246 -0.000202541647751236 1.23059546414719e-05 0.000352504723810518
293100 0.0292828912989214 -0.00982334764241535 3.07147956656781 0.931656933608652 -0.000163305899325828 -0.000160793310166681 9.4633024703801e-05
293200 0.0292828912989214 -0.00956676649182265 3.07292675463171 0.932153935546698 -0.000188538063559897 -2.82013520449955e-05 -7.73419632120735e-05
293300 0.0293092849558882 -0.009329426365902 3.07426871711373 0.932661833197071 -0.0002174438831865 0.000122919837435587 0.000151767374237982
293400 0.0293092849558882 -0.00896127632136032 3.07578182969555 0.933224391615677 -0.000189488283026531 -1.25784052421676e-06 0.000365689666316328
293500 0.0293092849558882 -0.00853778699255127 3.07734175374602 0.933864319061265 -0.000144650841541803 -0.000160775677388429 0.0001387378755482
293600 0.0293344789011747 -0.00804506150968126 3.07886085240537 0.934482454989596 -0.000144543343632751 -2.23192402652467e-05 -0.000115109000466537
293700 0.0293344789011747 -0.00745846872527308 3.08049816049846 0.935186558200972 -0.000186770453785492 0.000143267310562923 0.000177070742864333
293800 0.0293593729185412 -0.00671257396791122 3.08221472957392 0.935977491457029 -0.000175535566696068 -1.47936403746012e-05 0.000344364640528733
293900 0.0293593729185412 -0.00595009097608088 3.08393774236924 0.936755094809087 -0.000118950535281033 -0.000180018894581444 0.000151872609144318
294000 0.0293593729185412 -0.00526036551986644 3.08565985478014 0.937533387138086 -0.000102646621536238 -9.63830054436722e-06 -2.93323565201554e-05
294100 0.0293851667196678 -0.00446779671012083 3.08735069058633 0.938309409455771 -0.000142367226077493 0.000166322409758119 5.31125090997568e-05
294200 0.0293851667196678 -0.00370670027377159 3.08907724044053 0.939104766460681 -0.000150617757621232 -1.74697434381323e-05 0.000311928797217306
294300 0.0294121602324748 -0.00295604433301469 3.0907431740986 0.939859149897837 -9.83990670484682e-05 -0.000190558433882395 0.00029682197732646
294400 0.0294121602324748 -0.00196965035196752 3.09256561570819 0.940767388851377 -6.72173797556604e-05 -2.83893880564543e-05 1.27704001255875e-05
294500 0.0294121602324748 -0.00114146244541149 3.09436053796639 0.941584136774307 -0.00010032835029246 0.000161782789448233 -6.27620830552104e-05
294600 0.0294385538894415 -0.000332174231347216 3.09599410832467 0.94236342849098 -0.000131207046901779 1.66351058526292e-05 0.000233479001541445
294700 0.0294385538894415 0.00050369170496343 3.09774899298158 0.943177619629347 -8.24037533903422e-05 -0.000184572348354727 0.000383752403685426
294800 0.0294385538894415 0.00135179899084822 3.09952175294947 0.943999888298448 -4.11276939048175e-05 -6.13406271242736e-05 0.000106412310488339
294900 0.0294673469697689 0.00221908952883118 3.10118278957115 0.944807869447863 -6.61619154569882e-05 0.000153251362158558 -9.93817859793282e-05
295000 0.0294673469697689 0.00309388406899535 3.10296280533346 0.945632044315497 -9.86957092292847e-05 5.30109963807532e-05 0.00012389737580243
295100 0.0294673469697689 0.00385552868595234 3.10465514245863 0.946411884744789 -7.47685382896432e-05 -0.000184534572379864 0.000323569798591896
295200 0.02949773966567 0.00466665820698782 3.10625398736626 0.947156624593211 -1.75190478759183e-05 -8.95396462662031e-05 0.000242055087656143
295300 0.02949773966567 0.00547829268617398 3.10795462195751 0.947953705206642 -2.13832305620388e-05 0.000154475518920794 1.39108896197764e-05
295400 0.02949773966567 0.00626016921169422 3.10964647924697 0.948722802764058 -5.83869891211427e-05 6.1930782937878e-05 -1.95433392947189e-06
295500 0.0295293320732515 0.0071271562042226 3.11121945364905 0.949490762335386 -4.52182959287443e-05 -0.000178178138537388 0.000191470688651168
295600 0.0295293320732515 0.00790889196321521 3.11290633334849 0.950270985684629 7.32935837463505e-06 -9.01703725098612e-05 0.000337859655863298
295700 0.0295293320732515 0.00876644622742966 3.11461823748471 0.951065891985964 2.21878420299528e-05 0.000160444324532372 0.000120134744029383
295800 0.0295610244568064 0.00961588262769216 3.11620113014253 0.951846935923794 -1.97618541158338e-05 3.27782530045352e-05 -6.61225821841552e-05
295900 0.0295610244568064 0.0104715535963422 3.11794693501161 0.952652848448076 -3.25761806362889e-05 -0.000164885140046788 0.000167805574939317
296000 0.0295610244568064 0.0113496968875349 3.119633173185 0.95346958582024 2.65960403702395e-05 -5.68952533140884e-05 0.000271479394772427
296100 0.0295918170566009 0.0121248136334157 3.1212273223423 0.954207762066942 6.04966930501863e-05 0.000145447317788055 0.000143264404482177
296200 0.0295918170566009 0.0129750832264886 3.12289350031067 0.955005989498531 2.57925730158089e-05 1.94335051020425e-05 4.84139989787249e-05
296300 0.0295918170566009 0.0137986163586518 3.1245546400014 0.955789375225198 2.23412950007403e-06 -0.000158937982566053 0.00012430618507481
296400 0.0296218098486087 0.0145306292825822 3.12608996943003 0.95649877726548 4.47187948976223e-05 -4.77158398627383e-05 0.000194663531600895
296500 0.0296218098486087 0.0153935365657044 3.12776626349387 0.957309288118833 9.493851093785e-05 0.000148449838635605 0.000159732949306636
296600 0.0296218098486087 0.0161043893112489 3.12936289271538 0.958033053078132 7.91694157200605e-05 2.93403649327769e-05 8.60913704874782e-05
296700 0.0296501030490693 0.0168175330500839 3.13091752109675 0.958743024548064 5.21577352737602e-05 -0.000178385786541891 0.000116285662190735
296800 0.0296501030490693 0.017600601039529 3.13261005105793 0.959529569516209 7.16855282028111e-05 -5.97636136663859e-05 0.000191811101902059
296900 0.0296501030490693 0.0181294673974548 3.13410151871471 0.96015949158582 0.000120793034098695 0.000192453269067228 0.000175755847890985
297000 0.0296810956008107 0.0186142754173677 3.13555667927073 0.960757518266137 0.000131467677005803 3.40079682391469e-05 5.32281914154322e-05
297100 0.0296810956008107 0.0188992650581069 3.13688962800516 0.961250555428651 0.00010133714652058 -0.000216210988864171 5.8841476364209e-05
297200 0.0296810956008107 0.0188068682557852 3.13802536219949 0.961544622494707 0.000105078078620678 -6.5544676732752e-05 0.000273234797497035
297300 0.0297110883928183 0.0183500423237247 3.13902184584826 0.961659338210375 0.000147328744221668 0.000224756403421208 0.000194524419494648
297400 0.0297110883928183 0.017435700872935 3.13972364356761 0.961510489117749 0.000176211139665829 4.3367254047671e-05 2.76161657436731e-05
297500 0.0297110883928183 0.0160634165847599 3.14028156472562 0.961160782249933 0.0001572303719391 -0.000249780589261095 5.37210834662841e-05
297600 0.0297426808003998 0.0140144368062214 3.14060264478089 0.960477976331324 0.000154228316601544 -8.00378006998877e-05 0.000179607856264047
297700 0.0297426808003998 0.0114424297010027 3.14045727314062 0.959454808153351 0.000188524443811463 0.000253958951866128 0.000267517450564225
297800 0.0297426808003998 0.00867402496887495 3.14022516399149 0.958345377187607 0.000211714451661461 6.83372904788963e-05 0.000122782718743445
297900 0.029770574096967 0.00566285227813309 3.1400688362736 0.957153997884746 0.000207292387725336 -0.000268782476112196 -3.74825296197173e-05
298000 0.029770574096967 0.00286916940017836 3.13979341617552 0.956019933055892 0.000208426089143179 -0.000115631088806883 0.000121166810909269
298100 0.029770574096967 0.000457174520541611 3.13969860325392 0.955072334682364 0.000228450035089122 0.000261487764401738 0.000303003484474183
298200 0.0297941684266797 -0.00169664307799398 3.13992143112063 0.954330337069905 0.000252686498076556 0.000135351191413029 0.000162684503191751
298300 0.0297941684266797 -0.00374672149480416 3.13999582380785 0.95357873627391 0.000257827602929658 -0.000287364365770972 2.10958211137861e-05
298400 0.0298194623479395 -0.00613345789378047 3.13996498194485 0.952662036881482 0.000258618294854578 -0.000160657546917129 2.97307224518202e-05
298500 0.0298194623479395 -0.00870487920914633 3.13978667386297 0.951641063956277 0.000282118047116606 0.000278908445205177 0.000245783948465744
298600 0.0298194623479395 -0.0113644092081898 3.13952266356924 0.950555721942651 0.000305142557671015 0.000199779413272907 0.000224656376890319
298700 0.0298480554763202 -0.0139308015102994 3.13953780465014 0.949593118377651 0.000298669687539362 -0.000316926820806396 4.70923696131839e-05
298800 0.0298480554763202 -0.0162016441540308 3.13943566160841 0.948703807986156 0.000290806508937728 -0.000198206617335365 7.04852024652955e-05
298900 0.0298480554763202 -0.0182000160112126 3.13950514567258 0.94796820938738 0.000318066935398944 0.000307964737497377 0.000129052113687649
299000 0.0298765486287275 -0.0203458986746255 3.13967585849819 0.947208861360201 0.000332446670202163 0.000205028168861662 0.000214155427078724
299100 0.0298765486287275 -0.0228676602312391 3.13944723329121 0.946189078132129 0.000309481076546117 -0.000288686822889824 0.000100853860779215
299200 0.0298765486287275 -0.0256415205428862 3.1391472612275 0.945039413905964 0.00028284447983426 -0.000227240224680283 2.73250559539909e-05
299300 0.0299053417090549 -0.0282636759512627 3.13894924007846 0.94400263367035 0.000262042975831373 0.000287859846031262 0.000115820766016348
299400 0.0299053417090549 -0.0306800698126862 3.13885919198736 0.943041190058012 0.000246993405930102 0.000242787798471172 0.000114322149832111
299500 0.0299053417090549 -0.0329848584330372 3.13870878299725 0.942140041624737 0.000206257111668505 -0.000247783734064422 -2.63982974601713e-05
299600 0.0299341347893823 -0.0355058747648807 3.1386116945243 0.941130714523684 0.00016975393495033 -0.000263651466166602 2.87579726309085e-05
299700 0.0299341347893823 -0.0382534753155801 3.13826048532016 0.940004136712144 0.000171644780104127 0.00027537729686935 3.44604177119883e-05
299800 0.029962727917763 -0.041021449378869 3.13806073126623 0.938873567899248 0.000192016534869523 0.000273192138055086 -4.35027041539561e-05
299900 0.029962727917763 -0.0436042186014795 3.13781159737985 0.937821874145563 0.000204173201737889 -0.000234785341359534 -9.28192604462185e-06
300000 0.029962727917763 -0.0459845237747073 3.13766409772318 0.936867662583491 0.000191401371899803 -0.000263536838543508 6.00300925076077e-05
300100 0.0299910211182237 -0.0486985709253414 3.13747167325434 0.935771674941265 0.000158213124516097 0.000283166650423048 0.000122316750059765
300200 0.0299910211182237 -0.0515281836668548 3.13708697496191 0.934580271125276 0.000135352988147224 0.000299917853079284 7.27314914288455e-05
300300 0.0299910211182237 -0.0541761155957225 3.13679142181544 0.933469300216384 0.000132261646771991 -0.000245989434444762 5.58365991316815e-05
300400 0.0300199141745245 -0.0567168882303698 3.13672534991261 0.932484253234139 0.000138242890386969 -0.0002656588657202 1.10979259624959e-05
300500 0.0300199141745245 -0.059370619596606 3.13642019512933 0.931367150180702 0.000143198580441734 0.000300439082854353 5.9695218707604e-05
300600 0.0300199141745245 -0.0622245490624359 3.13598721733019 0.930151811702371 0.000132150429777504 0.000347121685837841 0.000147106276371485
300700 0.0300483073509584 -0.064945048299013 3.13581613570529 0.929047467149785 0.000113105804235676 -0.000262557642291098 7.09128695805036e-05
300800 0.0300483073509584 -0.0674902925263304 3.13551368907558 0.927985078047273 0.000100817704016741 -0.000297843370399669 -3.11121245852454e-05
300900 0.0300483073509584 -0.0700855089424669 3.1352330622669 0.926901595817887 0.000111680200012602 0.000333772577894089 6.26271199283768e-05
301000 0.0300757007676588 -0.0728846544617251 3.1349564701691 0.925739092263304 0.000113303742235631 0.000398156005269665 0.000141611559130632
301100 0.0300757007676588 -0.0755514883373721 3.13458991689149 0.924607808227675 9.65058097943063e-05 -0.000271407422539108 9.08885002371428e-05
301200 0.0301027942564391 -0.0779674674283072 3.1345500588565 0.923654252898406 7.99163314476874e-05 -0.000361501050684914 2.88335055511735e-05
301300 0.0301027942564391 -0.080447150381093 3.13427094690219 0.922629362056428 8.35696613206744e-05 0.000371186562172943 -9.93054867867996e-06
301400 0.0301027942564391 -0.0829933469802535 3.13397590075027 0.921542827328085 0.000102860800158622 0.00047704610151508 0.000112788984189791
301500 0.0301294878413259 -0.0853644815305508 3.13384756364766 0.920600335012541 9.79324198768834e-05 -0.000279912178032939 0.000148742886057597
301600 0.0301294878413259 -0.0874999364153852 3.13377455474837 0.919743129171702 7.0298170495185e-05 -0.00043414251670212 5.77617815575709e-05
301700 0.0301294878413259 -0.0896857179555541 3.13360079055698 0.918847443091249 6.09245338661063e-05 0.000402204932608607 -6.49188459318708e-05
301800 0.0301556815463461 -0.091905607446636 3.13356037758761 0.917979819059396 8.94718528345297e-05 0.00054013622031977 7.58594924090129e-05
301900 0.0301556815463461 -0.0937416466507739 3.13357533138336 0.917264862127787 9.91449103363147e-05 -0.000261276952593425 0.000204941758605932
302000 0.0301823751312329 -0.0955227415828781 3.1337354058596 0.916630235244354 8.02760520037102e-05 -0.000462458195638345 3.35101331055975e-05
302100 0.0301823751312329 -0.0973943860613046 3.13374143271257 0.915900938351444 6.85013765639e-05 0.000350431727397751 -8.44232075486437e-05
302200 0.0301823751312329 -0.0991746904697157 3.13375044467915 0.915211194516247 8.43667713404033e-05 0.000563248615359846 7.46005202204096e-05
302300 0.0302087687881998 -0.100709371422366 3.13403829590252 0.914704658062562 0.00011593120054787 -0.000240886704316181 0.000142293416304079
302400 0.0302087687881998 -0.102244224782304 3.13420037429064 0.914151409582821 0.000117715596266525 -0.000490927307680184 0.000102188831315006
302500 0.0302087687881998 -0.103686604025556 3.13439560949596 0.913663865772027 0.000100198347943341 0.000255523921716393 3.79836379738222e-05
302600 0.0302349624932197 -0.104875939883261 3.13479094911218 0.913302501839687 8.6832106017177e-05 0.000575619909463285 -0.000111009783400013
302700 0.0302349624932197 -0.105861625015443 3.13519563709924 0.913055327915248 0.000108612079416333 -0.000164250933800774 8.26176203349801e-05
302800 0.0302609562462931 -0.106846968704264 3.13564407475774 0.912800624578204 0.000114885337080601 -0.000440238739544076 0.000244695745053449
302900 0.0302609562462931 -0.107680956332463 3.13610139744074 0.91260656143324 8.46178453333106e-05 0.000213811950952999 6.06784117710957e-05
303000 0.0302609562462931 -0.108342340004843 3.13664639063025 0.912518299282692 6.73634979653376e-05 0.000563754335113553 -0.000137109671534059
303100 0.0302864501194997 -0.109068985388529 3.13718146438859 0.912383314437084 8.39460434741048e-05 -7.82489618147043e-05 -2.40545053223729e-05
303200 0.0302864501194997 -0.109624961931676 3.13775132970137 0.91235094885969 0.000119273949667728 -0.000427069770856262 0.000258330957366286
303300 0.0303125438485464 -0.110065287840506 3.13835763000712 0.912333218135794 0.000116616993407687 0.000183093107607349 0.00017333605605513
303400 0.0303125438485464 -0.110340025932539 3.13908059569843 0.912452856779394 8.78623116996501e-05 0.000510075610580072 -0.000109257774274675
303500 0.0303125438485464 -0.110555551687922 3.13983459122378 0.912581365439932 7.76893282894431e-05 -3.33893126533237e-05 -0.000129164442420069
303600 0.03033943738538 -0.11053138182264 3.14065372421848 0.912819733670047 0.000103305478370816 -0.000373945091410402 0.000147244708448422
303700 0.03033943738538 -0.110501399322865 3.14149850937425 0.913087603535962 0.000110235535310614 0.000170780117452836 0.000285476335621769
303800 0.03033943738538 -0.110292007265337 3.14250650066941 0.913440699456174 8.10518339193658e-05 0.00046548531124076 4.60641379413558e-05
303900 0.0303668308020804 -0.109817997477223 3.14342576240806 0.913905093570315 7.67534949990881e-05 -3.36619378256332e-05 -0.000246429787233111
304000 0.0303668308020804 -0.109460694558737 3.14448499975419 0.914330074296527 9.34794312964812e-05 -0.000323166048746612 -1.35078785877308e-05
304100 0.0303668308020804 -0.109008662867339 3.14556483863777 0.914819671749136 0.000101248730271299 0.000151092659108915 0.000339585036916544
304200 0.0303948240746209 -0.108421591738073 3.14652527046332 0.915319174655883 8.81817358541656e-05 0.000451465985949729 0.000165428105777413
304300 0.0303948240746209 -0.107895574626447 3.14768011783753 0.915839309504658 7.2196593539754e-05 -1.8792699157546e-07 -0.00019598840595456
304400 0.0304222174913213 -0.107111939484374 3.14868617851491 0.916437790018687 8.23174230762592e-05 -0.000312878637303895 -0.000147349928552873
304500 0.0304222174913213 -0.106279370760908 3.15002275929568 0.917116845278097 0.000114563677933868 0.000126773085278216 0.000240368073755728
304600 0.0304222174913213 -0.105421867608331 3.15126411296065 0.917817863439376 9.97347275155946e-05 0.000461787648880898 0.000280159277354412
304700 0.0304499108359418 -0.104591647959926 3.15235776672964 0.918420749159397 6.64792526951462e-05 4.68858722826972e-05 -0.00010379916386213
304800 0.0304499108359418 -0.103658709969236 3.15364839611874 0.91914778638279 7.73091021125888e-05 -0.000322134710739862 -0.00021213181229878
304900 0.0304499108359418 -0.10278915014716 3.15491431080899 0.919831899871542 0.000116359633046096 7.16475124987767e-05 0.000102407258254492
305000 0.0304778041325089 -0.101692837655791 3.1560830130293 0.920566109656547 0.000113807844877647 0.000483070323723449 0.000299395513439577
305100 0.0304778041325089 -0.100647965793058 3.15738410407207 0.921338418147959 7.09013858287724e-05 0.000119569287754566 6.49852862693491e-05
305200 0.0304778041325089 -0.099681678238814 3.15873344850222 0.92206334833025 7.71077863867408e-05 -0.000334053736918167 -0.000205944565173681
305300 0.0305048976212893 -0.0985516799216811 3.15982514162702 0.922807201559809 0.000120779523673243 1.24486607323292e-05 -7.08667233271595e-05
305400 0.0305048976212893 -0.09757148729491 3.1611281638874 0.923518858859045 0.000141252312485225 0.000480223447827605 0.000250002846022727
305500 0.0305301915425491 -0.0964359680055636 3.1622589426134 0.924263444707083 0.000104242159110326 0.000191340158120409 0.000189684445849733
305600 0.0305301915425491 -0.0952990417620879 3.16362481759835 0.925065891397236 8.26811283818165e-05 -0.000301841265580172 -0.00015161823492548
305700 0.0305301915425491 -0.0941716472432807 3.16498696953754 0.925861050924804 0.000124663274970367 -4.17786072367933e-05 -0.000181029699961501
305800 0.0305569851034093 -0.0929243828093833 3.1661659529729 0.926653905841646 0.000152920140104935 0.00044194924955602 0.000233339989764083
305900 0.0305569851034093 -0.0918006769824712 3.16757089771396 0.927458101746124 0.000135250615420855 0.000233271394431623 0.000219716850169489
306000 0.0305836786882961 -0.0906356352057515 3.16870594737079 0.928198451755403 0.000101852291338356 -0.000235694927896666 -0.000147428801413463
306100 0.0305836786882961 -0.0894064428674017 3.17009800600062 0.929038089408968 0.000113475541255603 -6.55783660383966e-05 -0.000157524096243838
306200 0.0305836786882961 -0.0883909781665064 3.17138192233474 0.929762016901483 0.000153664288979336 0.00037219755079253 0.000156610169493354
306300 0.0306099723692896 -0.0872855537474013 3.1724158508443 0.930458213536504 0.000157231324193852 0.000247581605458132 0.000204015266004055
306400 0.0306099723692896 -0.08632163355892 3.17355609885931 0.931107965135565 0.000121907897039266 -0.000154202793140861 -4.54478447180157e-05
306500 0.0306099723692896 -0.085333717010604 3.17463463877503 0.931777924412113 0.000104448980434055 -7.63199737908878e-05 -0.00016088839781197
306600 0.0306337666509491 -0.0844583797805643 3.1755854228543 0.9323451934083 0.000143616300619663 0.000308373603898585 5.56710994475775e-05
306700 0.0306337666509491 -0.0836044792071923 3.17664983640726 0.932950802992135 0.000169826024634383 0.000261346535546746 0.000250094836132375
306800 0.030657960836502 -0.0825865668778219 3.17780040652216 0.933643689901372 0.000146047253712457 -9.44278255297137e-05 2.37435520504057e-05
306900 0.030657960836502 -0.0818010066646564 3.17901752246603 0.934267250779358 0.000123302845164968 -6.55907925881521e-05 -0.000186908813723749
307000 0.0306821550220549 -0.0811630281752262 3.1799637019529 0.93475403156957 0.000136957441308361 0.000263903014500501 -6.03839082398658e-05
307100 0.0306821550220549 -0.0804005849331216 3.18104408212975 0.93533360435131 0.000167709312560547 0.0002502954666552 0.000293872784130605
307200 0.0306821550220549 -0.0800602997854885 3.18181094174923 0.935661499451451 0.000163550852209963 -5.93397699513317e-05 0.000129206947933329
307300 0.0307063492076078 -0.0799313527969907 3.18238611334968 0.935856796735789 0.000130673867076661 -6.47479840881811e-05 -0.000265375358242057
307400 0.0307063492076078 -0.0800198814840343 3.1829718226592 0.93596124807801 0.000127126507249866 0.000258327861090855 -8.14643574798113e-05
307500 0.030731743104841 -0.0801860471088609 3.18353026896565 0.936050622993722 0.000149046922299883 0.000258500956093602 0.000261380591498695
307600 0.030731743104841 -0.0807256024780602 3.18406475942592 0.935978886452722 0.000162357271695302 -6.94936748229007e-05 0.000135060900031391
307700 0.030731743104841 -0.0816149252810268 3.18435349907956 0.935706555516207 0.000148124925931503 -3.75908906474087e-05 -0.000180981072941594
307800 0.0307581367618077 -0.0825264464423526 3.18462518801646 0.935422248506639 0.000125767869340406 0.000258425120760208 -9.15185060569291e-05
307900 0.0307581367618077 -0.0836271056164238 3.18475400102659 0.935028109360033 0.000140560021562327 0.000243426135321788 0.000102761667797609
308000 0.0307581367618077 -0.0846891594708179 3.18489284013673 0.934659187799478 0.000164852249348773 -7.03272954082766e-05 0.000187887349399792
308100 0.0307844304428012 -0.0856072862842139 3.18509489635996 0.934350825428838 0.000155632954733333 -1.12554405693475e-05 -3.02216937232872e-05
308200 0.0307844304428012 -0.0863095774597656 3.18547964918316 0.93419436214295 0.000137745632097396 0.000259055188860807 -0.000154696347458781
308300 0.0308093244601675 -0.0869593338014155 3.18580075581232 0.934041739519438 0.000135650249446129 0.000228163076406686 2.14765123829951e-05
308400 0.0308093244601675 -0.0878082176185496 3.18603379249217 0.933770583994137 0.000160547577133773 -6.77394462362792e-05 0.000143638160157479
308500 0.0308329187898802 -0.0887549930101237 3.18613774776919 0.933451883308386 0.000176249608681962 -7.94519040226604e-06 8.648212215511e-05
308600 0.0308329187898802 -0.0898216182161047 3.18627701490293 0.933072907889964 0.000151281078044133 0.000267444932759503 -9.13245076365473e-05
308700 0.0308329187898802 -0.0908778335808982 3.18643278922925 0.932727283688986 0.000141141080926461 0.00021990804994844 -6.65794090054838e-05
308800 0.0308561132156996 -0.0917077691640868 3.18675014353732 0.932498063446031 0.000165223924250728 -5.58691165955504e-05 9.6017602932543e-05
308900 0.0308561132156996 -0.0924631999291948 3.18706807651802 0.932310351002902 0.000183078627610419 -3.16925574025535e-05 7.36552913712785e-05
309000 0.0308790077135989 -0.0932583053011935 3.18734219729003 0.932092376509535 0.000168853683246157 0.000291836625737251 -8.05699372964237e-05
309100 0.0308790077135989 -0.0941596709751669 3.18760491531622 0.931822892517848 0.000163633315127312 0.000222742612827494 2.2147588539119e-05
309200 0.0309021021634447 -0.0951572264625671 3.18784415016195 0.931526336928357 0.000178483891057068 -8.09960730104883e-05 3.44993187857653e-05
309300 0.0309021021634447 -0.0961920223845598 3.18812748344486 0.931214371123405 0.000198859114192606 -5.31483932844321e-05 -6.24635947620399e-06
309400 0.0309021021634447 -0.0971416605637116 3.18837871126245 0.930936169167799 0.000197221028609204 0.000312699225477932 -3.05643932819081e-05
309500 0.0309255965171842 -0.0979404941553953 3.18878997257838 0.930751619381622 0.000178435469737405 0.000241809834708435 5.06288419465968e-05
309600 0.0309255965171842 -0.0987280874277604 3.18923117401262 0.930596459482524 0.00018978089759114 -0.000121102747588503 6.49800170129115e-05
309700 0.0309504905345506 -0.0997594642725272 3.18956825357597 0.930299568663709 0.000201647565186272 -7.47579770273373e-05 -3.50346880567792e-06
309800 0.0309504905345506 -0.100804349615599 3.18985806970329 0.929991073741518 0.000212175097085649 0.000325566414181003 -9.70768112069901e-05
309900 0.0309504905345506 -0.101655346434798 3.19028084613354 0.92979855184963 0.000207731989115577 0.000268938425836499 1.15125151270585e-06
310000 0.0309754845278903 -0.102455873080371 3.1908569678394 0.929661147937665 0.000205571063633589 -0.000148890003763351 0.000179975808407989
310100 0.0309754845278903 -0.103307846996516 3.19130885245368 0.929478797670897 0.000219519745390143 -9.55197299599211e-05 -2.82509976193738e-06
310200 0.0310003785452568 -0.104244664423816 3.19175500962718 0.929243630965934 0.000225575378440594 0.000323465008318948 -0.000121464276585905
310300 0.0310003785452568 -0.105090001904102 3.19224440616073 0.929083941650007 0.000227022436928812 0.000283611550458744 -8.12202562145338e-05
310400 0.0310003785452568 -0.105937462038511 3.19275375646605 0.928895885478857 0.000235235764072896 -0.000135352299985436 0.000179255376835586
310500 0.0310247726827564 -0.106703184564985 3.1933190277098 0.928777748419287 0.000247342849957137 -0.000134746455938303 0.00013544802147565
310600 0.0310247726827564 -0.107591048160251 3.19380557815127 0.928587474564405 0.000239718684529147 0.000272117186091428 -0.000172784968173766
310700 0.0310490668442825 -0.10850156119815 3.194346661523 0.928389149545823 0.000246613060423616 0.000323832228835685 -0.000133078064217668
310800 0.0310490668442825 -0.109343472907057 3.19485837418435 0.928227445364868 0.00026116155907753 -9.86559819281092e-05 0.000206991097150785
310900 0.0310730610778887 -0.110000718155145 3.19553872021976 0.928159033659525 0.000267991138224829 -0.000199611122863683 0.000148839828076874
311000 0.0310730610778887 -0.110898258194021 3.19603711145054 0.92797385043288 0.000257262885078268 0.000233754154869597 -0.000180174331871549
311100 0.0310730610778887 -0.111837138526672 3.19655021377487 0.927739160534668 0.00024859050456951 0.000380342611684816 -0.000112795384198559
311200 0.031098155047202 -0.112456633572065 3.197254208352 0.927714299160147 0.000275236159018894 -5.96891555194643e-05 0.000102276683414219
311300 0.031098155047202 -0.113138983422356 3.19792944582496 0.927633480449283 0.000297476501528622 -0.000261557635081888 0.000201693592734307
311400 0.031098155047202 -0.113944866319693 3.19853126160682 0.927498430127084 0.000285022480195223 0.000184706001979128 -7.13791789907965e-05
311500 0.0311242487762486 -0.114626539388016 3.1992488010986 0.927438498306562 0.000267112708511265 0.000444672619510472 -0.000210560334834796
311600 0.0311242487762486 -0.115169132886322 3.20001507886001 0.927446065037804 0.000291412617074822 -1.1192475778121e-05 4.42513649665538e-06
311700 0.0311506424332154 -0.115743862351458 3.20080567497589 0.927453157728156 0.000323357045278804 -0.000321486849239643 0.000296245202923732
311800 0.0311506424332154 -0.116352948174828 3.20155311318424 0.927422062900316 0.000321372055328572 0.000114144739470141 4.78417865108029e-05
311900 0.0311506424332154 -0.116809383571947 3.20240776533394 0.927502897263917 0.000292901804770031 0.000504864023435403 -0.000339976804417803
312000 0.0311773360181022 -0.117091463526204 3.20342468324342 0.927675375132135 0.000305420932263859 7.36410216175342e-05 -5.64839641797095e-05
312100 0.0311773360181022 -0.117550788674499 3.20432999543486 0.927757950951969 0.000339604176546872 -0.00037029006145929 0.000341416975484123
312200 0.0311773360181022 -0.117866144201405 3.20531708323801 0.927919893393411 0.000348673756787448 3.3970320559288e-05 0.000105846750541882
312300 0.0312042295549358 -0.117986652028593 3.20642665648269 0.928186459081567 0.000329498520819149 0.000541783332747127 -0.000308191749668212
312400 0.0312042295549358 -0.118308498137096 3.2074129035394 0.928351363841668 0.000320678018530686 0.000166351050527521 -8.30657296288156e-05
312500 0.0312317229476096 -0.118609355638071 3.20835283552679 0.928498634478854 0.00034411008002891 -0.00038818694644253 0.000219144720656392
312600 0.0312317229476096 -0.118649457905831 3.20950393281739 0.928814237891227 0.000368641739661513 -5.25140507197103e-05 0.000176750811755582
312700 0.0312317229476096 -0.118659641941342 3.21070714098583 0.929161068741063 0.000362364110428921 0.000544888023388703 -0.000105062312306149
312800 0.0312597162201502 -0.118798920292035 3.21169510497416 0.929379883241667 0.000349234208316318 0.000257209592074537 -0.000199617745704003
312900 0.0312597162201502 -0.118763642469087 3.21286832577712 0.929736174986382 0.000361258681840043 -0.0003620929034783 1.86875103257673e-05
313000 0.0312597162201502 -0.118626369891105 3.21407584045983 0.930135378181325 0.000382441145499751 -0.000137677228689933 0.00026773824487048
313100 0.0312902088920247 -0.118651634563942 3.21514668636482 0.93042440342956 0.00037866046236155 0.000517791890116346 7.66782516622525e-05
313200 0.0312902088920247 -0.118547722247382 3.21636732529882 0.930824875398689 0.000369057399954364 0.000338762847065727 -0.000312527278760468
313300 0.0312902088920247 -0.118231251385322 3.21770705696213 0.931328474222847 0.000379010381381589 -0.000332768791231519 -8.86435738635393e-05
313400 0.0313203016600058 -0.118139479688576 3.21885741764892 0.931695022407841 0.000399822801307934 -0.000195302661070578 0.000306961582110505
313500 0.0313203016600058 -0.11793152167236 3.22013252670949 0.932143344816103 0.000405587120396613 0.00049099897844808 8.75175006049892e-05
313600 0.0313203016600058 -0.117497751043473 3.22160059262509 0.932729396596902 0.000391025014200678 0.000387853042093201 -0.000224309256090703
313700 0.0313486948364397 -0.117058804198938 3.2229020615756 0.933289191399563 0.000394745045042818 -0.000318297273431751 -7.75534775047437e-05
313800 0.0313486948364397 -0.116742359409384 3.22427730226854 0.933788082531528 0.000413783705291023 -0.000206985619623056 0.000129637652705747
313900 0.0313486948364397 -0.11612194009671 3.22582958043342 0.934491342345367 0.000433926556785415 0.000476037902147771 0.000163380718619928
314000 0.0313777878446872 -0.115510524861974 3.22726283413523 0.935139120031765 0.000418775321356505 0.000399442579924322 -8.19635235649545e-05
314100 0.0313777878446872 -0.114906388178208 3.22882850173538 0.935815798844482 0.000407101748389635 -0.000306661030719059 -0.000180507204447697
314200 0.0313777878446872 -0.113964516528881 3.2304987489138 0.936682617903352 0.000431253183526444 -0.000206469036128576 6.76441271066002e-05
314300 0.0314070808048815 -0.112947292733193 3.23217694597825 0.937535000892912 0.000458207856078991 0.000482310581492953 0.000233036683983181
314400 0.0314070808048815 -0.111719993633412 3.23400586641442 0.938563403250068 0.000451503539328442 0.000387067612232592 -2.62998814367254e-05
314500 0.0314070808048815 -0.110101142036897 3.23608012605631 0.939765764629001 0.000427120757462545 -0.000296721907649128 -0.000249466016473485
314600 0.0314354739813154 -0.108151117955622 3.23815689764586 0.941134353154851 0.000437636737388719 -0.000195629449112079 3.13523311352268e-05
314700 0.0314354739813154 -0.105974367118703 3.24047591594784 0.942634206919186 0.000477704394571748 0.000484807345381873 0.000284119911642706
314800 0.0314354739813154 -0.103432876285669 3.24303037170016 0.944345247712161 0.000481101270921188 0.00038927682227866 4.83086524305679e-05
314900 0.0314638671577493 -0.100835236120507 3.24534129572384 0.946027160810528 0.000454868531629716 -0.000255588072373784 -0.000285891959109737
315000 0.0314638671577493 -0.0981821938401506 3.24791851615053 0.947775075828943 0.000439011193595932 -0.000198300543686491 1.47970470955645e-05
315100 0.0314907606945829 -0.0955917586884973 3.25024074360434 0.949454541179318 0.000477038017526623 0.000442246265386344 0.000265547960972145
315200 0.0314907606945829 -0.0932388294739577 3.25264974544907 0.951043895123125 0.000508616026193784 0.000416278885322028 5.36583505222566e-05
315300 0.0314907606945829 -0.0908479939206391 3.25506700587759 0.952665040352525 0.000488654172303233 -0.000197783827320548 -0.000148499551429487
315400 0.0315180541353099 -0.0884501423370522 3.25730037208277 0.954235474768087 0.000451086083193523 -0.000226093124883203 -0.000142942571276853
315500 0.0315180541353099 -0.0859957392915238 3.25975482263885 0.955866724705181 0.000472371412506805 0.000395375649902818 0.000152271849235485
315600 0.0315180541353099 -0.0833306886640614 3.26225662773442 0.957638524575335 0.000519738066016912 0.000439803626150261 0.000219106919613904
315700 0.0315459474318772 -0.0805109859462976 3.26470856079929 0.959400469447459 0.00051620468687165 -0.000123371152910148 -4.53795821196938e-05
315800 0.0315459474318772 -0.0779608640969074 3.26710670494322 0.961088249703759 0.000478333473860407 -0.000221215053384218 -0.000251037108926411
315900 0.0315718412089772 -0.0754459815415681 3.26942391722959 0.962704518263189 0.000459384885693235 0.00032511262232606 1.50318552438816e-05
316000 0.0315718412089772 -0.0729525726217788 3.27178619308757 0.964342711918432 0.000500162556864229 0.000470010372049032 0.00032680321899017
316100 0.0315718412089772 -0.0704295331505053 3.27417303954365 0.96599289864947 0.000528452177020146 -8.02312415585976e-05 3.2100949823536e-05
316200 0.0315970351542636 -0.0678464074298516 3.27645168385636 0.967616386168323 0.00049609795594447 -0.000216322532811583 -0.000267597712550641
316300 0.0315970351542636 -0.0649756045970308 3.27898014530166 0.969455822292484 0.000466327247661588 0.000308950423133089 -8.81031427997968e-05
316400 0.0316217292196832 -0.0622879258265093 3.28133170408771 0.971133132940591 0.000486505407433771 0.000454614617257473 0.000282333780862456
316500 0.0316217292196832 -0.0598616173233705 3.28359121254963 0.972717908825786 0.000526241300705417 -8.20569101461813e-05 0.000120015002553951
316600 0.0316217292196832 -0.0573027497932763 3.2860381139875 0.97437835812383 0.000512439275930465 -0.000205521317218068 -0.000175895604587621
316700 0.0316473230688632 -0.0546518039197599 3.28830338853295 0.976054316296716 0.000476025281071441 0.000314908017071229 -0.000189810077761329
316800 0.0316473230688632 -0.0521052256816671 3.29068807339039 0.977679831514737 0.000474544581762547 0.000409433256967645 0.000108607242814875
316900 0.0316733168219366 -0.0494167877676674 3.29288319770833 0.979352260672871 0.000509396865598163 -0.000118226986005369 0.000296278700141764
317000 0.0316733168219366 -0.0469162166750017 3.29518636290819 0.980940584130188 0.000520172100650699 -0.000227904103253332 -8.58307471241294e-05
317100 0.0316733168219366 -0.0445229688114593 3.29733793031237 0.982478922170692 0.000494287132395444 0.000294661772816611 -0.000268725253110969
317200 0.0316988106951431 -0.0420327613459186 3.29947998977142 0.984018684727122 0.000479814593047276 0.000402482118756733 3.11291646098659e-05
317300 0.0316988106951431 -0.039536781491211 3.30174054804238 0.985619196193407 0.000502446424077415 -0.000135982027352738 0.000297598358793046
317400 0.0317233048086161 -0.0370540605506566 3.30386510394091 0.987167164199022 0.000527993551904573 -0.000255429335765456 2.89057623071017e-05
317500 0.0317233048086161 -0.034767084384059 3.30605116993598 0.98864384347083 0.000520751493660036 0.000311750307661156 -0.000292164675416167
317600 0.0317233048086161 -0.0324860581608207 3.30815643027985 0.99013091107125 0.000510166248924129 0.0004871078265009 -8.62524026779998e-05
317700 0.0317487986818227 -0.0302042075172426 3.31013212437901 0.991529589113108 0.000516521651798844 -7.34766323318279e-05 0.000320385481881126
317800 0.0317487986818227 -0.0279104576359241 3.31214364415548 0.99300174408192 0.000546855667139375 -0.000288083375977854 0.000111193775502101
317900 0.0317487986818227 -0.0259203425378314 3.31411217860978 0.994284136065839 0.000563921869791577 0.00029167401026673 -0.00027856124482885
318000 0.0317749923868428 -0.0238868758498645 3.31585481884277 0.995578863433424 0.000540000917527851 0.000535409985143664 -0.000157035922154942
318100 0.0317749923868428 -0.021815810102066 3.3178702886828 0.996913096684268 0.000544058073107969 -5.09168017775369e-05 0.000204204650889425
318200 0.031801785947703 -0.0198373446166578 3.31964061372859 0.998192859620181 0.000567543562209107 -0.000334415456866802 0.00024788740626126
318300 0.031801785947703 -0.0179996496816312 3.32151062109691 0.999402816512676 0.000575477933896246 0.000239907664527152 -0.000176772338818917
318400 0.031801785947703 -0.0162346916845038 3.32329557662392 1.00059983075312 0.000553481363578873 0.000558063205416662 -0.000328856940602211
318500 0.0318303790760837 -0.0145208800142115 3.32496210502902 1.00172661858218 0.000548493129155364 3.69264434777073e-05 0.000125600718806098
318600 0.0318303790760837 -0.0128019287808084 3.3267830105097 1.0028910343321 0.000583751839524714 -0.000344614999482964 0.000383220223243289
318700 0.0318303790760837 -0.0113224871181128 3.3284703852119 1.00395984251683 0.000594684442302151 0.000169114950910828 -8.06799147312624e-05
318800 0.0318594720843312 -0.00995340212888891 3.32999837990984 1.00489087631466 0.000579864930581626 0.000568315003334188 -0.000338412967512462
318900 0.0318594720843312 -0.0085975288590988 3.33157932698839 1.00589492041674 0.000592876888781668 6.24883008539161e-05 -4.10076481123279e-05
319000 0.0318594720843312 -0.00730149198621736 3.33317036260945 1.00682514534281 0.000617128218019775 -0.000325237417712759 0.000392762949527286
319100 0.0318878652607651 -0.00621522300802697 3.33449832048098 1.0076365385893 0.000622091313537057 0.000144417418591241 0.000155456463388489
319200 0.0318878652607651 -0.00514510427667261 3.33597756644726 1.0084715306017 0.000616427335429803 0.00057011483434789 -0.00038992259661786
319300 0.0318878652607651 -0.00406708946025222 3.33738823016077 1.00929330940986 0.000614906171821328 0.000101795560950968 -0.000216118863400536
319400 0.0319157585573324 -0.00323892689270672 3.33860627789403 1.00997403355179 0.000636058175751898 -0.000325796687367526 0.000343467305048707
319500 0.0319157585573324 -0.00241976046068855 3.33988428142148 1.01064539695695 0.000651052575207039 0.000137236409822495 0.00027269259245457
319600 0.031942952022086 -0.00172180395890319 3.34105972429763 1.01128264025558 0.000644121701281856 0.000569788768811824 -0.000273674568446255
319700 0.031942952022086 -0.00110992381137938 3.34224634070757 1.01184945823231 0.000647628725722573 0.000125571021726337 -0.000361278363474191
319800 0.031942952022086 -0.000623017465121046 3.34327900884937 1.01235993343432 0.000675165369416282 -0.000317899613052166 0.000200349876571136
319900 0.0319695456309995 -0.000245743444816338 3.34433659589961 1.0128145126006 0.00068307091271676 0.000126291773558201 0.000392699301662956
320000 0.0319695456309995 0.000111840840998804 3.3453076743271 1.01324033688764 0.000662687507243876 0.00056770489670047 -5.59846831807783e-05
320100 0.0319695456309995 0.000376622033830583 3.34627630980365 1.01364358679633 0.000656925367037148 0.000167365640578251 -0.00042919933134442
320200 0.0319955393840729 0.000569125795712149 3.34715979191996 1.01396559731664 0.000668773150846348 -0.000305290393292375 3.09384649609474e-05
320300 0.0320108357079967 0.000715010538706668 3.34800710967411 1.01430009777347 0.000672524329242188 5.15100336158603e-05 0.000407900888686428
320400 0.0320224329209064 0.000682058763008158 3.34871981806655 1.01448128811597 0.000620165396331371 0.000592985601323222 0.000125430879304519
320500 0.0320319306383755 0.000586029103878992 3.3493088960056 1.01463921031474 0.000566483639390205 0.000275853228987357 -0.000389367665455043
320600 0.032042927995445 0.000355968935455092 3.34989673426928 1.01473217120862 0.000541158245905976 -0.000284501399269375 -0.000196025012651879
320700 0.0320530255687543 0.000151380497350368 3.35023471781273 1.01479844806655 0.0005109421063071 3.84866139363258e-05 0.000391572809049936
320800 0.0320631231420635 -0.00036460767906272 3.35046948803717 1.01465255175702 0.000421276157546476 0.00062516530502701 0.000335559421666781
320900 0.0320732207153728 -0.000795702796530298 3.35065294766594 1.01456341430924 0.000344584188705591 0.000356350631431061 -0.000274574873607518
321000 0.0320831183367354 -0.00134309086583172 3.35099121441224 1.01444792230261 0.000334735510724358 -0.000248695662891835 -0.000257159277759979
321100 0.0320925160782311 -0.00193810872105325 3.35119510281331 1.01430454975874 0.000390988126993968 1.2830055880697e-05 0.000312841291786813
321200 0.0321020137957002 -0.00250276631000063 3.35143775586715 1.01415413388123 0.000395815040086582 0.000654166968120774 0.000446985008816989
321300 0.0321128112008229 -0.0029830615034038 3.35169107190944 1.01404998544772 0.000366942107603854 0.000403647270585456 -6.34038744590038e-06
321400 0.0321228087981589 -0.00361991878336996 3.35186420064632 1.01386097908095 0.000377704245605817 -0.000193427850411135 -0.000270908483668928
321500 0.0321330063474416 -0.00431611994341911 3.3520126184266 1.01361596388435 0.000426858389895942 -4.93019863601528e-05 0.00012536010309054
321600 0.0321430039447774 -0.00498922776491351 3.35209898755985 1.01340578666195 0.000417421117283725 0.000617648354910562 0.000430047248072348
321700 0.03215320149406 -0.00568916254296368 3.35214173698934 1.01310071442481 0.000361999379832571 0.000427372156899287 9.96907002622538e-05
321800 0.0321627991875025 -0.00631383587281586 3.35221224697191 1.01292850856545 0.000344120966372668 -0.000160656964936343 -0.000283756000937932
321900 0.0321731966887319 -0.00687580555498942 3.35233981683201 1.01271072073674 0.000408781979112408 -2.10908179246939e-05 -7.42188779803198e-05
322000 0.0321827943821744 -0.00755676527936882 3.35238600524391 1.01245170340399 0.000436504122931759 0.000606998156595656 0.000304670931671768
322100 0.0321927919795102 -0.0082887264552883 3.35249566751983 1.01216916073667 0.000391011058895955 0.000409580049618004 0.000169149355769534
322200 0.0322030895047662 -0.00893927939840041 3.35257566261912 1.0119392970793 0.000389613222533081 -0.000190007983253368 -0.000247636323186178
322300 0.0322125872222353 -0.00961117309076532 3.35265515381033 1.01168360398329 0.000433948978988836 -3.72313231679865e-05 -0.000190032302407711
322400 0.032223084699438 -0.0102413890710363 3.35273224788099 1.01145108933689 0.000475635963505935 0.000599198000595098 0.000184462159623699
322500 0.0322327823688538 -0.0109117191600227 3.3528298447097 1.01119469485368 0.000453143560481856 0.0004613123871919 0.000174258187902547
322600 0.0322427799661898 -0.0116165055364866 3.35289387169653 1.01092277553556 0.000432881959662572 -0.000187994812811432 -0.000190348569851679
322700 0.0322524776356056 -0.0123491531168575 3.35293798765168 1.01062779481833 0.000496972844127668 -9.4810360949635e-05 -0.000243590427410458
322800 0.0322625752089149 -0.0130490949635239 3.35292648871181 1.01033819452484 0.000546227923401945 0.000587310639726745 9.80435255917718e-05
322900 0.0322730726861175 -0.0138332930155426 3.35297766506097 1.00999440750083 0.000531936235272656 0.000457730185563064 0.000253224561814098
323000 0.0322829703074801 -0.0145787056426764 3.35294875766011 1.00970207760297 0.000503885624892399 -0.000202292922242828 -7.94605197540363e-05
323100 0.0322929679048161 -0.0153627676296104 3.35300096255152 1.00940080721177 0.000510325713880558 -0.000117531523735724 -0.000302563590179591
323200 0.0323029655021519 -0.0161079988081521 3.35297165918108 1.00909036682273 0.000562757717948397 0.00057826622641116 1.72577976111263e-05
323300 0.0323129630994878 -0.016890098731091 3.35293479061465 1.00875463420654 0.000540671965341123 0.000501467586106059 0.000391223992834646
323400 0.0323226607689036 -0.0176441550574027 3.35296293531883 1.00846448462937 0.000455744963369987 -0.000170700364515975 8.59537499411727e-05
323500 0.0323328583181863 -0.0184091587938163 3.35302763617536 1.00813035050912 0.000428968400423276 -0.000160574809851596 -0.00030449164064542
323600 0.0323429558914955 -0.0192519233741566 3.35300969975327 1.00778331997884 0.000454231440169321 0.000563870586020159 -8.09795041203171e-05
323700 0.0323527535368847 -0.0200165699698691 3.35296846498027 1.00746929851767 0.000508472500026108 0.000535478748311292 0.000460286985169804
323800 0.032362851110194 -0.0207109709616072 3.35305335257314 1.00718181647542 0.000463349801527399 -0.000162416177022523 0.000292480599057623
323900 0.0323732486114234 -0.0214883995286316 3.35302784521547 1.00688923530054 0.000424088274554949 -0.000147638397179416 -0.000303539028761699
324000 0.0323827463288925 -0.0221139448342396 3.35308545162475 1.00660384980339 0.000478429397477123 0.000557636321567418 -0.000182948349712057
324100 0.0323931438301218 -0.0226747826208378 3.35313320396579 1.00642555078436 0.000505858786084606 0.000565315493318171 0.000399884793936993
324200 0.0324026415475909 -0.023091121273355 3.35324832067742 1.00625760291228 0.000449047302936526 -0.000170405770094512 0.000426903854430071
324300 0.0324130390488203 -0.0232151753027655 3.35349528002853 1.00627426902798 0.000403976122812348 -0.000160607292773048 -0.00012142387849011
324400 0.0324226367422628 -0.0229656469076434 3.35390996529961 1.00649399296414 0.000409100263655177 0.00056025507721316 -0.00029940115457866
324500 0.0324332341954388 -0.0222323964662003 3.35452076339994 1.00694660376522 0.000480411650600097 0.000634786612555687 0.000231912757139645
324600 0.0324427319129079 -0.0210585504177307 3.35533178607101 1.00760996556219 0.000496366886416418 -0.000168788390836314 0.000551531915658356
324700 0.0324525295582971 -0.0193104017515765 3.35646118375022 1.00856058430043 0.00043603634444716 -0.000188030171221656 3.27937625577099e-05
324800 0.0324632269874465 -0.0169457459372751 3.35792579720959 1.00991915225802 0.00041516602460087 0.000555826714582057 -0.000347108342843454
324900 0.0324726247289422 -0.0143797837933322 3.3595296839232 1.01136179291603 0.000451573979226395 0.00063259133284619 8.82944730125427e-05
325000 0.0324832221821184 -0.0118214078710986 3.36104991049599 1.01277948400424 0.000448982741217266 -0.000165352135650855 0.000490395591273561
325100 0.0324930198275076 -0.0093922478708753 3.36253674782346 1.01415147981616 0.000390275841543275 -0.000251909501566863 0.00022206277190027
325200 0.03250261752095 -0.00729513653964906 3.3638280449676 1.01532492735809 0.000295750271465444 0.000538283679889779 -0.000200567695516232
325300 0.0325131149981527 -0.00552708490626343 3.3650557210082 1.01636590156335 0.000362060182196888 0.000703088868895019 -0.000107474391668047
325400 0.0325229126435419 -0.00381096728913636 3.36617718289622 1.01734856811796 0.000387227530033491 -6.57282773919837e-05 0.000481851827853683
325500 0.0325326103129577 -0.00200632945812321 3.36730533463936 1.01834338538537 0.000347649135907851 -0.000259530101398668 0.000399519934133799
325600 0.032543007814187 3.86241767112229e-05 3.36864690676453 1.01952519759176 0.00028959985252912 0.000478070212793742 -0.000137768130393923
325700 0.0325529054355495 0.00231781513334107 3.37000787529223 1.02077581128264 0.000282503359741976 0.000693612056712884 -0.000210511101731424
325800 0.0325632029608056 0.00439212564664465 3.37131365792031 1.02193599100328 0.00031711848512645 -8.1860529007855e-06 0.000363189064190461
325900 0.0325728006542481 0.00622971212590957 3.37242201870326 1.02299774559999 0.000288783445151927 -0.000300283518062652 0.000480315006725847
326000 0.032583098179504 0.00789816944172957 3.37356354501572 1.02393861049539 0.000228900504386278 0.000381961796072836 -5.04418118051474e-05
326100 0.0325928958248932 0.00945591268852969 3.37455643569566 1.0248563815814 0.000203365660199394 0.000716892359910723 -0.000271210862433849
326200 0.0326029933982025 0.0112217852417327 3.37564803277926 1.02582300018716 0.000183823358430483 8.00054808230663e-05 0.000276549779242344
326300 0.0326130909715118 0.0134246125377427 3.3769592568286 1.02704560488083 0.000244560049510915 -0.000278902083835102 0.000546984411653543
326400 0.0326226886649543 0.0155334451904815 3.37824115049789 1.02819826102259 0.0001751742719223 0.000333999227184184 8.57473379608701e-05
326500 0.0326328862142368 0.0174599668526378 3.3793760518961 1.02928273357049 0.000105594367276018 0.000738005865960662 -0.000249105393558125
326600 0.0326430837635195 0.0192621399260776 3.38048572052715 1.03025692831847 8.48035919228715e-05 0.000110479053751035 0.000120489517697968
326700 0.0326527814329353 0.0210613356287984 3.38157609701124 1.03128164383897 0.000158572798784566 -0.00030460535176199 0.000477412375001312
326800 0.0326629789822178 0.0230897144451267 3.38274304263576 1.03236160742862 0.000154745833018928 0.000279665038161244 0.000303039367683772
326900 0.0326729765795538 0.025281049840285 3.38405040159445 1.0335824816843 2.96015932148084e-05 0.00071438315192014 -0.000201554422516901
327000 0.0326826742489696 0.027382046762373 3.38526876398845 1.03470833120938 -1.05478844005057e-05 0.000169462313154193 -0.000157516073705947
327100 0.0326930717501991 0.0292671821981063 3.38649894123772 1.03579390175176 4.71337269665352e-05 -0.000309749090473244 0.000357310368692795
327200 0.0327027694196149 0.0311991451655308 3.38773368574047 1.03686214657282 6.40457472898148e-05 0.000172004767875744 0.000397313416686476
327300 0.0327131669208442 0.0334565078953424 3.38916408902061 1.03810921241045 -8.6008780043265e-06 0.000663123503404884 -0.00012758305595588
327400 0.0327231645181801 0.0357943419264247 3.39065881521135 1.03940923205008 -8.78544250609269e-05 0.000171823258160444 -0.000228048248998554
327500 0.0327327622116226 0.037903194359723 3.39208575852258 1.04061709124547 -8.93474374714871e-05 -0.000319665042466204 0.000246899567973602
327600 0.0327429597609051 0.0398809703484126 3.39341133811734 1.04170974041921 -4.88631955278857e-05 0.000149438633055271 0.000440033625762715
327700 0.0327525574543476 0.0420235277661931 3.39482748335624 1.04292550599924 -7.3129239920503e-05 0.000686861347292252 6.093234887492e-05
327800 0.0327630549315504 0.0443356416567563 3.39623698825328 1.04419332169079 -0.00015116828697046 0.000247185765013724 -0.000214640753371985
327900 0.0327724526730461 0.0464365075311163 3.39763411540403 1.04537303857183 -0.000178563982999276 -0.00035015212690077 0.000141435837116553
328000 0.0327830501262221 0.0483416601404625 3.39886867539843 1.04640188323627 -0.00014371606921673 6.54867268868385e-05 0.000388850373089215
328100 0.0327931476995314 0.0504411650141112 3.40022893213163 1.04761992254343 -0.00015250966847341 0.000659631970810406 0.000200507718007245
328200 0.0328029453449206 0.0527372954437835 3.40173771348423 1.04889503395398 -0.000168993742723557 0.000260727730357031 -6.69333870115697e-05
328300 0.0328128429662832 0.0547163543570789 3.40308050666197 1.0500378904807 -0.000247648716026038 -0.000357623941397052 -2.21046939783251e-05
328400 0.0328229405395923 0.0565837277466371 3.40441639739086 1.05107658120862 -0.000218875798925166 2.56305823355241e-05 0.000236175491751458
328500 0.0328328381609549 0.0585160038792685 3.40587919548559 1.05221644243948 -0.000224934962982526 0.00068271463699515 0.000335040510246568
328600 0.0328425358303708 0.0605270762471756 3.40744558063141 1.05339287419317 -0.000233720702486731 0.000331401578961028 4.10107670232523e-05
328700 0.0328529333316002 0.0623580164668322 3.40884313757167 1.05451455344339 -0.000238517877718246 -0.000340413669487276 -0.000164207287416966
328800 0.0328630309049093 0.0639174589404782 3.41017962297587 1.05542396930455 -0.000244807071572756 3.08478099088033e-05 0.000160846405511783
328900 0.0328730285022453 0.0656368977111038 3.41158960771297 1.05647563257134 -0.000176841346337069 0.000664230780236325 0.00039034406831806
329000 0.0328829261236079 0.067244426330404 3.41297533832367 1.05749514426854 -0.000216350658720924 0.000326458523111402 0.000124161701784984
329100 0.0328928237449704 0.0686837822265424 3.41425763077977 1.05836261065773 -0.000239434293697869 -0.000307885081723991 -0.000174045227292061
329200 0.0329026213903596 0.0699593880250265 3.4154635492678 1.05914130953518 -0.000260873487990669 6.9698686374126e-05 3.06149528988718e-05
329300 0.0329131188675623 0.0713095523391133 3.41664227997302 1.05997827125243 -0.000251623580460895 0.000654982343572866 0.000360241350891827
329400 0.0329226165850314 0.0726089789128178 3.41789263400917 1.06082584938377 -0.000234451237734827 0.000281162841581098 0.000241851256292122
329500 0.0329326141823673 0.0737261705272964 3.41898744472166 1.06151370064972 -0.000226337804365078 -0.000271743384137793 -0.000120172670956343
329600 0.0329428117316498 0.0747034755179121 3.42005241779182 1.06218485180048 -0.000259558276156457 0.000101656913632646 -0.000143553477205205
329700 0.032952609377039 0.0757565750037805 3.42109389854106 1.06289141266682 -0.000284776399833613 0.000632816749570526 0.000238228451484924
329800 0.032962606974375 0.0765765646887223 3.4220422609476 1.06345922541041 -0.000262744587291036 0.000268571622903957 0.000411739217694284
329900 0.032972904499631 0.0772254411349605 3.42286794842109 1.06392935824085 -0.000264200150259862 -0.000290646295870835 2.06258199504863e-05
330000 0.03298210228918 0.0778215565738563 3.42370082728726 1.06437189912544 -0.000312480449482785 0.000123170004318041 -0.000230886104451354
330100 0.0329924997904093 0.0782799576558845 3.42447343403336 1.06475657851655 -0.000335843971985249 0.000709562746917266 0.000102796173971447
330200 0.0330025973637186 0.0785991716239147 3.42508306753222 1.06507286561511 -0.000343456122522843 0.000221201732182867 0.000483065898051566
330300 0.0330128948889747 0.0789220855825927 3.42571315001868 1.06531969805525 -0.00033678098324202 -0.000366568473402028 0.000194559563710531
330400 0.0330227925103371 0.0791488164719734 3.42633815520738 1.06562569906433 -0.000333605947281149 0.000171053471736571 -0.00019999740271875
330500 0.0330325901557263 0.0791822015507679 3.42686103256579 1.06575531793105 -0.000335919232334941 0.00075154673530934 -6.62873612285124e-05
330600 0.0330430876329291 0.079004678702526 3.42717531455372 1.06576936276905 -0.000391548678981754 0.000203309770372226 0.000355614484063613
330700 0.0330526853263716 0.0788488984001709 3.42748601117617 1.06582015189199 -0.000405299567764038 -0.000414475285107368 0.000408690589122211
330800 0.0330626829237075 0.0784870696683037 3.42768256239383 1.06573668818918 -0.000363505055943353 0.000159993769328523 -1.32920821702254e-05
330900 0.0330726805210433 0.0778754105014449 3.4277599209368 1.06552171352019 -0.000350116823625239 0.000807722228534782 -0.000178741048086891
331000 0.0330830780222727 0.0772345571530347 3.42783401605901 1.06523584081644 -0.000422267241316615 0.000225499101626159 0.000266283417835027
331100 0.0330927756916886 0.0765106806329095 3.42792435034686 1.06500089473004 -0.000438037877908665 -0.000472427257189885 0.000507232444025718
331200 0.033102373385131 0.0757116417773493 3.42787829384906 1.06468575337659 -0.000413089115986284 0.000189957878905179 0.000142967447573177
331300 0.0331126709103869 0.074998723105907 3.42792791866139 1.06439161117654 -0.000422341589364994 0.000935271478104744 -0.00019285265441821
331400 0.033122968435643 0.0741101144349506 3.42783106312276 1.06405868314183 -0.000483185107255475 0.000210584428180089 7.5739863498295e-05
331500 0.0331328660570055 0.0730950527620221 3.42780087110978 1.06363525760418 -0.000543098127261491 -0.000508802874347602 0.00049758055345426
331600 0.033142463750448 0.0721465586119178 3.42760685240566 1.06318798657733 -0.000468360992849543 0.000234450838728661 0.000299708353565118
331700 0.0331524613477838 0.0710479346372076 3.42743840608518 1.06267455211677 -0.00045361772842685 0.000914863369819631 -0.00014606734723095
331800 0.0331627588730399 0.0698451652939663 3.42723122172443 1.0621552188874 -0.000470426726445294 0.000184060123569903 -6.29337487377568e-05
331900 0.0331723565664823 0.0688538753409997 3.42712339745625 1.06178197288094 -0.000556808136849814 -0.000471660914323591 0.000421027475361698
332000 0.0331829540196583 0.0677767987132321 3.42698002070268 1.06129745741083 -0.000552402946796495 0.000219521614073216 0.000384273444213598
332100 0.0331927516650475 0.0664141504867405 3.42659952767146 1.06064766210024 -0.000520718240685642 0.00084144728076183 -7.42783463864941e-06
332200 0.0332029492143302 0.0652546147933141 3.42641440218576 1.06013602508397 -0.000504136976598614 0.000198146819032214 -0.000230097236600891
332300 0.0332126468837461 0.0640620160376849 3.42620038558063 1.05959837702313 -0.000600825438454831 -0.00039686920717033 0.00020935072467229
332400 0.0332225445051086 0.0627717641884549 3.42583215284535 1.0589958198246 -0.000624998742435631 0.000221937707120736 0.000455700050398119
332500 0.0332325421024444 0.0615408895534189 3.42545368253391 1.05843043007186 -0.000607035465970725 0.000783382862143547 0.000100962596148401
332600 0.0332429396036738 0.0602335467297678 3.42503506949109 1.05777493034058 -0.000537051827172505 0.000212296420465636 -0.00023432638364345
332700 0.0332524373211429 0.0588212765510855 3.42462704054986 1.05710492796303 -0.000602174073740065 -0.000359821532641441 5.46089004790602e-05
332800 0.0332630347743189 0.0575567318273912 3.42421016132065 1.05649374758514 -0.000686401798658872 0.000227672922833846 0.000479297576465036
332900 0.0332726324677614 0.0561410779775005 3.42367074851149 1.05577910741906 -0.000666014818627413 0.000758771122866843 0.000270145448519443
333000 0.0332829299930175 0.054788502827773 3.42311296430698 1.05509572637248 -0.000564652344563381 0.000107246314133148 -0.000153346081138647
333100 0.0332926276624333 0.0535127684295283 3.42266561163891 1.05446859518987 -0.000567164104631661 -0.000304417138572102 -2.95819600683855e-05
333200 0.0333027252357425 0.0521704895175801 3.42203453002195 1.05369382034851 -0.000663297735474476 0.00028457489717756 0.000396354243824434
333300 0.0333124229051583 0.0510089404704713 3.42162525492665 1.05316620743078 -0.000738360240694452 0.000732698073125538 0.000376095993792676
333400 0.0333230203583345 0.0497823229483931 3.42116585056051 1.05258360188609 -0.000671857292961223 7.53256911930501e-05 -7.76907240929731e-06
333500 0.0333324180998302 0.0486273647159455 3.42072661810776 1.05196657953158 -0.000633252347599506 -0.00036048436446825 -0.000141112607242944
333600 0.0333428156010595 0.0473703469765678 3.42020937105554 1.05129477293515 -0.000680118791108202 0.000261336445648075 0.000240459055545495
333700 0.0333523133185286 0.0462292376812764 3.41966408499491 1.05071888210094 -0.000807593130492564 0.00069860559943882 0.000452162219350464
333800 0.0333630107476781 0.0452370245558156 3.41911200006618 1.05017173749427 -0.000713644455620481 8.74658110575226e-05 0.000117342264026118
333900 0.033373008345014 0.0441709816115574 3.41857076300225 1.0495607177004 -0.000688119069803416 -0.000360703406531744 -0.000133274876893495
334000 0.0333830059423498 0.0430728596995136 3.41798956775443 1.0489211666722 -0.000731506384459508 0.000288524637923701 0.00017872005072582
334100 0.0333925036598189 0.0422208078846077 3.41752984223158 1.04845409742505 -0.000816140342343384 0.000755245216618745 0.000471929194386935
334200 0.0334027012091016 0.0413050847309685 3.41701081402388 1.0479592279608 -0.000826695867817168 0.000162007097289569 0.000273510994387022
334300 0.0334124988544908 0.040598405670498 3.41655987836778 1.04755175754588 -0.000837644008455963 -0.000348762145477893 -0.000149559775473127
334400 0.0334226964037733 0.0400686013819785 3.41632097348849 1.04722853197834 -0.000910975002191851 0.00022704291386709 -6.9557249616711e-06
334500 0.0334327939770826 0.0398256721557212 3.41604512708274 1.04713357761881 -0.00090688062605772 0.000740162068914824 0.000363691712605294
334600 0.0334427915744186 0.0399453252222808 3.41615083507357 1.04713520789403 -0.000909159412990941 0.000181244387293279 0.000385355662092236
334700 0.0334527891717545 0.0403488079043177 3.41632089047736 1.04735660147157 -0.0008246463952556 -0.000348892759193093 -2.34197147166855e-05
334800 0.0334624868411704 0.040934023179977 3.41648035897075 1.0476366867563 -0.000927020270359221 0.000177225009478254 -0.000135243779558543
334900 0.0334724844385062 0.0417945531910372 3.41688269100451 1.04807888322011 -0.000908469239241747 0.000621878059657067 0.000267920257399076
335000 0.0334828819397356 0.0427162503500805 3.41720764960394 1.04854302301829 -0.00091665402740306 0.000193667765357085 0.000478668691038304
335100 0.0334927795610982 0.0436619663986222 3.41759955595982 1.04898512882169 -0.000812952355596844 -0.000279930081002621 0.000110450645242643
335200 0.0335028771344073 0.0444269641814704 3.41777955183894 1.04932849799228 -0.000787359965800429 0.000142653244848749 -0.00019971548738617
335300 0.0335127747557699 0.045093693723017 3.41801085052833 1.04968086727089 -0.000828016827951529 0.000475415766911304 0.000145652203266258
335400 0.0335228723290792 0.0454765115462977 3.41806829609392 1.04984608979633 -0.000721914368150693 6.52088269716118e-05 0.000523005150472546
335500 0.033532569998495 0.0459684589751589 3.41807839557788 1.05003519060923 -0.000638503013066143 -0.000266731899042289 0.000140506910926193
335600 0.0335428675237509 0.0465941418431138 3.41826745849362 1.0503628686436 -0.000619416387470572 0.000183200322836107 -0.000174436423029291
335700 0.0335528651210869 0.0472794784560122 3.41841500112667 1.05066787394592 -0.000617011450767931 0.000453227405459647 8.6436962582271e-05
335800 0.0335629626943962 0.0480619273868072 3.41875139594828 1.05109463561367 -0.000695876718765229 6.0152076064785e-05 0.00041610686178161
335900 0.0335727603397854 0.0487571451360568 3.41892632384834 1.05142735156781 -0.000645176132908077 -0.00017998813547226 0.000258841957812248
336000 0.0335827579371212 0.0494237033228401 3.4190780842626 1.05170459667628 -0.000560642470442747 0.000199404679083876 -0.000118886006976731
336100 0.0335923556305637 0.0498646169490456 3.41918803084789 1.05193634233334 -0.000591010242874029 0.000457543186750651 3.38597898512756e-05
336200 0.0336029530837398 0.0504622338812198 3.41929961492638 1.05220507120839 -0.000691421353546713 -2.41760645274531e-05 0.000363364656162836
336300 0.0336129506810758 0.0512860289471351 3.41958246392913 1.05259765057725 -0.000684658018814883 -0.000191536981655398 0.000339388904000001
336400 0.0336227483264648 0.0521118995380291 3.41979076332305 1.05300551475215 -0.000621996859829304 0.000237072185817358 -9.87436037136633e-06
336500 0.0336328458997741 0.0528260677403532 3.42000250159859 1.05337402632612 -0.000558562233350249 0.000521249077073269 1.99098008001528e-05
336600 0.0336428434971101 0.0535459117463957 3.42023410636136 1.05367783825035 -0.000631079323838599 9.09580083308051e-05 0.000322748832855881
336700 0.0336526411424993 0.0541474647262069 3.42045888308469 1.05397938001279 -0.00066976299633894 -0.000193791607159755 0.000380384468062775
336800 0.0336629386677552 0.0548612943850077 3.42067874332562 1.05430939658531 -0.000569150816680486 0.000155495856792484 2.49911922580068e-05
336900 0.0336729362650911 0.0557429918775765 3.42104962349195 1.05477700608076 -0.000531445946946001 0.000491955312187589 -5.78073716412888e-05
337000 0.033682633934507 0.0565596977312282 3.42140235556958 1.05519349900657 -0.000576548260705229 0.000102678579084113 0.000308875397608022
337100 0.033692931459763 0.0573082167853665 3.42173503003039 1.0555347302854 -0.000660459499019483 -0.000160747429047544 0.000425047946518393
337200 0.0337026291291787 0.0579809669003446 3.42186115662743 1.05584104012223 -0.000651518658587896 8.5621263407526e-05 0.00014995751391277
337300 0.0337129266544348 0.0584838281189732 3.42208877517916 1.05612022438941 -0.000569648301737122 0.000439806709584669 -0.000107561299139498
337400 0.0337225243478772 0.0593103827738271 3.42235369217812 1.05647771803266 -0.000657725853456856 0.000187891628580422 0.000158110523816519
337500 0.0337326219211865 0.0600334047400938 3.42260286215657 1.05687687556368 -0.000746282802574834 -0.000211223306410951 0.000391236044781417
337600 0.0337426195185223 0.0606714497500023 3.42268289174574 1.05712949177713 -0.000752509748603072 0.000127214171575076 0.000303595770246213
337700 0.0337526171158583 0.0612010846637342 3.42273428201634 1.05736073768065 -0.000658054117357588 0.000498541480510998 -4.92925206651394e-05
337800 0.0337626147131942 0.0619060587885309 3.42289349938612 1.05763057819199 -0.000601818653686841 0.000241586826163016 5.9415919859567e-06
337900 0.0337727122865035 0.0625258237545558 3.42295507870724 1.05791112600139 -0.000686017868521296 -9.81391457311575e-05 0.000328512907251873
338000 0.0337827098838393 0.0629454098226989 3.42288850797552 1.05806214359383 -0.000661105083243301 2.37814910933375e-05 0.000349546594498724
338100 0.033792907433122 0.0635016816715567 3.4229817671163 1.05831859091238 -0.000638523813969675 0.00043723858720071 0.000125168237298503
338200 0.0338029050304579 0.0641426330744283 3.4229751606249 1.05855664547443 -0.00064690217781997 0.000307901582951743 -3.05795934358509e-06
338300 0.0338125027239004 0.0646891611650133 3.42289473462978 1.05871139675732 -0.00073163853294479 -8.05811428465506e-05 0.000266604229261991
338400 0.0338227002731829 0.0650728837142971 3.42284136854122 1.05877080651222 -0.000781353532961968 8.49276432032183e-05 0.000336775300650081
338500 0.0338328978224656 0.0654579511923709 3.42262462944428 1.0588740619451 -0.000629070712442164 0.000426210824078538 0.000102524933838289
338600 0.0338424955159081 0.0659029396182625 3.42251927614904 1.05900957327651 -0.00059542926645023 0.000442844605126889 7.93595185040141e-06
338700 0.0338527930411641 0.0663268875497836 3.42221574857339 1.05913506771861 -0.00066342368216545 -5.22153868071348e-05 0.000181619850974423
338800 0.0338625906865532 0.0667242540737178 3.42203544485518 1.05919713726168 -0.000677289386385201 -8.26432072404393e-06 0.000200873190783047
338900 0.0338723883319424 0.066960887770599 3.42174425801462 1.05921596034977 -0.000591754410981416 0.000434914003550559 9.49722950493494e-05
339000 0.0338827858331718 0.0673443697362601 3.4215635907487 1.05930493488261 -0.000488004307832209 0.000379396386004539 5.1792585014745e-05
339100 0.0338926834545344 0.0676146157347275 3.42134824497368 1.05935278735736 -0.00058159573742678 -0.000128679931026345 0.000161080844273967
339200 0.0339023811239502 0.067834062311817 3.42102474264384 1.05936019854627 -0.000679362895322504 -5.48431168620399e-05 0.000222968713663157
339300 0.0339127786251795 0.0680331411273122 3.42079472331717 1.05936058731145 -0.000598496902506368 0.000359795891537234 6.73080757478485e-05
339400 0.0339226762465421 0.0683325906315968 3.42039323815739 1.05937153224842 -0.000429822738373296 0.000310051936418256 -7.42078893405132e-05
339500 0.0339325738679047 0.0684669715772151 3.41999398666477 1.05937786878677 -0.000511349675936416 -0.000166725002712538 0.000239107176153304
339600 0.0339427714171872 0.0684513062260303 3.41957835962804 1.05914889419402 -0.000527840103151349 -0.00014701941990765 0.000335546058580866
339700 0.0339526690385498 0.0684743544010803 3.41902074347564 1.05899167457388 -0.000580759716217956 0.000356111948152885 5.2396338864958e-05
339800 0.033962466683939 0.0685045479418259 3.41863389759502 1.05898855361143 -0.000538466306937875 0.000197878307036534 -0.00015317344330598
339900 0.033972764209195 0.068322079935098 3.41814433520608 1.05872367204325 -0.000422419454651295 -0.000196449716897956 0.000165198779012169
340000 0.0339826618305574 0.0682951915081778 3.41757529348144 1.05849702029532 -0.000547417351960732 2.29609616480866e-05 0.000395757380923162
340100 0.03399255945192 0.0680524867882564 3.41716121585082 1.05832558747522 -0.000578828254147179 0.000504388108266882 0.000205982241990075
340200 0.0340024570732826 0.0677141449324749 3.41642421583129 1.058037204901 -0.000517012060136405 0.000256674175807676 -0.000146501428697952
340300 0.0340124546706185 0.0673745279535738 3.41593441280287 1.05777660873254 -0.000392342090564607 -0.000197314970830898 -0.000150033344483262
340400 0.0340225522439277 0.0672315281665817 3.4152718605727 1.0575483265411 -0.000426348566773081 6.86398330220594e-05 0.000379394355788619
340500 0.0340325498412636 0.066950702085767 3.41474145802012 1.05733651902616 -0.000479565478454678 0.000560678855168669 0.00037336666723327
340600 0.0340427473905463 0.0664171247293804 3.41398677449727 1.05679784701224 -0.000531710684942712 0.000277621158947747 -5.80250051730081e-05
340700 0.0340524450599622 0.066123090711011 3.41321128412683 1.05656369569535 -0.000431081407575578 -0.00028392130811641 -9.2661374408168e-05
340800 0.0340626426092447 0.0656479744999466 3.41242255259701 1.05615674953549 -0.000372319606333676 5.69552567195066e-05 0.000246306599759482
340900 0.0340723402786605 0.0649924923768356 3.41156263774009 1.05568472588146 -0.000442656735029167 0.000599222281539617 0.000429774597106608
341000 0.0340827377798899 0.064242346490171 3.41054346733497 1.05505419232472 -0.00048988451096143 0.000345269175967067 6.50387546806804e-05
341100 0.0340924354493058 0.063526332801462 3.4096658860959 1.05457488002511 -0.000365755513091296 -0.000295314972682643 -8.53803856046648e-05
341200 0.034102832950535 0.0625590807901632 3.40853533197872 1.05387914219608 -0.00034545090372533 -3.47141611030759e-05 0.000295957844556878
341300 0.0341124306439775 0.0615809385553575 3.40731923794042 1.05318390945435 -0.000345914276461372 0.000590146637610124 0.000439382149891736
341400 0.0341225282172868 0.0604821905787462 3.40617021091841 1.05238743208031 -0.000355241364166831 0.000331093093050859 6.29204274384217e-05
341500 0.0341328257425429 0.0589697413436592 3.40475010050054 1.05151676259009 -0.000335147238099305 -0.000279700657643599 -6.67464995073778e-07
341600 0.034142323460012 0.0574610376086817 3.40343562078361 1.05046709317278 -0.000332762117991998 -6.25291929264122e-05 0.000208880217002092
341700 0.0341524210333211 0.0556074942152046 3.40184850868331 1.04937785373776 -0.000371095013078116 0.000592833904407891 0.00033445999711972
341800 0.0341625186066305 0.0534319040600326 3.40001989544888 1.04803122276241 -0.000466949387660295 0.000254707897808887 0.000240138198167723
341900 0.0341725162039664 0.0507645388517216 3.39797183141075 1.04642191330728 -0.00043991990296074 -0.000309871179942681 -7.90372433452912e-05
342000 0.0341827137532489 0.0481708307474903 3.39592336769141 1.04489035570194 -0.000386665970704774 2.36877660151587e-05 -4.90890389617701e-06
342100 0.0341925113986381 0.0451798603153065 3.39374949729261 1.04309582155648 -0.000450301173121539 0.000520477797586959 0.000344841687300376
342200 0.0342026089719474 0.0423886017740827 3.3916728762677 1.04149556684009 -0.00043746831460035 8.11486747001505e-05 0.000323857276156304
342300 0.0342126065692834 0.0397263675596883 3.38956895770677 1.03983423596277 -0.000397615509405777 -0.000358088782998696 1.9934021503278e-05
342400 0.0342226041666192 0.0372941153140909 3.38756122959612 1.03830249802914 -0.000333026038114251 0.000176218700974708 -0.00013423112054712
342500 0.0342326017639551 0.0348352735222699 3.38573605126077 1.03687360025005 -0.000446793251280549 0.000570085281649602 0.000281059995503274
342600 0.0342423994093443 0.0322755809359134 3.38360224352503 1.03527892491267 -0.000485692192123257 5.3261269935335e-06 0.000461344283115206
342700 0.034252596958627 0.0295390345385518 3.38142659054183 1.03361878779703 -0.000384717534753763 -0.000360512848122842 6.67897473810594e-05
342800 0.0342626945319362 0.0268143765656571 3.37923483577536 1.03192531391504 -0.000360317818355651 0.000206253508439392 -0.000155008113753561
342900 0.034272392201352 0.0240684613188007 3.37703305035694 1.03030162775011 -0.000428994814008714 0.000593907349127481 0.00014741235269844
343000 0.0342826897266081 0.0214797599763784 3.37502452879968 1.02875843722786 -0.000451668237238993 -6.58438891487084e-05 0.000458090681232344
343100 0.034292687323944 0.0189232081447248 3.37283716675559 1.02709393615445 -0.000385411306148911 -0.000485103047416893 0.000222472790584903
343200 0.0343026849212798 0.0164902341115107 3.37084524784716 1.02557321882188 -0.000337196565168834 0.000188831015115204 -0.000159879508816654
343300 0.0343125825426424 0.0140491198387657 3.36892921276599 1.02410678006124 -0.000320933812462876 0.00072939308222423 -5.71953671792369e-06
343400 0.0343223801880316 0.0115022728149691 3.36685759526897 1.02253065628226 -0.000444228177122888 6.8566902241462e-05 0.000400621951277109
343500 0.0343326777132876 0.00878080166186935 3.36477541719502 1.02091933666983 -0.000411213689945677 -0.000504698380384192 0.000329947057223926
343600 0.0343425753346501 0.00621831545760706 3.36284115081945 1.01939111011513 -0.000313462170632203 6.62466897999188e-05 -0.000114568540173531
343700 0.0343522730040659 0.00376950137769194 3.360823566607 1.01782311491865 -0.000292749569183802 0.000674275685255907 -0.000150877746428805
343800 0.0343627704812687 0.00135103824277417 3.35895015360448 1.01638016169798 -0.000390678784195659 7.85878533891647e-05 0.000298019525737833
343900 0.0343727680786046 -0.00112313277308239 3.35705570875675 1.01488637746521 -0.000483153250182367 -0.000534329893245602 0.000387150046109042
344000 0.0343824657480203 -0.00371022753263462 3.35501038625038 1.01318366348223 -0.000370635016097128 -2.33683543780344e-05 -3.53927274656994e-05
344100 0.0343925633213296 -0.00623350763069367 3.3530307065923 1.01168870365606 -0.000452133315406357 0.000519833731961117 -0.000204271015779597
344200 0.0344025609186656 -0.00852372559485886 3.35109897792851 1.01019525021725 -0.000422629922543405 9.4344199634256e-05 0.000271159161446654
344300 0.0344127584679483 -0.0110945805764638 3.34895912821585 1.00861715760666 -0.000426546542167753 -0.0004458696352072 0.000506235380438269
344400 0.0344226560893107 -0.0132613935058866 3.34709432168195 1.00726936093743 -0.00046621620943883 -4.11938335063381e-05 0.000144455965200488
344500 0.0344325537106732 -0.0155605405461569 3.34507583217423 1.00575166068464 -0.000468824677661558 0.000405734474069535 -0.000278512270506004
344600 0.0344425513080092 -0.0178169363826191 3.34319150251508 1.00436510976734 -0.000566412691257622 8.69168968816626e-05 0.000156022139103576
344700 0.0344527488572919 -0.019966451208968 3.34119903017469 1.00290975063364 -0.000529110530972092 -0.000308401354310346 0.000578868940838154
344800 0.0344623465507344 -0.0220884004839188 3.33932400827163 1.00152122820838 -0.000433988043018328 2.54935230994114e-06 0.000306070154302677
344900 0.0344723441480701 -0.0241195681606342 3.33744578636371 1.00018677489734 -0.000486219477584831 0.000340656429245219 -0.000186426693674329
345000 0.0344827416492996 -0.026160422286238 3.33567218361267 0.998952362905069 -0.000591223609856474 5.20970364515365e-05 2.38776175656797e-05
345100 0.0344925392946888 -0.0280767285264421 3.33382162494039 0.997654167008043 -0.000597086303953347 -0.000274796782855118 0.000563213987321731
345200 0.034502336940078 -0.0299011596017196 3.33201786885645 0.996452731364559 -0.000494167346403296 -4.70241054476523e-05 0.000553282058150197
345300 0.0345127344413072 -0.0316143723858839 3.33034038296631 0.995229841003642 -0.000441926682149132 0.000271626273654893 -0.000185266329319394
345400 0.0345223321347497 -0.0335197337195673 3.32858408942991 0.993966662089007 -0.000577810918772528 3.12042068946966e-05 -0.000220697800207877
345500 0.0345325296840324 -0.0352252087500213 3.3268088406654 0.99283956322524 -0.000646721180409961 -0.000245851853114701 0.000364986066945102
345600 0.0345426272573415 -0.036759547657386 3.32517244466658 0.991713950675735 -0.000433707245753904 -0.000112785400928522 0.000608004342084587
345700 0.0345527248306509 -0.0381726545623916 3.32350406951726 0.990765262792998 -0.000403589832239919 0.000205336009691491 2.72767719430741e-05
345800 0.0345627224279868 -0.0395911522431091 3.32180961857337 0.989731308045755 -0.000429288982474548 4.26988285683791e-05 -0.000198434505660166
345900 0.0345726200493494 -0.0407787634176223 3.32006149175135 0.988820251697654 -0.000612746123767614 -0.000126337805505382 0.000184867725956959
346000 0.0345826176466852 -0.0420716132691846 3.31829015514824 0.987813002437037 -0.000563158593319368 -9.20418730169919e-05 0.000480633247657707
346100 0.0345922153401276 -0.0433726356452599 3.31649093257821 0.98683149389914 -0.000414940752527926 0.000158989912131969 0.000135084771874745
346200 0.0346026128413571 -0.0448182512619522 3.31443208786978 0.985658252209002 -0.000364780572220491 -6.69752937561173e-06 -0.000255612091705876
346300 0.0346125104627196 -0.0459399764846601 3.31255396108233 0.984668629963244 -0.000484115484471264 -5.3638721020632e-05 0.0001012072615169
346400 0.0346222081321355 -0.0470844980007346 3.31078910497114 0.983741840750002 -0.000529775019800189 8.53177584570091e-05 0.000392442775427625
346500 0.0346325056573914 -0.0482937227918001 3.30882684585931 0.982720427291672 -0.000383443076742355 0.00010362124582033 0.000222717843500407
346600 0.034642703206674 -0.0493531863325114 3.30689770628022 0.981741229793905 -0.000341978654744452 -0.000191543575685554 -0.000187459207787403
346700 0.0346523009001165 -0.0500181321514739 3.30524745577663 0.980998927113748 -0.000365278789048715 -3.90660024252323e-05 -7.05310871025424e-05
346800 0.0346621985214791 -0.0507352379659959 3.30338044844742 0.980166739294164 -0.000464579159873071 -7.19592595949353e-07 0.000350714842205783
346900 0.0346723960707616 -0.0513266763680699 3.30167381195784 0.979544981398586 -0.000459843534812705 7.18296835850587e-05 0.000387762070571069
347000 0.0346826935960177 -0.0518453421392376 3.30013138834592 0.978896586135711 -0.00036560435678749 -0.000119727766064558 -0.000173155386649378
347100 0.0346926911933536 -0.0520293703812583 3.29867497750202 0.978457227441692 -0.000485520398270746 -0.000285737982315951 -0.000215120521112734
347200 0.0347024888387427 -0.0525480262750699 3.29703252427796 0.977864600644952 -0.000502054498605426 6.38721655770741e-05 0.000301212882806538
347300 0.0347124864360786 -0.0530545828661242 3.29549675278117 0.977112264580184 -0.000464836529381763 0.000159933615290497 0.000493387470366788
347400 0.0347223840574412 -0.0532359648437503 3.29394247926087 0.976688789417421 -0.000386439254954722 -0.000126508472091464 8.10904646745472e-05
347500 0.0347324816307505 -0.0537291103460834 3.29221264066068 0.976079477640248 -0.000545316469776542 -0.000304360617360859 -0.00018312396794904
347600 0.0347424792280863 -0.0538202357293488 3.29068438062162 0.975647109186044 -0.000637153795780849 -0.000130329879885633 9.90175599677155e-05
347700 0.034752676777369 -0.0540470432442816 3.28906808537343 0.975071649541798 -0.000616926349974934 0.000216099737836724 0.000488103414727997
347800 0.0347624744227582 -0.0540716756658655 3.28755954373394 0.974629411231863 -0.000513385980210017 6.85772689866909e-05 0.000166495865291903
347900 0.0347722720681474 -0.0542448788299822 3.28582175962809 0.974131832488051 -0.000638895396601758 -0.00035349507168579 -0.000249495821811975
348000 0.0347823696414565 -0.0542567049457975 3.28428561418609 0.973687486243377 -0.000838853947858792 -0.000262417060607098 7.02310579646741e-05
348100 0.0347923672387925 -0.0541799296594563 3.28286647536322 0.973392657245689 -0.000737725712993166 7.59529452911727e-05 0.000543418995037653
348200 0.0348024648121018 -0.0541706872057663 3.28127697087486 0.972830201919753 -0.000587699123530418 0.00016073837058848 0.000387004501669792
348300 0.0348121624815176 -0.0543174128768951 3.27970569605763 0.972346855326431 -0.000597965082673428 -0.00011852027847985 -0.000142799678018743
348400 0.0348224600067735 -0.0542137064585909 3.27811269749813 0.97188281333147 -0.00078089040530611 -0.000254791551747392 -0.000162543123265752
348500 0.0348322576521627 -0.0541170676941347 3.27662305751734 0.971661526189055 -0.00101046724242354 -6.92793746588946e-05 0.00049575291957258
348600 0.0348422552494987 -0.0541240621780252 3.27468650652897 0.970992627298095 -0.000791416219276041 0.000119138478647227 0.000615042910216206
348700 0.0348526527507281 -0.0543378233302209 3.27292925325708 0.97047590342429 -0.000721710778716055 -0.000150685187751439 -1.07462675433477e-05
348800 0.0348626503480639 -0.0542692518380884 3.27128900741445 0.969954729597567 -0.000743607193016804 -0.000225331439309951 -0.000213227965440885
348900 0.0348722480415064 -0.054253602378436 3.2696081557111 0.969438854105321 -0.000990452360641607 -0.000194745547159848 0.000323785844724595
349000 0.0348822456388423 -0.0541729959082254 3.26803336456624 0.969161223380922 -0.00103216604736328 -0.000189883025412625 0.000635664941258661
349100 0.0348923432121516 -0.0540870627901198 3.26620286818656 0.968604287387541 -0.000889233483279168 -0.000110805654002264 0.000338251307328849
349200 0.0349023408094874 -0.0543156861041154 3.26456513399953 0.968139063415609 -0.000869878544364993 3.53670348161152e-05 -0.000236448338180012
349300 0.0349124383827967 -0.0542060061887038 3.26295481415219 0.967699477627525 -0.00108988819422371 -4.02552151298361e-05 -4.52798762518794e-05
349400 0.0349224359801327 -0.0542117041559092 3.26143336246304 0.967363246569161 -0.00111388759991541 -0.000288084817114646 0.000635184936903992
349500 0.0349324335774686 -0.0543359366950166 3.25954708312376 0.966522684383101 -0.00117573435180475 -0.00020504392590255 0.000653777615287831
349600 0.0349421312468845 -0.0545034389888787 3.25790452704875 0.965999522424094 -0.000918013346044496 0.000152455120629344 2.82007115629464e-05
349700 0.0349524287721404 -0.0542030938143375 3.25620690400547 0.965757176613811 -0.000905764908652102 -9.95309139850101e-05 -6.79779205305794e-05
349800 0.0349624263694763 -0.0542992312606543 3.25450965450383 0.965173695693863 -0.00106351167757679 -0.000322089718028861 0.000350278899524395
349900 0.0349721240388921 -0.0541741899827278 3.25284697238812 0.964807172587129 -0.00118229320847288 -0.000129339771872863 0.000620491128975572
350000 0.0349822216122015 -0.0538601861818178 3.25107863261241 0.964343259265816 -0.00112080930482254 7.1884160188282e-05 0.000358664893691667
350100 0.034992419161484 -0.0540840713092034 3.24916856619695 0.963776449238214 -0.00104435165730176 -4.82327377716426e-05 -7.38477271554429e-05
350200 0.0350024167588199 -0.0536714010849516 3.2473652399127 0.963345258198395 -0.00103208780403373 -0.000316985301660722 0.000171482786811328
350300 0.0350124143561559 -0.0538420153155762 3.24547589132168 0.9627339038694 -0.00114134505619103 -3.63654753165141e-05 0.000443104041816771
350400 0.0350224119534917 -0.0537455309073023 3.24374210201904 0.962334079828632 -0.00126732178192122 0.000285532999579781 0.000365281275685303
350500 0.0350324095508276 -0.0535409863730399 3.24175824587722 0.961749150976766 -0.00112410872911453 1.98978436906073e-07 2.81938937188887e-05
350600 0.0350422071962168 -0.0534710889758746 3.23994847867302 0.961325466154959 -0.00114652274026252 -0.000201541499283768 -3.65639722194716e-05
350700 0.0350522047935528 -0.0534619731033076 3.23774964204294 0.9607253604666 -0.00109828813464066 -0.000139724735947306 0.000311560837765068
350800 0.0350624023428353 -0.0535526393636538 3.23577589085151 0.959998583048403 -0.00115663859590303 0.000148181284271392 0.000423212642025814
350900 0.0350723999401712 -0.0533701562155964 3.23377025517709 0.959617258427089 -0.00136326596516273 -4.96254649822159e-05 0.000130318715089232
351000 0.0350823975375072 -0.0534433135181362 3.23148801897404 0.95889450789886 -0.00143249384799351 -0.000286240295565567 -6.17622488958077e-05
351100 0.0350923951348431 -0.0534656802455767 3.22940817371884 0.95827576367014 -0.00131778025248455 -9.1488365628701e-05 0.00018673206655318
351200 0.0351024927081523 -0.0536293944625194 3.22720727244688 0.957573866357441 -0.00124493240930605 0.000245863153281916 0.000545307234336853
351300 0.0351124903054882 -0.054095536069958 3.22487422554897 0.956777049439243 -0.00133056817743292 0.000240235388870005 0.000278333631119988
351400 0.0351224879028242 -0.0546591476118439 3.2224030945361 0.955766072082508 -0.0015303637185512 -0.000192776059015122 -0.000114994785059266
351500 0.0351324855001601 -0.05535744957688 3.21981056811165 0.954920586582841 -0.0015735972305405 -0.000204064075775588 0.000299247180247257
351600 0.0351424830974959 -0.0568051104562084 3.21688357647817 0.953453072898778 -0.00125587955065066 0.000133334051490096 0.000624003176517559
351700 0.0351524806948318 -0.0586218766503435 3.21360289161134 0.95174827296592 -0.00119448099987273 0.000243978003627366 0.000358105300289498
351800 0.0351624782921678 -0.0607986403948588 3.21024934667062 0.950116638550935 -0.00137893587401146 -9.62344902782043e-05 -0.000112335195870066
351900 0.0351724758895037 -0.0636772976364168 3.20647018759147 0.947896968972076 -0.00144563768421938 -0.000194767974769428 7.93365858282644e-05
352000 0.0351824734868395 -0.0667908205978207 3.20255156220601 0.94555931902918 -0.00149207940702781 2.46257272640044e-05 0.000537858040228392
352100 0.0351924710841755 -0.070249648982464 3.19829294879476 0.942911604941208 -0.00127711446150018 8.47977349525638e-05 0.000370122949911706
352200 0.0352024686815114 -0.0738080312487106 3.1941097921182 0.940327540842338 -0.00125741490960069 -8.61130543906179e-05 -8.05121383792947e-05
352300 0.0352125662548207 -0.076928937880486 3.19016072909718 0.937975588400877 -0.00124843596428524 -0.000433234553285525 -1.17086032936966e-05
352400 0.0352224638761831 -0.0797248847878841 3.18617881371098 0.935810334396743 -0.00141767772271519 -0.000214959671784643 0.00049105807081494
352500 0.0352324614735191 -0.0824717415347073 3.18227622433649 0.933580413247436 -0.00138243574005604 1.49183856184434e-06 0.000535184159057532
352600 0.0352420591669616 -0.0851232894280705 3.17830215345196 0.931511713801777 -0.00126974044369516 -0.000216754746147675 7.45555109483041e-05
352700 0.0352522567162443 -0.0876543909749813 3.17460342138176 0.929468864048128 -0.00112404046565543 -0.000312153634658539 9.28648821283651e-05
352800 0.0352623542895534 -0.0905215447652423 3.17056210940909 0.927254976667182 -0.0013079368944263 1.11662950208477e-06 0.000401605228947631
352900 0.0352725518388361 -0.0933570880281103 3.16663948283908 0.925082207296549 -0.00143797227256221 -8.36974251395466e-05 0.000666560258710945
353000 0.035282549436172 -0.0960928211877628 3.16268193030682 0.922782569037226 -0.00164494349213363 -0.000481097228659121 0.000461416880065519
353100 0.035292547033508 -0.098603800111172 3.15889616456018 0.920766751551107 -0.0013637007143871 -0.000413632697929748 -3.01868538146811e-05
353200 0.0353025446308438 -0.100970833277297 3.15514719477905 0.918748930425326 -0.00118565995929985 6.60273156089691e-05 0.00029770483173779
353300 0.0353121423242862 -0.10316469896363 3.15147186935561 0.916803257108211 -0.00126705276394259 -0.000182725456476098 0.000666431053729981
353400 0.0353221399216222 -0.105691707658528 3.14759157737632 0.914660114770433 -0.00153371102721667 -0.000624183560249161 0.000496844906943125
353500 0.0353321375189581 -0.108464988887122 3.14352377261143 0.912412483184451 -0.00162071197447219 -0.000508120824434192 2.62062555765935e-05
353600 0.0353421351162941 -0.111006111109874 3.1394605092044 0.910342257580825 -0.00153885042531554 6.9341189829037e-05 5.5424523179081e-05
353700 0.0353521327136299 -0.113745360138417 3.1352200391739 0.908137622693007 -0.00133358186902218 4.00540932313432e-05 0.00054097736148853
353800 0.0353621303109658 -0.1161414952821 3.13097236584615 0.90599202396895 -0.00158684440717783 -0.000469784073200669 0.000551385380303674
353900 0.0353721279083018 -0.118585597852105 3.12700491758589 0.903839723043712 -0.00184388308250361 -0.000748277935876005 0.000102005061096029
354000 0.0353821255056377 -0.121368272353753 3.12248012422508 0.901452926606589 -0.00191181582919182 -0.000144029886102068 -8.91882687500526e-05
354100 0.0353921231029735 -0.124281757770017 3.11791800376502 0.898979461563241 -0.00163019086282026 0.000175666462195335 0.000331060000464241
354200 0.0354021207003094 -0.127413445725021 3.11333365339347 0.896411045913598 -0.00160921834212601 -0.000251147174694121 0.000640193698666481
354300 0.0354121182976454 -0.130023865759909 3.10896125478961 0.894035852334403 -0.00174557701717944 -0.000789295703121405 0.000233239228378052
354400 0.0354221158949813 -0.132488172604333 3.10451437732076 0.892031781408795 -0.00189448931024774 -0.000354652742413221 -0.0001904364931771
354500 0.0354321134923171 -0.13542927336644 3.09997066992048 0.889473350036482 -0.00201941313099246 0.00016603239009451 0.000102180483483381
354600 0.0354421110896531 -0.138157829941048 3.09534703093121 0.887165378833255 -0.00179441141000782 -3.39063672259357e-05 0.000649522164689755
354700 0.035452108686989 -0.141141002580132 3.0907191620212 0.884635666631382 -0.0015847917747848 -0.000473157669481671 0.000542740353278604
354800 0.035462106284325 -0.143825513039842 3.0862438833616 0.882419908494069 -0.00192408702324915 -0.000453546230016475 -7.98208060436159e-05
354900 0.0354721038816607 -0.146512587371573 3.08144892121916 0.879779855093369 -0.00200244748751271 -0.000175566040692159 -5.98862711663987e-05
355000 0.0354821014789967 -0.148980110278202 3.07669045757454 0.877659379051948 -0.0019693862051939 -0.000173942131021574 0.000490419903608063
355100 0.0354920990763326 -0.151617222545427 3.07198254266859 0.875192043899314 -0.00187229856423418 -0.0003415893061947 0.000746864570236739
355200 0.0355020966736686 -0.154213706434061 3.0672956467447 0.872876968509317 -0.00190853849720232 -0.000427887119488793 4.3022230944251e-05
355300 0.0355120942710044 -0.156528688752942 3.06271704572205 0.870667598633953 -0.00192701139672666 -0.000290193518155514 -0.000318782283259802
355400 0.0355220918683403 -0.158974830846643 3.0579667266502 0.868320908425131 -0.00205701524108321 -0.000407263050030702 0.000423931383713359
355500 0.0355320894656763 -0.16174572096496 3.05294524572421 0.865694138675911 -0.00200017555040092 -0.000408831159266053 0.000850189268609338
355600 0.0355420870630122 -0.163891109984881 3.0485056676514 0.86367744306465 -0.00195933378339339 -0.000130709136918079 0.000384308418927816
355700 0.035552084660348 -0.165909084664361 3.04376070753678 0.86147989126247 -0.00179720367502737 -5.98588282087316e-05 -0.000257183350356247
355800 0.0355620822576839 -0.16852744925659 3.03900017066515 0.85911760535737 -0.00181662760191374 -0.000353619728345419 -2.86887281995538e-05
355900 0.0355721798309932 -0.170494961136012 3.03439959456711 0.857216911794328 -0.00207741390584628 -0.000429386820215905 0.000812356074961027
356000 0.035582177428329 -0.172364312585532 3.02980470017162 0.855000463691302 -0.00215156589770204 -0.000151313708984521 0.000542791958679395
356100 0.035592175025665 -0.173929205580238 3.02540360509702 0.853251862665518 -0.00191577335688079 0.000201543450082403 -0.000106958604242239
356200 0.0356021726230009 -0.175556383381823 3.02093427451093 0.851285864609777 -0.00175305578628875 -0.000197198535999888 -0.000197305728124791
356300 0.0356121702203369 -0.177379141391952 3.0164341480788 0.849346841191684 -0.00191188950351713 -0.000485047649825247 0.000609640130879458
356400 0.0356221678176726 -0.17878857068671 3.01229521797671 0.847628273155076 -0.00219631433479387 -0.00023892924012475 0.000553432031186654
356500 0.0356321654150086 -0.180108853886886 3.00808933697947 0.845892462951034 -0.00231733598556922 0.000140152470517406 -4.40337985021085e-06
356600 0.0356421630123445 -0.181684751848935 3.00335675195103 0.843876893535208 -0.00204676580525389 2.47231741265121e-05 -0.000165935347736472
356700 0.0356521606096805 -0.182912568710974 2.99906247558614 0.84218250801415 -0.0018792006475022 -0.00037645548960022 0.000324710598866151
356800 0.0356621582070163 -0.1839371719506 2.99481359612529 0.840523296330604 -0.00198162765849238 -0.000323545640711528 0.000592086342794486
356900 0.0356721558043522 -0.185290148648093 2.9906034654427 0.838848489648061 -0.00232864897126278 -0.000153710779554278 0.000227862484304312
357000 0.0356821534016882 -0.185873168911038 2.98663760851489 0.83752838512863 -0.00235731015490463 -5.65377705197219e-05 -4.86350715604544e-05
357100 0.0356921509990241 -0.186417988776183 2.98271474314087 0.836229366754121 -0.00200990936462032 -0.000175951512902427 0.00029099785188357
357200 0.0357021485963599 -0.187032661225927 2.9787155468968 0.834901845121339 -0.00188694228458146 -0.000332919837866003 0.000738595626675067
357300 0.0357121461936958 -0.187814855633738 2.97470791833421 0.833325537918142 -0.00193924620498724 -0.000327998414746669 0.000275313693724283
357400 0.0357221437910318 -0.188200321759505 2.97071032542168 0.832177508834203 -0.0021512756891411 -0.000423315577017405 -0.000253731330031489
357500 0.0357321413883677 -0.188387986060623 2.96705436063347 0.83121541863594 -0.0022475021032785 -0.000375693145025521 -1.39571522821444e-05
357600 0.0357421389857035 -0.18895690895411 2.9629481629556 0.829691312433638 -0.00199097775570763 -0.000217709536077622 0.0005828140666354
357700 0.0357521365830395 -0.189235089049573 2.95918448186065 0.828541542532037 -0.0019918750152228 -0.000433167645045729 0.000556294422727923
357800 0.0357621341803754 -0.189389218914424 2.95535255123231 0.827367402086403 -0.00205960407623407 -0.000565423767276614 -0.000299827981249668
357900 0.0357721317777114 -0.18918893277451 2.95165304081245 0.826605150043455 -0.00221896708134842 -0.000424822827703664 -0.000493736852220096
358000 0.0357821293750471 -0.18916685884395 2.94781594140286 0.82536478051869 -0.00226974414187526 -0.000184701042377307 0.000488832579899548
358100 0.0357921269723831 -0.189023707997144 2.94420984920982 0.824265669808122 -0.0019935354022637 1.43980920532347e-05 0.000852936138163991
358200 0.035802124569719 -0.18866522540948 2.9405815648171 0.823750198492093 -0.00192142958955139 -0.000328307875693206 0.000121745595948969
358300 0.035812122167055 -0.188652987416051 2.93669170642528 0.82257253933477 -0.00182774725304622 -0.000562322787778642 -0.000522386249829972
358400 0.0358221197643908 -0.188221714301159 2.93319070177686 0.821622208768543 -0.00192401305110003 -0.000383993984237214 -2.26670748437728e-05
358500 0.0358321173617267 -0.187465628515694 2.92958429508707 0.821088045426914 -0.00207135898416104 0.000151113815375032 0.000585507047042044
358600 0.0358421149590627 -0.186891455281989 2.92589991934805 0.820219392703433 -0.00211539333116388 4.89151421557365e-05 0.000333065852718549
358700 0.0358521125563986 -0.186210272280929 2.9222666883983 0.819338786600877 -0.00185683639150984 -0.000421843981976052 -0.000210852409509782
358800 0.0358621101537344 -0.185552442583876 2.91861788629206 0.818752635948553 -0.00183865744990083 -0.000781784897288516 -7.96883631745327e-05
358900 0.0358721077510703 -0.184752921301326 2.91506092542708 0.817840931949045 -0.00191984092941385 7.03206688295611e-05 0.000358210818301746
359000 0.0358821053484063 -0.183867364426882 2.91150959242583 0.817365298044451 -0.00211649940784422 0.000405876647747795 0.000347870783007321
359100 0.0358921029457422 -0.182965714807118 2.9079409809607 0.81660463099933 -0.00212161729289729 -0.000100736129222235 9.76281533544973e-05
359200 0.035902100543078 -0.18177701554549 2.90441202138004 0.816190977233257 -0.00178749798263473 -0.000573591218774354 0.000116801740320264
359300 0.0359121981163873 -0.181222939544675 2.90057244637309 0.815361518679335 -0.00156717477570088 -0.000356808974297097 0.000409850478649824
359400 0.0359221957137233 -0.179964590292172 2.89684897317764 0.814804702486567 -0.00183477668541875 0.000114652772495764 0.000372223760739264
359500 0.0359321933110592 -0.17932103037164 2.89313860306534 0.814085142108295 -0.00202672794106279 0.000133604519216336 -7.31196710990183e-06
359600 0.035942190908395 -0.178702644376436 2.88906671284366 0.813088276883049 -0.00185138197040943 -0.000288096678958222 4.73329799441178e-05
359700 0.0359522884817043 -0.177294724701119 2.88546448313328 0.812556031503805 -0.00160372757852484 -0.000562093395544064 0.00058026554470925
359800 0.0359622860790403 -0.176541357864327 2.88127378692505 0.811739222096883 -0.00139625118000858 -0.000246850980865217 0.000549232166531544
359900 0.0359722836763762 -0.175920174918689 2.87717469227847 0.810727995398657 -0.00168448195704343 2.57722803193175e-05 3.89986427534282e-05
360000 0.035982281273712 -0.175102082670906 2.87293839515075 0.80988947235299 -0.00182913148226307 -0.000278964689252814 -8.7933623694699e-05
360100 0.035992278871048 -0.174060175014112 2.86882778412641 0.809157679159456 -0.00176495764696753 -0.000321772532157919 0.000450125703264266
360200 0.0360022764683839 -0.173430734410856 2.86443859156063 0.808241623174539 -0.00158067732852155 -0.000380850008115378 0.000875058472911748
360300 0.0360122740657199 -0.172778277097481 2.85989453182089 0.807050083120519 -0.00158200152832802 -0.000368455910907784 0.000407656124062862
360400 0.0360222716630556 -0.171877576542423 2.85550627156548 0.806421085144697 -0.00178673580840394 -0.00029463592974786 -0.000227442081020546
360500 0.0360322692603916 -0.171238383366599 2.85089923699511 0.805065594102041 -0.00190944254143537 -0.000198161611104261 -5.50986158055792e-05
360600 0.0360422668577275 -0.17048622654938 2.84627414409353 0.804332081164478 -0.00177741604689958 -0.000415891210921465 0.000468802878867291
360700 0.0360522644550635 -0.169977031326417 2.84154258322306 0.803132019147927 -0.00152087546724495 -0.000494945648887551 0.000656955572096581
360800 0.0360622620523992 -0.16917309311116 2.83689777947034 0.802210581502905 -0.0013199267181833 -0.000568860542209044 8.02163343216173e-05
360900 0.0360722596497352 -0.168799852299046 2.83190301267678 0.80087299178037 -0.00152269365099782 -0.000181940456485538 -5.94584680020946e-05
361000 0.0360822572470711 -0.168356036656207 2.82700698198616 0.799831629239781 -0.00153967026066781 -0.000143387857858084 0.000189822606572169
361100 0.0360922548444071 -0.167768867277371 2.82198696938214 0.798382219484433 -0.00154782247147545 -0.000247547216751284 0.00027587916270111
361200 0.0361022524417429 -0.167407129104415 2.81658492577033 0.79688942735993 -0.00134539483018376 -0.000590026773299998 0.0001186106030917
361300 0.0361122500390788 -0.167268735244629 2.81120928061638 0.795519593750572 -0.0013229291412607 -0.000409651090449651 0.000163575118898832
361400 0.0361222476364148 -0.167120395837761 2.80544985554058 0.793962338246843 -0.00132353816339278 -0.000123466533506361 0.00038293087265734
361500 0.0361322452337507 -0.167353981217437 2.79971921693601 0.792263688116311 -0.00147742677096739 9.68902520940585e-05 0.000265265357230938
361600 0.0361422428310865 -0.167846145382917 2.79369476059117 0.790367744794688 -0.00154028460500401 -0.000310546013023573 1.25984444937821e-06
361700 0.0361522404284224 -0.16841763748204 2.78747781238979 0.788398502234391 -0.00125289773900919 -0.000669583485672909 -8.78374258564095e-05
361800 0.0361622380257584 -0.169256680119641 2.78102980244146 0.786194583699986 -0.00105677643787246 -0.000130312535623127 0.000335807767430237
361900 0.0361722356230943 -0.170282351041443 2.77450502605058 0.784067658620319 -0.00123360804138186 7.27925632285907e-06 0.0007757231827858
362000 0.0361822332204301 -0.17142670033191 2.76733896865488 0.781469062836176 -0.00154221182639078 -0.000210763553588099 0.000224148929188301
362100 0.0361922308177661 -0.173266594071353 2.76020115167401 0.778763230160604 -0.00161482348663404 -0.000609949284686869 -0.000361080342929076
362200 0.036202228415102 -0.175022236261985 2.75281507307254 0.776269345484737 -0.00145969061987916 -0.000570757619296985 -9.11190499072876e-05
362300 0.036212226012438 -0.176282600105331 2.74566997540503 0.773769932649286 -0.00122923349580394 -0.000370681643907373 0.000623126719304339
362400 0.0362222236097738 -0.177631987336368 2.73861522222699 0.77091815852787 -0.00145138014301634 -0.000157702472261253 0.000635527961158
362500 0.0362322212071097 -0.178985776292533 2.73132548689287 0.768605052250213 -0.00170163662937934 -0.000216996799895281 4.7500802068138e-05
362600 0.0362422188044456 -0.179918670103348 2.72455022686525 0.76632916312629 -0.00167014148086427 -0.000334326358069193 -0.00030436001321706
362700 0.0362522164017816 -0.181195193218646 2.71737745703175 0.763907898902687 -0.00140563459821781 -0.00062490329498808 -2.29443706638272e-05
362800 0.0362622139991174 -0.182462378918693 2.71023398531174 0.761493972815259 -0.00143246379197117 -0.000401302318614905 0.000454083382504579
362900 0.0362722115964533 -0.18390121914709 2.70303602304152 0.758846816302283 -0.00175882460845913 3.7767942674406e-05 0.000380035582807536
363000 0.0362822091937893 -0.185366666990742 2.69572536749275 0.75629613807174 -0.00185610264976978 -8.70171534548584e-05 0.000134369512162578
363100 0.0362922067911252 -0.18676948003245 2.68860232132112 0.753685378209432 -0.00175834283233528 -0.000685722602831038 -8.77812063305158e-05
363200 0.036302204388461 -0.188187526150141 2.68128328147362 0.751251919637869 -0.0015960269215107 -0.000690007929506205 0.00012674929790936
363300 0.0363122019857969 -0.189412171213088 2.67414580860085 0.748638239535306 -0.001552166424083 -0.00016369092243785 0.000196232054248753
363400 0.0363221995831329 -0.190674690636669 2.66692546687221 0.746005884602426 -0.0017354061827755 0.000114503198532032 0.000328059697066794
363500 0.0363321971804688 -0.191883240084321 2.65958018308736 0.743541410417606 -0.00185171592533854 -0.000358932550041716 0.000279070825365598
363600 0.0363421947778046 -0.193599612213377 2.65230826789462 0.740811810888077 -0.00187856503886799 -0.000848080918962182 0.000139106059212528
363700 0.0363521923751406 -0.195029447248729 2.64486808394029 0.738096682643147 -0.00180243093938206 -0.000477932410162579 -4.65061764709392e-05
363800 0.0363621899724765 -0.196596365940393 2.63723565028276 0.735313259502412 -0.00192674667396585 0.000136331170614728 -0.000180631244404261
363900 0.0363721875698125 -0.197666252027272 2.63011394418651 0.732969223484202 -0.00190537311617565 5.56417677883367e-05 0.000247705243615784
364000 0.0363821851671482 -0.19891189498638 2.62291198341961 0.730420931128478 -0.00213511517924036 -0.000486817608114877 0.000390551681202867
364100 0.0363921827644842 -0.200226139839058 2.61545234892759 0.727768865056047 -0.00215862430268699 -0.000602516331809059 0.000204333380570585
364200 0.0364021803618201 -0.201388115180266 2.60802897421731 0.725489486655373 -0.00212664521035803 -0.000377827656211548 -0.000118424900079237
364300 0.0364121779591561 -0.20266860332053 2.60076601769665 0.722744362326211 -0.00199731734450081 -2.77445256777926e-05 -0.000104091481246076
364400 0.0364221755564919 -0.203610377925965 2.59362689167724 0.720471459273919 -0.00212578620058406 -0.000223276070916439 0.000272304607231541
364500 0.0364321731538278 -0.204683277410819 2.58619131349679 0.717985399409266 -0.00221441316832643 -0.00043377454719833 0.000581012875307329
364600 0.0364421707511638 -0.205579074111568 2.57909966971535 0.715481849107177 -0.00217294124127364 -0.00055825373957919 0.000157617842492933
364700 0.0364521683484997 -0.206684290368637 2.57192084427647 0.712888742259416 -0.00220554679645009 -0.000448047928761348 -0.000362026117634733
364800 0.0364621659458355 -0.207792852911369 2.56476707279027 0.710373182833645 -0.00227571370491525 -0.000124447137343099 -0.000230370299088736
364900 0.0364721635431714 -0.208645614280853 2.55752058695473 0.708058115517172 -0.00238664957338106 -0.000163405554844536 0.000403081192942464
365000 0.0364821611405074 -0.209383500427381 2.55052897908555 0.705868175199332 -0.00252852767796052 -0.000490984695296689 0.000423445448337785
365100 0.0364921587378433 -0.210602570342891 2.54309850816077 0.703276600524475 -0.00260038735121991 -0.000654745534022971 -0.000190946504916653
365200 0.0365021563351791 -0.211653584206924 2.53584030311629 0.700637716331258 -0.00258025520423199 -0.00034153026292275 -0.000513677235265607
365300 0.0365121539325151 -0.212332182069927 2.52892268483614 0.698458369158182 -0.00269000785863275 0.00012283083873952 -0.000228754563853988
365400 0.036522151529851 -0.213413620488827 2.52132547747017 0.695713002248285 -0.00270795191037207 -5.02574961848567e-05 0.000294181752329269
365500 0.036532149127187 -0.214176738232352 2.51423569743386 0.693496174414915 -0.002873971083476 -0.00045374012008802 0.000127821944899516
365600 0.0365421467245227 -0.215124368603044 2.50688354061185 0.690907128038964 -0.00284945720296453 -0.000584023974819249 -0.000163937420751643
365700 0.0365521443218587 -0.215840257772111 2.49960325738205 0.688445491432281 -0.00279545603146121 -0.000335975498493869 -0.000384364881160833
365800 0.0365621419191946 -0.216629860147206 2.49236479902242 0.686004881320327 -0.00287958897180007 -4.51358074301186e-05 -0.000114960402538129
365900 0.0365721395165306 -0.217155380821999 2.48510999535588 0.683959086381086 -0.00282358089855709 -0.000340490297376488 0.000272369983383329
366000 0.0365821371138664 -0.217801946553799 2.47791463420952 0.681452349973786 -0.00293591224042026 -0.000676928756567057 -3.63087005931322e-05
366100 0.0365921347112023 -0.218233451079519 2.47073397141249 0.679210368780726 -0.0029193736576666 -0.000577236307850127 -0.00035274276014304
366200 0.0366021323085383 -0.218897439697867 2.46361432604734 0.676911646636847 -0.00299027043607702 -0.000275857940378202 -0.000374905890382751
366300 0.0366121299058742 -0.219364766402883 2.45635931246805 0.674652816536154 -0.00286853791711382 -0.000115558693189121 0.000144132417231273
366400 0.03662212750321 -0.21969810234049 2.44956506461114 0.672456849464161 -0.00294594802618179 -0.000227317824198303 3.94917589846529e-05
366500 0.0366321251005459 -0.220111874265575 2.44225118459559 0.670082061233107 -0.0030428451553203 -0.000470984034433847 -0.000383119282377814
366600 0.0366421226978819 -0.220192151240734 2.43541174956633 0.668218223944967 -0.00303362501290546 -0.000340561776135242 -0.000191614276431262
366700 0.0366521202952178 -0.220670747262408 2.4282865347931 0.666052203387343 -0.0029751212960171 -0.000246022835686339 5.25259275563285e-05
366800 0.0366617179886603 -0.220668417925944 2.42166199414469 0.663942898006507 -0.00285411852104633 -0.000168942666249105 8.73359918926095e-05
366900 0.0366718155619695 -0.22054147121925 2.41471412354729 0.662039445344911 -0.00301353810664134 -0.000272763855207739 -0.000300813394107633
367000 0.0366818131593054 -0.220556157927637 2.4079319248799 0.660106083160139 -0.00302221808234927 -0.000361311982470743 -0.00034825011456625
367100 0.0366918107566413 -0.220504010637394 2.40147075943378 0.658272318737691 -0.00309057820192657 -0.000507956975042406 -1.04142078010547e-05
367200 0.0367018083539773 -0.220142476708094 2.39490078252503 0.656306622174972 -0.003100423761901 -0.000427876148488425 -2.30868138200795e-05
367300 0.0367118059513131 -0.220113554001507 2.38812375741929 0.65459961305242 -0.00302602759679068 -0.00019792281034606 -0.000248255613690053
367400 0.036721803548649 -0.219818721398872 2.38152704124632 0.652781621866119 -0.00301456165130641 -0.000202904587033795 -0.000405696871595429
367500 0.036731801145985 -0.219276876107951 2.37513882208258 0.650824789231411 -0.00318538847156942 -0.000550755060563562 -9.05912380277154e-05
367600 0.0367417987433209 -0.21930034963643 2.36835495475148 0.648914691512675 -0.00315145897428295 -0.000551430701485109 0.000195114970442154
367700 0.0367517963406567 -0.219099247407848 2.36167141224185 0.647115475209286 -0.00292945400263407 -0.000271261873955898 -0.000167291035421056
367800 0.0367617939379926 -0.218514389409067 2.35509043012887 0.64532543607993 -0.00294643067275087 -9.14460883319329e-05 -0.000475235705188987
367900 0.0367717915353286 -0.217942103771043 2.34848942171916 0.643631551245679 -0.00321091562170253 -0.00049566513477658 -0.000301046023984386
368000 0.0367817891326645 -0.217237774226711 2.34212358449895 0.64201016802182 -0.00308476949220812 -0.00079954715594772 0.000185273460961083
368100 0.0367917867300003 -0.216327756650987 2.33563589331092 0.640512014463851 -0.00293113973766667 -0.000592995428381454 0.000212104589898871
368200 0.0368017843273363 -0.215468719969419 2.32931719884525 0.639027922235361 -0.00275925881610904 -0.00025588842521537 -0.000494901142050548
368300 0.0368117819246722 -0.214276454039477 2.32300482886329 0.637667049846568 -0.00283907337685946 -0.000318195767778808 -0.000722753523107152
368400 0.0368217795220082 -0.213196569547464 2.31670700875493 0.635979887746783 -0.00302136158782024 -0.000638332130155258 -3.8905460985191e-05
368500 0.0368317771193439 -0.211886559336083 2.31056519838303 0.634902794773873 -0.00319885219925745 -0.000795022458600577 0.000347693384824732
368600 0.0368417747166799 -0.210472888048247 2.30427910134791 0.633411573469972 -0.00300380464970044 -0.000182993573135477 -0.000354142059593092
368700 0.0368517723140158 -0.208700103738376 2.29817809047114 0.632512519835089 -0.00289732812722046 -9.62595930952899e-05 -0.000775071521993587
368800 0.0368617699113518 -0.206602130491776 2.29217813263708 0.631387071092358 -0.00302357441133051 -0.000474288670754903 -0.000181041198984636
368900 0.0368717675086876 -0.204143299273837 2.28615031541018 0.630631454814286 -0.00297614419229828 -0.000760089935783068 0.0002786065085696
369000 0.0368817651060235 -0.20154199547929 2.28070355883718 0.629917803841885 -0.00298889474732197 -0.000438119000502665 -4.46323704456308e-06
369100 0.0368917627033595 -0.198433500824467 2.27523615981432 0.629537202475343 -0.00307725481667575 -0.000193992354945205 -0.000906938119600219
369200 0.0369017603006954 -0.19586407419318 2.26959196516131 0.628967032972744 -0.00302364873751755 -0.000407221038066908 -0.000582222310900903
369300 0.0369117578980312 -0.192986951895647 2.26399435085141 0.628493968788572 -0.00300642409213001 -0.000657223849345261 0.000120499309107796
369400 0.0369217554953671 -0.190139552631514 2.25811922909197 0.627967675102591 -0.00303770412793 -0.0005675203388604 0.000212021200013424
369500 0.0369317530927031 -0.187609584970052 2.25224989603883 0.626850509364324 -0.00304424223744273 -0.000405305840526609 -0.000623344257712942
369600 0.036941750690039 -0.184979299708359 2.24618042061036 0.626070498281201 -0.00315825347179593 -0.000270799112824242 -0.000815881762087195
369700 0.0369517482873748 -0.182498039030619 2.24030325999558 0.625347045515599 -0.00307763559592879 -0.000298665592985114 -0.000150575527434626
369800 0.0369617458847108 -0.179791850723958 2.23437449258018 0.624616687498419 -0.00293783336128336 -0.000415662323968371 0.000272491394512005
369900 0.0369717434820467 -0.176943261667263 2.22843704628942 0.623903488052869 -0.00300056627963557 -0.000649120321987664 -8.57219722341971e-05
370000 0.0369817410793827 -0.17376191638309 2.22255195414733 0.623661315548582 -0.00312929973768774 -0.000547582242744299 -0.000730649826902217
370100 0.0369917386767184 -0.170600500217182 2.21640652548626 0.622922641938273 -0.00328951412493758 -0.000194607166027222 -0.00056789373797293
370200 0.0370017362740544 -0.168047297095184 2.21038336043576 0.621944397342115 -0.00314687935650677 -0.000292297940983225 0.000172595332037154
370300 0.0370117338713903 -0.165307929656967 2.20411698878938 0.621291813647457 -0.00283496062902627 -0.000421540941020358 0.000172336273924205
370400 0.0370217314687263 -0.16272643524714 2.19804873139452 0.620306614438754 -0.0029951649016633 -0.000648520322051896 -0.000539010752684374
370500 0.0370317290660621 -0.159929031437719 2.19172069994783 0.619479554255371 -0.00338814225013507 -0.000571055184859009 -0.00075405696245868
370600 0.037041726663398 -0.156957927256431 2.18562745311067 0.618823204045493 -0.00332962697005314 -0.000299458475955254 -0.000215041228006339
370700 0.037051724260734 -0.154325893957882 2.17941167219341 0.617921274345876 -0.00296125836122259 -0.000368844842661244 0.000219719093640076
370800 0.0370617218580699 -0.151492574558625 2.17301508854472 0.617060485832732 -0.00304254586535373 -0.000607022960315958 -0.000277086461725846
370900 0.0370717194554057 -0.149142683391897 2.16660063123924 0.616065526177834 -0.00323653011496033 -0.00078507220461905 -0.000627010236562538
371000 0.0370817170527416 -0.146449800602935 2.16014910778715 0.614989899472664 -0.00338269425467643 -0.000334497386221714 -0.000478162078618494
371100 0.0370917146500776 -0.144146304422916 2.1532250537818 0.613913486213792 -0.0030547599874056 -0.000222927039504299 -8.43515504661184e-05
371200 0.0371017122474135 -0.141543566273599 2.14671247803025 0.61292543990962 -0.00300452111094874 -0.000389600251872019 -0.000198791394241651
371300 0.0371117098447493 -0.139345588471857 2.140149700675 0.611828661239554 -0.00329638672645231 -0.000834200106452669 -0.000550390759042004
371400 0.0371217074420853 -0.136817861858356 2.13336065015545 0.610726693960578 -0.00344336557231469 -0.000738829834934597 -0.000381587038793209
371500 0.0371317050394212 -0.134378059981702 2.12674452362495 0.609619209636427 -0.00336801606794597 -0.000400525363179213 -0.000265381976263545
371600 0.0371417026367572 -0.132097644771389 2.11987320094585 0.608426824695171 -0.00312320797987729 -0.000316868342046318 -0.000302137763011552
371700 0.0371517002340929 -0.129772459034687 2.11309436532243 0.607381295772778 -0.00298174962650444 -0.000777201047212203 -0.000441915302265921
371800 0.0371616978314289 -0.127461857903002 2.10601981213322 0.606076565317655 -0.00337841735032536 -0.000762441758572211 -0.000217076717346426
371900 0.0371716954287648 -0.12552689337229 2.09896234329072 0.604640398267242 -0.00351392088937632 -0.000534008074972146 -9.56297433250239e-05
372000 0.0371816930261008 -0.123647683704133 2.09214408911135 0.603122518819348 -0.0032447713743084 -0.00022008116372981 -0.000445968226918584
372100 0.0371916906234366 -0.1215348608223 2.08496006559015 0.601821112837163 -0.00304324315909015 -0.000383627907471682 -0.000623239326661086
372200 0.0372016882207725 -0.119817407545876 2.07783966622159 0.600394134270616 -0.00317325299161866 -0.000601367122605172 -0.000380832469129025
372300 0.0372116858181085 -0.118329408973351 2.07056198692524 0.598615329040195 -0.00337181564765579 -0.000644150387793136 -0.000109562307040676
372400 0.0372216834154444 -0.116609512661509 2.06323809462595 0.597360350886159 -0.00333858991382001 -0.000631920791657881 -9.05770064425096e-05
372500 0.0372316810127802 -0.115319788579458 2.05565655158403 0.59538728047383 -0.00300980351807389 -0.00029711969254252 -0.00061038039018685
372600 0.0372416786101161 -0.113602094808935 2.04818259372777 0.59395422117917 -0.00289840359412619 -0.000263817083638427 -0.000953176884871257
372700 0.0372516762074521 -0.112303884889168 2.04077713483841 0.592380171621594 -0.00320928330796291 -0.000468713414459896 -0.000261071518146519
372800 0.037261673804788 -0.110999994064165 2.0333599930417 0.59047404082 -0.00328028229891246 -0.000824888033976677 0.000380964916139317
372900 0.0372716714021238 -0.110215102252442 2.0253672130473 0.588386653357051 -0.00312867311214737 -0.000685383724947397 -0.000119957145361379
373000 0.0372816689994598 -0.109029722503379 2.01778097607153 0.586490771464939 -0.00293876205873715 -0.000231835015086214 -0.000840198784699455
373100 0.0372916665967957 -0.107625833360256 2.01014356072945 0.584835514046681 -0.00319796845614836 -0.000436236495243911 -0.00055722778696105
373200 0.0373016641941317 -0.106648392627836 2.00250296124239 0.583043433978554 -0.00313967719108932 -0.000820514864448479 0.00013318474053658
373300 0.0373116617914674 -0.105759371075526 1.99483599699934 0.581011440030312 -0.00315402481842841 -0.000854911730302404 0.000235191553737251
373400 0.0373216593888034 -0.104850923696115 1.98689894767061 0.578998821156804 -0.00289847230230192 -0.000361299529357378 -0.000502373587731261
373500 0.0373316569861393 -0.103974688764279 1.97921906164401 0.57692116287696 -0.00292994579736905 -0.000211281625120606 -0.000932728417734607
373600 0.0373416545834753 -0.103042784148462 1.97131364136122 0.574934056324558 -0.00325564777396053 -0.00062009949487253 -0.000352883823335536
373700 0.0373516521808111 -0.102503474055224 1.96306655249636 0.572690563381614 -0.00319062321205183 -0.000860348250660175 9.95489934314854e-05
373800 0.037361649778147 -0.101882908634539 1.95495390748813 0.570638296572459 -0.0029116115862889 -0.000517415490747406 -7.75114045338221e-05
373900 0.037371647375483 -0.101132255566996 1.94693777346968 0.568499121912386 -0.00277057389610176 -0.00030604504877038 -0.00064736998195682
374000 0.0373816449728189 -0.101115558757367 1.93852284796073 0.565991023279207 -0.00290456386368784 -0.000503391402892104 -0.00071204491392611
374100 0.0373916425701547 -0.100322337728526 1.93080165290654 0.56391426586747 -0.00313099935583158 -0.000865010895936325 -0.000195432776009738
374200 0.0374016401674906 -0.100304696239834 1.92218380305006 0.561389193312969 -0.00312082509672855 -0.000784814281325759 3.76498305608464e-05
374300 0.0374116377648266 -0.100247925860625 1.91362445753283 0.558921638873787 -0.00285265312811481 -0.000383880204576287 -0.000478176023577806
374400 0.0374216353621625 -0.0998836370606438 1.90505769932768 0.556513454330337 -0.00270639114975411 -0.000543785363205432 -0.000742200204855309
374500 0.0374316329594983 -0.099580568593253 1.89680684531418 0.554178365691374 -0.00277409900808843 -0.000700577348098645 -0.000416419644954946
374600 0.0374416305568343 -0.0994115005216923 1.88841227396426 0.551828641114636 -0.00267930879312117 -0.000779415988210844 -1.9148924271409e-05
374700 0.0374516281541702 -0.0996434102747806 1.87980692379504 0.549193980058517 -0.00268355785753144 -0.000476937301577681 -0.000403868779405873
374800 0.0374616257515061 -0.0996567286183138 1.87107240774756 0.546479509985936 -0.00262128273267334 -0.000519098833790336 -0.000703246122437037
374900 0.0374716233488419 -0.0993517964071716 1.86270323759407 0.54393143646477 -0.00265019204039706 -0.000726013745771806 -0.000724219690827752
375000 0.0374816209461779 -0.0994771326498515 1.85405381411256 0.541445467413767 -0.00281639928681054 -0.000601218310549658 -0.00011071973175715
375100 0.0374916185435138 -0.0994916340215321 1.84555263186171 0.538911578101291 -0.00290287973970385 -0.000584784734233577 -0.000174440396667203
375200 0.0375016161408498 -0.0997344364014346 1.83671964620108 0.53618867583788 -0.00272534730852083 -0.000529894928666389 -0.000769574119812901
375300 0.0375116137381856 -0.0998114343590494 1.82774727476546 0.533749359283213 -0.00275692561056607 -0.000676650626458765 -0.000641933920912081
375400 0.0375216113355215 -0.10007648160709 1.81860893698169 0.530817871882246 -0.00278902340632637 -0.000663867325706435 -0.000232645237487157
375500 0.0375316089328575 -0.100421356344657 1.80941687496873 0.527887763902003 -0.00274361708495027 -0.000601950427339276 2.69617573262613e-05
375600 0.0375416065301934 -0.10051374860507 1.80045656849657 0.525250296626408 -0.0027758260439094 -0.000803309224416145 -0.00043274407044258
375700 0.0375516041275292 -0.10063885631769 1.79120987444271 0.522206091212031 -0.00276788549164074 -0.000848813818914237 -0.000776413817789593
375800 0.0375616017248651 -0.100447691244054 1.78249091291542 0.519880695620546 -0.00275576459226338 -0.000596714486289017 -0.000499719251863911
375900 0.0375715993222011 -0.100548024873047 1.7733096693531 0.516930699775222 -0.00292807325652108 -0.000486160950612103 -1.90841374832907e-05
376000 0.037581596919537 -0.100472043847033 1.76444676254219 0.514567741978834 -0.00289601669442292 -0.000646990937975253 -0.00012336070472475
376100 0.0375915945168728 -0.1004835087179 1.7554251475618 0.51181564390103 -0.00287793621470656 -0.000844583820788807 -0.000464772679656408
376200 0.0376015921142087 -0.100346908191625 1.74664658687477 0.509222970845255 -0.0028232793373993 -0.000407384951196891 -0.000776856646112272
376300 0.0376115897115447 -0.100397231139767 1.73735944573495 0.506530733427853 -0.00279147762511719 3.70281720597288e-05 -0.000333146160602992
376400 0.0376215873088806 -0.100263695217006 1.72852809410441 0.504022256513198 -0.0027201257792121 -0.000245330140383419 -6.15054283345376e-05
376500 0.0376315849062164 -0.100170093874874 1.71925502866169 0.501072328810048 -0.00273877925373775 -0.000721554535387161 -0.000369056463471475
376600 0.0376415825035524 -0.100263029200678 1.71008044770501 0.498434145093021 -0.002626914403955 -0.000378069318840527 -0.000710548619428561
376700 0.0376515801008883 -0.10013073409782 1.70054211038786 0.495672388511193 -0.00258567146148001 2.91826746129218e-05 -0.00059162887940146
376800 0.0376615776982243 -0.100052781091072 1.69126204711727 0.493010222857292 -0.00252357856963718 -0.000288821149393354 -0.000337733171981419
376900 0.0376715752955601 -0.100208953175764 1.68165208852223 0.490033327928325 -0.00262899091724573 -0.000555400050241163 -0.00043193562321137
377000 0.037681572892896 -0.100080782947913 1.67225902254595 0.487184455265543 -0.00245936678689572 -0.000637470513345169 -0.000704001158080044
377100 0.0376915704902319 -0.100134464888338 1.66275297364711 0.484427947439995 -0.00242823942149791 -5.41681131807885e-05 -0.000629969083036773
377200 0.0377016680635411 -0.0999365136337273 1.65362519899259 0.481815522673479 -0.00231425096469209 0.000104603081729464 -0.000432008478721354
377300 0.037711665660877 -0.0998942026272243 1.64409130553056 0.478993225854115 -0.00232838968121817 -0.000396355944142691 -0.000429345196974688
377400 0.037721663258213 -0.0997015985123911 1.63471665862029 0.476333866502536 -0.0022490837345838 -0.000560624140777013 -0.000762052111538681
377500 0.0377316608555489 -0.099656073037467 1.62509214977606 0.473359635288612 -0.00237358823145428 -0.000167720823297864 -0.000742695357583022
377600 0.0377416584528847 -0.0999081697257292 1.61531523896493 0.470270536414653 -0.00213567364001918 1.79357402386344e-05 -0.000506349993359507
377700 0.0377516560502207 -0.0994570590848797 1.60596694818704 0.467768318955586 -0.00225503982964439 -0.000246539275281375 -0.000374481701846334
377800 0.0377616536475566 -0.0995083960835217 1.59600440621197 0.464618650214257 -0.00218792798962289 -0.000554235231746872 -0.000572225353820838
377900 0.0377716512448926 -0.0993600429546533 1.58602634018326 0.46184733538364 -0.0022616103357242 -0.000250983934241048 -0.000616163054823395
378000 0.0377816488422283 -0.0994519204220587 1.57604432531116 0.458913035784466 -0.00214913676496587 -3.756585491213e-05 -0.000470480600272657
378100 0.0377916464395643 -0.0995425287424338 1.56575164756973 0.455569752099918 -0.00229739461951051 -0.000301183887065853 -0.000333702300044037
378200 0.0378016440369002 -0.0993873817266217 1.55552224305045 0.452722224118763 -0.00213424018516203 -0.000372541854556161 -0.000328504363294857
378300 0.0378116416342362 -0.099224311624896 1.54517281865724 0.449795761701685 -0.00215810363281994 -0.000344032458061676 -0.000431904192116782
378400 0.037821639231572 -0.0990629566845559 1.53478088992239 0.446801833371093 -0.00227442026539792 -0.000230835993531189 -0.000382602953345766
378500 0.0378316368289079 -0.098647656487073 1.52445344126685 0.44388178278627 -0.00222287325727077 -0.000383931636603445 -0.000340335249042939
378600 0.0378416344262439 -0.0978615379397223 1.51446043150555 0.441261293606951 -0.0022611056548966 -0.000418230433691914 -0.000278126975970632
378700 0.0378516320235798 -0.0966614380935802 1.50465962718538 0.438790080143524 -0.0022248254576431 -0.000357614537088514 -0.000188567032060714
378800 0.0378616296209156 -0.0951150060377354 1.49478153965064 0.436448840750868 -0.00226695994640392 -0.000294746623042541 -0.000148280215826117
378900 0.0378716272182515 -0.0932482040014992 1.48563019081103 0.434523497794663 -0.00241516575019105 -0.000625491057391162 -0.000325324338421191
379000 0.0378816248155875 -0.0907816609493725 1.47663013230875 0.432834479596315 -0.0024797145166626 -0.000611936700548454 -0.00054191379799502
379100 0.0378916224129234 -0.0880289321640216 1.46765703364875 0.431066179655406 -0.00230280727026143 -0.000265186895736513 -0.000381724324346297
379200 0.0379016200102592 -0.0853070155665721 1.45873049492384 0.429372525861241 -0.00217383532501503 -0.00015441779565516 4.10934568188127e-06
379300 0.0379116176075952 -0.0825029968120641 1.44978081499308 0.427929304518708 -0.00233572296337776 -0.000597064488129161 -0.000178610679546877
379400 0.0379216152049311 -0.0801026441032296 1.44078606808805 0.426283836550608 -0.00258245604765091 -0.000709568542563303 -0.000617706235435121
379500 0.0379316128022671 -0.0776895519625158 1.43192970184359 0.424453868605539 -0.00266071066259934 -0.000312887631122124 -0.000725245404209798
379600 0.0379416103996028 -0.0754419772648918 1.42284862193915 0.422611737979011 -0.00217898262667657 -2.61803280406346e-05 -0.000429399276554869
379700 0.0379516079969388 -0.0733865685133242 1.41347585963146 0.420606685172655 -0.00222464670485336 -0.000426273025271773 -0.000163273603587343
379800 0.0379616055942747 -0.0711738549210882 1.40461463530982 0.418781597875384 -0.00238163244731191 -0.000743271300259804 -0.000302774392353725
379900 0.0379716031916107 -0.0685512877464014 1.39587235871885 0.417244172357366 -0.00257174341663067 -0.000356095708419761 -0.000673760929321095
380000 0.0379816007889465 -0.0657384790302873 1.38708709740554 0.415717683459199 -0.00238843453736515 5.49178539038225e-05 -0.000737377267248698
380100 0.0379915983862824 -0.0633367714644518 1.37838017984835 0.414056751176217 -0.00206670923596333 -0.000258023842641333 -0.000364203532779383
380200 0.0380015959836184 -0.0612174255144169 1.36936276035221 0.412166928206024 -0.00205256309304949 -0.000559286677548309 -0.000115302074796937
380300 0.0380115935809543 -0.0594573233856127 1.3600201348224 0.410000276683149 -0.00242961766413108 -0.00031801034622583 -0.000209994196028197
380400 0.0380215911782901 -0.057425663448122 1.3511451353015 0.408129062128157 -0.00254344114776251 5.88526236381609e-06 -0.000423474424512257
380500 0.0380316887515994 -0.0553756127639473 1.3420729791186 0.406064013713423 -0.00223770576899399 4.75501859405524e-05 -0.00047113221655818
380600 0.0380418863008821 -0.0528956625668504 1.33341594527108 0.404530846665808 -0.00200517382827542 -0.000541671260856385 -0.000436806775859229
380700 0.0380517839222447 -0.0504420993047446 1.32487359000941 0.402876299438836 -0.00222919001015761 -0.000579757347473066 -0.000191699078976763
380800 0.0380613816156871 -0.0480745841209306 1.31586240475924 0.400917601211939 -0.00244982233479261 -0.000153068518224665 -0.000299978098792833
380900 0.0380715791649697 -0.0458642988043481 1.30712909668352 0.399132668952469 -0.00240222387789668 0.000164168096084265 -0.000490026132106948
381000 0.0380815767623056 -0.0436671102261972 1.29828856976394 0.397335866905228 -0.00204042146485583 -0.000133787706755776 -0.000519646358496786
381100 0.0380918742875617 -0.0412488080769131 1.28973657266142 0.395695902439705 -0.00180849753767936 -0.000621608993336729 -0.000444143816297061
381200 0.0381013720050308 -0.0385205484551705 1.28130976356848 0.394191867919742 -0.00203539231237754 -0.00046481998045791 -0.000446218990569986
381300 0.0381113696023665 -0.0356852876781722 1.27291251563874 0.392640429005669 -0.00222538204136657 0.000106776823089911 -0.000400137381877328
381400 0.038121767103596 -0.0332901411497703 1.26424786654928 0.390918308621959 -0.00213062678716306 -9.82720183903731e-06 -0.000333043516418006
381500 0.0381315647489852 -0.0307527977413584 1.25553475672955 0.389216167223792 -0.00175039026303436 -0.00049100335101397 -0.000479258439597962
381600 0.0381414623703478 -0.028267884399239 1.24715115498303 0.387597799991285 -0.00169666286572486 -0.000709530955567061 -0.000687170529944647
381700 0.0381514599676835 -0.0256172748009894 1.23859730226678 0.386006925685077 -0.00176491801507834 -0.000338257367817282 -0.00049641051532944
381800 0.0381616575169662 -0.0228403189947503 1.23019840875071 0.384425071094828 -0.00186068517667046 -1.58427363505399e-05 -0.000186465466749021
381900 0.0381718550662489 -0.0204001448393765 1.22154592955433 0.382721331446868 -0.00172472070290696 -0.000286195915899477 -0.00021738553301408
382000 0.0381818526635847 -0.0179580536755484 1.21303249897132 0.381021868473707 -0.00150744606866221 -0.00054340591415941 -0.000501408796806286
382100 0.0381915503330005 -0.0153948250678725 1.20451180135985 0.379263062788718 -0.00144682964581741 -0.000485893102005034 -0.000678888680919424
382200 0.0382016479063099 -0.0129743260311104 1.19588739899871 0.377513319768163 -0.00140998047705872 -0.000120363556869282 -0.00051474953222501
382300 0.0382113455757257 -0.0104414857267789 1.18743255960974 0.375890190479415 -0.00142304375114405 5.8896404906134e-06 -0.000134122572772329
382400 0.0382215431250082 -0.00820788483805585 1.17869683127295 0.374049323854345 -0.00141421754645119 -0.000302314858761416 -0.000402561163272561
382500 0.0382313407703974 -0.00591363626336082 1.17006227603954 0.372231984275431 -0.00131784590656024 -0.000507784855845855 -0.000764909712793604
382600 0.0382418382476002 -0.00333305257304315 1.16162027797598 0.370661838737215 -0.00121985281418994 -0.000334047845393421 -0.000744280790500829
382700 0.0382518358449362 -0.000921267957976306 1.15303344332861 0.368951040047401 -0.00124011285888429 -6.41288481708024e-05 -0.00036277946015619
382800 0.0382615335143518 0.00121377660376256 1.14431347466847 0.367013421754243 -0.00128754215977879 -8.12330755793759e-06 -0.000127803446933602
382900 0.0382716310876611 0.00321431403160153 1.13554565020037 0.36501240873461 -0.00125247293182908 -0.000238494518828339 -0.000228638396260923
383000 0.0382814287330504 0.00552374975744858 1.12690748717464 0.363259442016131 -0.0011007076206881 -0.000447105177583387 -0.000769104580622959
383100 0.038291626282333 0.00769009188976439 1.11822361785175 0.361360862761632 -0.001018212832409 -0.000149398296883869 -0.000757649182428687
383200 0.0383013239517489 0.00960577014196805 1.10957164685527 0.359528016127478 -0.000894707257568871 6.22414586151488e-05 -0.00012391427785572
383300 0.0383115215010314 0.0114581393948572 1.10073218805696 0.3574139057464 -0.000899497543626064 -9.67498571337956e-05 -8.61478413885166e-05
383400 0.0383216190743407 0.0133236090483268 1.09188643625033 0.355389995405665 -0.000852090873528437 -0.0002582187396375 -0.000569330358297243
383500 0.0383315166957033 0.0152235514224665 1.08326009277899 0.353448327924586 -0.000792839643908952 -0.000388613454897443 -0.000836384027479102
383600 0.0383415142930391 0.0170496146663604 1.07455356805216 0.351472958493874 -0.00070707312952966 -0.00013263477530562 -0.000542990031420862
383700 0.0383516118663484 0.0186761980331779 1.06573375313505 0.34930587330207 -0.00069155801180703 -7.73365097035807e-06 -4.00357007933244e-05
383800 0.0383612095597909 0.0205005183439494 1.05699783991373 0.347345098325869 -0.0007211766814728 -8.08323153272006e-05 -0.000196563720488915
383900 0.0383717070369937 0.0222281607202472 1.04824076522626 0.345219096989015 -0.000759898174920437 -0.000361584770402678 -0.000638022160047402
384000 0.0383816046583561 0.0235008823101745 1.03927837903582 0.342921612145213 -0.000647161411346503 -0.000334217444846666 -0.000739818194759588
384100 0.0383915022797187 0.0248693855450256 1.03043842397783 0.340734644612883 -0.000588628938158091 -8.18660915605457e-05 -0.000279586391406038
384200 0.0384014998770546 0.0261689720179486 1.02142456179927 0.338487681629767 -0.000558729837113764 6.4106417159953e-05 -4.75883502521421e-05
384300 0.0384112975224438 0.0275072975411643 1.01250723037345 0.336212251337273 -0.000701239881403965 -0.000129742515503428 -0.000456823580526744
384400 0.0384212951197798 0.0285433230432086 1.00355307742279 0.333828008497435 -0.000878132674271531 -0.000444534143675795 -0.000873583158672443
384500 0.0384314926690623 0.0296791294078759 0.994585077837014 0.331500703770088 -0.000813130917609865 -0.000385315434481586 -0.000539718460441514
384600 0.0384417901943183 0.0307816259269521 0.985665309356919 0.329150625899236 -0.000755256032559398 -7.22970198666342e-05 -7.8739791436681e-05
384700 0.0384512879117874 0.0319734858861405 0.976697477918965 0.32678521063515 -0.000829287974266685 1.69039430998845e-05 -0.000198709285574246
384800 0.0384616854130167 0.0329180566632342 0.967659032974464 0.324288648274842 -0.00108828465613937 -0.000290423212464984 -0.000709149780855644
384900 0.0384713830824325 0.0339235032130682 0.958694295301697 0.321921098466244 -0.00113516369918334 -0.000459580169292746 -0.00075952597075336
385000 0.038481780583662 0.0346498883644586 0.94964177830051 0.319368231627084 -0.00108637071874678 -0.000298992470723068 -0.000256093368437319
385100 0.0384917781809979 0.0352348649263851 0.940500534545029 0.316772568809238 -0.00101019254440983 5.94617320962041e-05 -0.000119016857457621
385200 0.0385017757783337 0.0358825603961561 0.931357233500477 0.314140900963867 -0.00106783129448814 -3.00308855342614e-06 -0.000500700656341699
385300 0.0385117733756696 0.0365639594465181 0.922386203943088 0.311589819591662 -0.00131925405066057 -0.000369035821688199 -0.000786597131387763
385400 0.0385216709970322 0.0369918769510267 0.913216942226777 0.30890683335326 -0.00132245572729878 -0.00040837775894027 -0.000526959064766651
385500 0.0385317685703415 0.0375639275024215 0.904289499109591 0.306423790538355 -0.00113768701834382 -0.000102304025433008 -7.47331119941817e-05
385600 0.0385417661676773 0.038149692925846 0.89530847998281 0.303838705305462 -0.00110301504514821 0.000125855944348152 -0.000234846897947617
385700 0.0385517637650133 0.0385872400602113 0.886287083313084 0.301151367869214 -0.00114176430118666 -0.000183302418434563 -0.000723390464977916
385800 0.0385617613623492 0.0390253110484421 0.877231003997329 0.298552521091688 -0.00134781269262615 -0.000542986892155698 -0.000599643735161389
385900 0.038571459031765 0.0393073660806823 0.868089965624798 0.295877768851707 -0.00121232420018677 -0.000385881903637445 -0.000276487384889362
386000 0.0385816565810476 0.0395577180808127 0.858986697405811 0.293134639683557 -0.000997444051039042 -0.000103675258418084 -0.000162267343956183
386100 0.0385914542264368 0.0397892362889776 0.849873225986254 0.290371067431691 -0.000961774953211523 -5.04286561730791e-05 -0.000434240950857277
386200 0.0386011518958526 0.0402370984164507 0.840866157095257 0.287792563214208 -0.00114965099688035 -0.000353334037338859 -0.00075612885993589
386300 0.0386112494691619 0.0405792082107935 0.831881303664866 0.285123433908793 -0.00129220386949613 -0.000484279125548332 -0.000451659427106284
386400 0.0386215469944178 0.0408396313650714 0.822880757935103 0.282370848714865 -0.00112102768426299 -0.000210251150916203 -0.000142002654226716
386500 0.0386314446157804 0.0411799351710287 0.813775281745939 0.279633218508825 -0.000837700917085621 -8.42742241850027e-05 -0.000312493962662532
386600 0.0386417421410365 0.0414932107888616 0.804797196659836 0.276980331736297 -0.000866586956549741 -0.000169414729622956 -0.000700628488865225
386700 0.0386513398344789 0.0417906803223409 0.795698645658554 0.274225489642524 -0.001106976220886 -0.00042908436280895 -0.00062822945128762
386800 0.0386616373597348 0.0421451839377931 0.786793757359869 0.271622004752049 -0.0011486613994747 -0.000366174540467421 -0.000290123651354278
386900 0.038671435005124 0.0425906732923138 0.777888645642922 0.26896102336907 -0.000906707728180324 -5.46530278880546e-05 -0.000258248258083877
387000 0.0386811326745399 0.0427918954632244 0.768793574227661 0.266177856120908 -0.000731019591353111 -8.3128294438322e-05 -0.000543590374307789
387100 0.038691730127716 0.0429534764653792 0.75974458571613 0.263471164272604 -0.000864192965914427 -0.000258983411196336 -0.000698153674500956
387200 0.0387016277490784 0.0432567010521999 0.750756202368814 0.260709660009624 -0.00111022322452605 -0.000330184213040428 -0.000472873554289624
387300 0.0387114253944676 0.0434059676405534 0.741629616931916 0.257913617099681 -0.000960317692528816 -0.000183818006776425 -0.000255220054798321
387400 0.0387213230158302 0.0437154684131232 0.732659672777906 0.255178825439961 -0.000654728678409021 6.21305965191578e-05 -0.00046496640622088
387500 0.0387317205170596 0.0440283519148306 0.723652189239798 0.252439202965579 -0.000618635831984005 -0.000110100271167464 -0.00059768565652292
387600 0.0387415181624487 0.0442834144970415 0.714645200622282 0.249692276134876 -0.0009698300840866 -0.000255519189530938 -0.000692333959268409
387700 0.0387512158318645 0.0446678779247615 0.705727847317015 0.247008700576958 -0.00110387179751661 -0.000233577993757381 -0.000364892018936251
387800 0.0387614133811472 0.0449836335556912 0.696782559882214 0.244366968579314 -0.000744538443118502 0.000111559470740058 -0.000219476619544611
387900 0.0387712110265364 0.045323506115366 0.687826284778444 0.241582789495161 -0.000486137575141343 0.000219716588816739 -0.000539151274979595
388000 0.0387815085517923 0.045766733933358 0.678901885065136 0.238906279547069 -0.00073200784385683 -0.000115260160815454 -0.000627756319874257
388100 0.0387915061491283 0.0462097645522695 0.670146968267052 0.236324736510927 -0.00108909053482999 -0.000365445252713359 -0.000441760658119287
388200 0.0388014037704908 0.0466098721210434 0.661303905650155 0.233654642815479 -0.000891387061702103 -8.2826727212527e-05 -0.000265038524622961
388300 0.0388115013438002 0.0472876588363043 0.65253565804967 0.231117949824493 -0.00054070077661015 0.000238796327998212 -0.000262298033150003
388400 0.0388213989651626 0.0480410879083792 0.643870172377858 0.228640196371745 -0.000595603380045486 0.000123711814817385 -0.000510152997176149
388500 0.0388312965865251 0.0489184939230994 0.635248554760142 0.226194316541991 -0.000977908592840917 -0.000350569173074716 -0.000624358459933136
388600 0.0388416940877546 0.0500468896198562 0.626833887386278 0.223931678084351 -0.00109486555931573 -0.00040610364653748 -0.000339846688993278
388700 0.0388516916850905 0.0513565040691254 0.618480450576893 0.22181757539395 -0.000753630444773153 3.94233400824183e-05 -0.000157751372213284
388800 0.0388615893064529 0.0529432658988896 0.610307096321394 0.21977913507443 -0.000590145651598535 0.000218376529202981 -0.000453580193764003
388900 0.0388714869278155 0.0546599109204997 0.602256184954379 0.217780704141437 -0.000933219466175519 -4.98025559969716e-05 -0.000712199872515957
389000 0.0388811845972313 0.0566562296348836 0.594366175535748 0.21593526091947 -0.00121329024077461 -0.000511733073201467 -0.000602817835057258
389100 0.038891382146514 0.0588882552348111 0.586626080777483 0.214327794267473 -0.000983950920045342 -0.000334950326308789 -0.000235005984386567
389200 0.0389013797438498 0.0611642792287394 0.579107349384576 0.2126839780302 -0.000599451042941863 0.000193409172758132 -0.000291610545330723
389300 0.0389112773652124 0.06360160064596 0.571753828058926 0.211242302377209 -0.000679059704317978 0.000260571716015305 -0.000641408710806969
389400 0.038921174986575 0.0658171589997404 0.564256363331425 0.209647320718213 -0.00100189987987112 -0.000354364229203701 -0.000743605758598226
389500 0.0389313725358577 0.0679829473590922 0.556694776079801 0.20799072750797 -0.000979720351072006 -0.000506109851753239 -0.00042107625286277
389600 0.0389415700851402 0.0698695391185229 0.548986917563991 0.206201976655929 -0.000554794194145155 -2.78185223471067e-05 -0.000199716384667367
389700 0.0389516676584495 0.0717089053478262 0.541096657883882 0.204361262047039 -0.000428247309632307 0.000413814575996636 -0.000436671828658753
389800 0.0389610653999452 0.0735973824735235 0.533262143545096 0.202506692125572 -0.000730953893968616 3.59721111314484e-05 -0.000809955478962501
389900 0.0389712629492279 0.0755039307289787 0.525453839169439 0.20069771443056 -0.000785157502760085 -0.000493492583940764 -0.000620692979880228
390000 0.0389815604744838 0.0776188209312396 0.517717153110917 0.19893346963881 -0.000437252735414052 -0.000311078566502111 -0.00017079270272313
390100 0.038991358119873 0.0797179236895877 0.509960802694076 0.197246442276959 -0.000178868780959985 0.000239189223147722 -0.000249233604805165
390200 0.039001355717209 0.0814817765828349 0.50204461048993 0.19531414555265 -0.000397543747184581 0.000384728763860845 -0.000718905978005323
390300 0.0390112533385715 0.0831384177325275 0.494185560044677 0.193365923082267 -0.000593022628288979 -0.000304616426011686 -0.000792725190262644
390400 0.0390213509118807 0.0847078980306879 0.486199819363033 0.191364136029897 -0.000439095311183939 -0.000563187487998698 -0.000234297388906711
390500 0.0390316484371367 0.0863054043479272 0.478238690813029 0.189410470677742 -0.00016912746142282 -6.11432731139716e-05 -0.000166850670483463
390600 0.0390412461305792 0.0880757893470936 0.470190362220662 0.187439603177658 -0.000251390631155027 0.000431496025209882 -0.000694549336139988
390700 0.0390512437279152 0.0898059846131326 0.462154058578539 0.185469811448463 -0.000460665837246217 0.000150723100303324 -0.000856265176976628
390800 0.0390612413252511 0.0914535236932657 0.454111908066499 0.183467623306553 -0.000421213943328162 -0.000493249850829231 -0.000383054561140018
390900 0.0390716388264804 0.0930209023647646 0.44598226585846 0.181395827586305 -0.000263437086896166 -0.000348637399804781 -8.11054784257556e-05
391000 0.0390814364718696 0.094449889529423 0.437780309745607 0.179257698377374 -0.000250610617540775 0.000288049135523454 -0.000424851771469463
391100 0.0390911341412854 0.0959772944716896 0.429624430490389 0.177184490929989 -0.000439774641525627 0.000408390111352762 -0.000906654131382896
391200 0.0391015316425147 0.0974470095670602 0.421437488140439 0.175072949183986 -0.000397256906469089 -0.000165878926095059 -0.000575412388652055
391300 0.0391115292398506 0.0989450399882746 0.413328705872547 0.172950738200335 -0.000194022483117314 -0.000464799287321459 -5.04406105505588e-05
391400 0.0391212269092665 0.100355131597147 0.405103767028582 0.170828860710913 -0.000185160895318092 -1.72293042979278e-05 -0.000227862348935828
391500 0.0391314244585491 0.10162604245402 0.396867278869714 0.168611677532811 -0.000391091484820348 0.000454906344162896 -0.000757380104629224
391600 0.0391410221519916 0.102963701906967 0.388574228219511 0.166415177450348 -0.000377780417859689 0.000203957885061349 -0.000692412947716131
391700 0.0391516196051676 0.104249774921501 0.380426395346832 0.16422272328283 -0.000169638490511278 -0.00031834806024888 -0.000250935634244456
391800 0.0391615172265302 0.105636241978689 0.372195351990134 0.162075538641313 -0.000128358633725909 -0.000337945979165416 -0.000137022981115577
391900 0.0391716147998395 0.106790411770495 0.363880230473046 0.159751808352252 -0.000345397713897859 0.000227399465153251 -0.000648686790137044
392000 0.0391816123971753 0.107915200748908 0.355500318105188 0.157461124845802 -0.000392023332009961 0.000352114747913501 -0.000923586461017488
392100 0.0391913100665911 0.109079958324165 0.347236688171668 0.155188498217288 -0.000147469684071792 -0.000111772207650023 -0.000548096421588575
392200 0.0392012076879537 0.110310500422809 0.338918200847198 0.152909829709387 -3.72989369432601e-05 -0.000502805564382702 -0.000281152977168972
392300 0.0392110053333429 0.111501357243695 0.330623215675969 0.150606446154088 -0.000281631889595643 -0.000224139410983166 -0.000388497460379683
392400 0.0392214028345722 0.11256037459776 0.322328555060262 0.148288660185513 -0.000471026736314383 0.00025056252775109 -0.000732758367220405
392500 0.0392314004319081 0.113642521639893 0.314026802912713 0.145970034430878 -0.000239571346933764 0.000211001619200757 -0.000862854182919416
392600 0.0392413980292441 0.114795112092118 0.30584042506422 0.143734018440049 -2.43945009482925e-05 -0.000242344204113597 -0.000461815202674237
392700 0.0392510956986599 0.115901108114964 0.297691048552367 0.141463083762243 -0.000146763218830761 -0.000316248283195292 -0.000180391838741853
392800 0.0392610932959959 0.116824176533498 0.289476008406939 0.13909727205709 -0.000359813960874512 2.48015895544483e-05 -0.000486322645591872
392900 0.039271190869305 0.117773130588548 0.281247427811811 0.136724730735428 -0.000170695290687091 0.000429543320980191 -0.000880635858480671
393000 0.0392815883705344 0.118706309996893 0.272957368027674 0.134399230745835 0.000176587077524961 0.000245934902920187 -0.000775936016414526
393100 0.0392913860159236 0.119523525534142 0.26467330074536 0.132008848702724 0.000137959484978425 -0.000179448787184187 -0.00031027141729044
393200 0.0393014835892328 0.120206145949597 0.256215266318341 0.129493734576912 -0.000124011003227256 -0.000142296207967773 -0.000101877199030831
393300 0.0393114811865687 0.120769321969568 0.247643267804962 0.126895193603389 -0.0001007095611083 0.000260852717031783 -0.000539796907629562
393400 0.0393211788559846 0.121315386333032 0.239044702207245 0.124302054143722 0.000197152443187711 0.000403515538896329 -0.00103591403353483
393500 0.039331576357214 0.121770034100425 0.23042141723617 0.121625977775009 0.000233049741768683 8.08176308750305e-05 -0.000712476463813566
393600 0.0393409740987097 0.12214323924061 0.221795130208012 0.118974132305306 -2.04670972281401e-05 -0.000268627333456359 2.43096354119145e-06
393700 0.039351371599939 0.122528433790026 0.213157811411706 0.116307742624754 -0.000122127031898379 -9.21730776158005e-05 -0.000156438243348631
393800 0.0393612692213016 0.122904675639925 0.204527690194681 0.11364297396862 8.69796708305098e-06 0.00026238411469516 -0.000825314582261058
393900 0.0393715667465576 0.123044212169275 0.195697279279513 0.110812602897332 0.000168123242825898 0.000201761963370264 -0.000948220892867714
394000 0.03938146436792 0.123230002814582 0.186960171791982 0.108064343087091 6.70139588259083e-05 -0.000223931534473286 -0.000263961372169184
394100 0.0393909620853891 0.123371231998993 0.178295060207955 0.105279831229181 -8.54549326124749e-05 -0.000331406634245182 7.64364019745691e-05
394200 0.0394010596586985 0.123353535797275 0.169370502207314 0.102367968866187 -6.21867234209715e-05 -3.83466326049316e-05 -0.000526549238184248
394300 0.0394114571599279 0.123280124543296 0.160559278907261 0.0994623105600759 -7.20790615457034e-05 0.000234881715579557 -0.00096403579996889
394400 0.0394212548053169 0.123218796039836 0.151626107581953 0.0965325882478951 -0.000137497694724904 -2.72508176875301e-05 -0.000654054588835369
394500 0.0394312524026529 0.12314580196303 0.142904759407341 0.0936458327161273 -0.000253108587754039 -0.000344293281063903 -7.90336561471123e-05
394600 0.0394413499759622 0.122964731486969 0.134077895206428 0.0906899007114347 -0.00020009826258952 -0.000246294448812277 1.55917401301899e-05
394700 0.0394512475973248 0.122858415811273 0.125303527656099 0.0877959032214 -0.000217791308480176 0.000133787790223474 -0.000638902785246409
394800 0.0394611452186873 0.122576426064596 0.116468243326673 0.08481675151998 -0.000298962747111655 0.000132698699677968 -0.000967997840257969
394900 0.0394714427439432 0.122178049518631 0.107467620928642 0.0817410474058876 -0.0003678200849168 -0.000204963973247938 -0.000353409218374829
395000 0.0394814403412792 0.121714724161232 0.0984502266702451 0.0786564145100642 -0.000234169107883374 -0.000322907397709796 8.31507312783695e-05
395100 0.0394915379145885 0.1211336032836 0.0894406527298126 0.0754816085251403 -0.00014647191543461 -2.18716549428809e-05 -0.000193213771177601
395200 0.0395014355359509 0.120527184338724 0.0803760814665675 0.0723440407712482 -0.000284306307718035 0.00018212753944981 -0.000781776201451775
395300 0.0395112331813401 0.119726692751987 0.0712507877067765 0.0690458635384104 -0.000423657278350203 -4.6809605971504e-05 -0.00076272794671989
395400 0.0395214307306228 0.118829693157311 0.0620512807102511 0.0656898354332152 -0.000265326188177218 -0.000329800504821944 -0.000309465107271124
395500 0.0395314283279588 0.117889068051082 0.0528487729624799 0.062389721415248 -0.000110859148903206 -0.00025860484106689 -3.04460674572357e-05
395600 0.0395415259012679 0.116527469217009 0.0434027880064572 0.0588147668158489 -0.000283453689776414 7.851222743366e-05 -0.000335286811006768
395700 0.0395514235226305 0.115028128199612 0.033825732806695 0.0551720623011794 -0.000478145398074057 0.000151808160188521 -0.000720665575430798
395800 0.0395609212400996 0.113281587747082 0.0241320827453781 0.0513703250907252 -0.00042471234077377 -8.42481621343414e-05 -0.000703862315515285
395900 0.0395711187893823 0.111125646575656 0.014132611942854 0.0473593744157453 -0.000155676705952728 -0.000200031421267509 -0.00021933031203423
396000 0.0395811163867182 0.108731265440742 0.00411164150968769 0.0432056271864498 -0.000141227953426293 3.18713288267337e-05 2.45916275349845e-05
396100 0.0395913139360007 0.106171834537172 -0.00593156426871911 0.0390243350399669 -0.000449016127152512 0.000259267401881114 -0.000411115815955799
396200 0.0396012115573633 0.103502022258594 -0.016022882457359 0.034819260427206 -0.000469463201275027 0.000200986321482509 -0.000943232336161498
396300 0.0396110092027525 0.10079021504532 -0.0261909644674718 0.030563345691936 -0.000131577079594573 8.80177729197168e-06 -0.000720620704399765
396400 0.0396211067760618 0.0983252084413507 -0.0361610500018255 0.0264384281737102 -7.61227136671511e-06 -2.24501848560927e-05 -0.000135973749684944
396500 0.0396310043974243 0.0958525938219142 -0.0461693629453103 0.0222783914692973 -0.000366373781599714 0.000239162948360774 -0.000138952535396866
396600 0.0396414018986537 0.093373869498543 -0.0561989206854618 0.0181383636124061 -0.000583830376918666 0.000409995120123949 -0.000710607875727496
396700 0.0396512995200163 0.0909045693025973 -0.0661494656696702 0.0140277550148539 -0.000358145872113225 0.000265598232987421 -0.00106307697285637
396800 0.0396614970692988 0.0883954812010717 -0.0763039784510914 0.00982700779924432 -0.000127979417027392 1.38902244403781e-06 -0.000569504674458957
396900 0.0396714946666347 0.0856476610204846 -0.0865369151555685 0.00550467526482488 -0.000275652604239446 9.59665269940235e-05 1.9241260472243e-05
397000 0.0396811923360506 0.0827614833003116 -0.0969458013471011 0.00108526800474613 -0.000618412024617655 0.000375526913171233 -0.00028104068494016
397100 0.0396911899333865 0.0798784020889753 -0.107280701156017 -0.00330418721514107 -0.000539560800471284 0.000479616275745795 -0.000921264535690353
397200 0.0397014874586424 0.0771547023073962 -0.117559456453344 -0.00760490031120972 -0.000223245719315179 0.000182880208900223 -0.000933938977943198
397300 0.0397112851040316 0.0745531251310537 -0.12767735598048 -0.0118801867508544 -0.000182198711237559 1.00287342733617e-05 -0.000349501136906986
397400 0.0397214826533143 0.0720160833757255 -0.137759972329882 -0.0160591937041013 -0.000482333913923557 0.000218938050196103 -7.72519159851693e-05
397500 0.03973088039481 0.0695865774602171 -0.147781282214927 -0.0201595344629722 -0.000637825380784881 0.000557121441342167 -0.000412034875573749
397600 0.0397410779440927 0.0669307150814702 -0.157947147929563 -0.0244410981157176 -0.000392600478498414 0.000423994098700881 -0.000961591812376117
397700 0.039751475445322 0.0643035602204693 -0.167966164569939 -0.0286606465919617 -0.000165783185574705 0.000142172775678243 -0.000743464446322659
397800 0.0397611731147378 0.061647279184513 -0.177952570307463 -0.0328692320013728 -0.00032370293634057 9.7011709726153e-05 -9.94119862092315e-05
397900 0.0397714706399939 0.0591324486525304 -0.187802500961794 -0.0369680431855789 -0.000556820056498426 0.00045751850291082 -6.42533822113769e-05
398000 0.0397811683094095 0.0568350607388496 -0.197549829932147 -0.0409849456520816 -0.000529485075259182 0.00068583689125417 -0.000700509863513694
398100 0.0397910659307721 0.0544740086060142 -0.207260484523096 -0.0449614657273767 -0.000323740936962768 0.000391467756992806 -0.00107041837064245
398200 0.0398012634800548 0.0520184736514753 -0.216962509568595 -0.0490371344359793 -0.000256463223611583 6.81220470497817e-05 -0.000605132240780113
398300 0.039811061125444 0.0495631867135393 -0.22652102853376 -0.053029272348779 -0.000447378367434227 0.000207293201437667 9.92189830346977e-05
398400 0.0398214586266733 0.0473084997906828 -0.236055152240175 -0.0569751687504878 -0.000614037639568668 0.000581764009509209 -0.000186183240695711
398500 0.0398309563441424 0.0451876975545713 -0.245469001556822 -0.0608143937406851 -0.000497767069645083 0.00058183403208358 -0.000937638339892569
398600 0.0398411538934251 0.0430570414559399 -0.254785520512527 -0.0645966106042128 -0.000282164404726003 0.00022243140013709 -0.00102745527745096
398700 0.0398509515388143 0.0407245988892619 -0.26430938684884 -0.0685821856618429 -0.00031932542341551 4.43515594214757e-05 -0.000353110477463428
398800 0.0398610491121236 0.0387402929316707 -0.273526254073054 -0.0723072294934594 -0.000551281089662013 0.000310051958210428 6.96680350077187e-05
398900 0.0398712466614061 0.0367149357629686 -0.282733048202444 -0.0760748463982144 -0.000626255048341417 0.000602825836990621 -0.000389849539787663
399000 0.0398812442587421 0.0348704177313245 -0.291773514180754 -0.0797119651535434 -0.000445819631889002 0.000486990107473677 -0.00101849005821073
399100 0.0398911418801046 0.0332746831462974 -0.300701279725652 -0.0832328393643472 -0.000344521911172666 0.000122835018658426 -0.000838672388222802
399200 0.0399009395254938 0.0315936306008476 -0.309722060608035 -0.086778867033472 -0.000447254220382747 4.60625906681404e-05 -3.08964265178728e-05
399300 0.0399113370267231 0.0299672811884104 -0.318625578180842 -0.0903073388176841 -0.000580511078159393 0.00038252373156918 4.56786567709865e-05
399400 0.0399208347441922 0.0284868494998559 -0.327491313363786 -0.093781102161434 -0.000538540444815436 0.000700854768221465 -0.000547962536188932
399500 0.0399312322454216 0.0272958185964136 -0.336126490319081 -0.0970949515451947 -0.000427233730112829 0.000410450240000436 -0.00093153009055597
399600 0.0399408299388641 0.0259199059608254 -0.344901798464373 -0.100490121418862 -0.000371437202428024 4.54956912438805e-05 -0.00059684719331649
399700 0.0399513274160667 0.0246888116184577 -0.353435410065757 -0.103692101805781 -0.000406417446799005 4.79076140023318e-05 -8.76831297461664e-05
399800 0.0399609251095092 0.0237323308476606 -0.361845679590401 -0.106840311953164 -0.000485758085074544 0.000443553069269444 -0.000188134307261821
399900 0.0399713226107386 0.022809277865427 -0.370004469872393 -0.109876852173153 -0.000416053104990292 0.000671341630244165 -0.000773726150265447
400000 0.0399813202080744 0.0220242545057242 -0.378412637614879 -0.113001381781152 -0.000305250569423463 0.000262730931233165 -0.000972956390955413
400100 0.039991217829437 0.0213268267963727 -0.386735239139134 -0.115976894808756 -0.000317206313850986 -0.000194120057733323 -0.000446297414819308
400200 0.0400014153787197 0.0206373213473463 -0.394946008314125 -0.118960623899447 -0.000448445800000819 1.50913266751236e-05 -0.000114281226201219
400300 0.0400110130721621 0.0201329005669626 -0.40299925051671 -0.121851936303829 -0.000521973281505018 0.000495393080167231 -0.000440280512318506
400400 0.0400211106454713 0.019628691558566 -0.410885362513311 -0.124665137327686 -0.000411536309261524 0.000555843521106742 -0.00094985891642203
400500 0.040031308194754 0.019222755215107 -0.418724383397573 -0.127427160060381 -0.000320886002286188 8.69216929068138e-05 -0.000841057167135289
400600 0.0400414057680633 0.0188944657588853 -0.426589108543682 -0.130189401597465 -0.000355833126931335 -0.000169284042099612 -0.00033775132690851
400700 0.0400507035335857 0.0187176825571734 -0.434276752521366 -0.132832371555843 -0.000494604325494021 0.000204136882264719 -0.000310996079029211
400800 0.0400609010828683 0.018690903401649 -0.441962224323376 -0.135485198189598 -0.000539315517134829 0.000618151633268378 -0.000653948895282827
400900 0.0400710986321509 0.0187129588867525 -0.449418350074424 -0.137988654931377 -0.000471984897584703 0.000451120731566095 -0.000849902207559714
401000 0.0400810962294868 0.0187125771456513 -0.457092841913059 -0.140568591564756 -0.000426037641321956 -1.47071538476255e-05 -0.00050842601055996
401100 0.0400913937547429 0.019012729562332 -0.464505946303674 -0.142982726380277 -0.000526634978365079 6.46629781351743e-05 -0.000238050487870793
401200 0.0401012913761053 0.0192788468424362 -0.471716206047324 -0.145324861537142 -0.000653471161927074 0.000464150775174022 -0.000443138552141574
401300 0.0401110890214945 0.0195868682484294 -0.479336316259363 -0.147806969955473 -0.000601873316819241 0.000671753694702231 -0.000796170964602339
401400 0.0401212865707772 0.0199584182918364 -0.486659781986266 -0.150155617722017 -0.000519570192099999 0.00026656449874275 -0.000696079253887232
401500 0.0401310842161664 0.0203831652646741 -0.493777406191171 -0.152389503604374 -0.000577460221284817 2.82923536666081e-05 -0.000408604498100337
401600 0.0401411817894755 0.0207347862558873 -0.501047120685466 -0.154748466685464 -0.000834082874412772 0.000265669432923982 -0.000373084456369862
401700 0.0401510794108381 0.0211776115857065 -0.508431154332444 -0.157077960138699 -0.000905380831652388 0.000675352394574463 -0.000602504407712025
401800 0.0401610770081741 0.02181781770661 -0.515641769304993 -0.159323498102091 -0.00072035725073894 0.000620013879291066 -0.000641069366830505
401900 0.0401709746295366 0.022348718537967 -0.522744909911722 -0.161571623136109 -0.00066648707634163 0.000234729725705236 -0.000405789417232717
402000 0.0401813721307659 0.0229395782278845 -0.529802913059573 -0.16376103234991 -0.00092403217508103 0.000187821734099456 -0.000329182349249763
402100 0.0401912697521285 0.0235866738277163 -0.536831845882193 -0.165922766499713 -0.0012101190439812 0.000581516742291906 -0.000494064589965846
402200 0.0402008674455709 0.0242901792773026 -0.543922404531944 -0.168092739843271 -0.00117016953404294 0.000805069491802582 -0.000538887355889158
402300 0.0402110649948536 0.0250553786020594 -0.550900274611047 -0.170229308422254 -0.000981046257882681 0.000489098402817952 -0.000437049565371892
402400 0.0402207626642695 0.0258775757068967 -0.557622161929142 -0.172287916929362 -0.00108508383283043 0.000138179895081589 -0.00031924902273861
402500 0.0402308602375786 0.0266298921108378 -0.564660629653646 -0.174411349423669 -0.00140612663221341 0.000355199060011936 -0.000381627937276404
402600 0.0402413577147814 0.0271668468404859 -0.57158052172004 -0.176590068003276 -0.00149358846428714 0.000713608880698358 -0.000492800387920026
402700 0.040251255336144 0.0278098080123296 -0.578771599523145 -0.178874579218506 -0.0013267407741463 0.00070128646184708 -0.000432092552681555
402800 0.040261052981533 0.0284800539710511 -0.585848088091403 -0.181070394383974 -0.00132899968734863 0.000302933817703095 -0.000275200439251471
402900 0.0402712505308157 0.0291018492959433 -0.592694291320519 -0.183264488008708 -0.00164895335064597 0.000199452554924782 -0.000330673589722088
403000 0.0402810481762049 0.0296715659159838 -0.599663833527103 -0.185478323896049 -0.00174835605527416 0.000570846294001675 -0.000529308447297205
403100 0.0402911457495142 0.0302220403973308 -0.60676732070474 -0.187746983610773 -0.00149640538078426 0.000717533717566996 -0.000506755866122331
403200 0.0403007434429567 0.030699992221023 -0.614049998478262 -0.190118132454377 -0.00136381583819692 0.000349255690672328 -0.000375752596049949
403300 0.0403108410162659 0.0309907338840654 -0.621307568411222 -0.192559898630037 -0.00147754722538154 7.9931777109518e-05 -0.000329977037842424
403400 0.0403211385415219 0.031452503848348 -0.62828233107399 -0.194786664241033 -0.00163334686619803 0.000220687311758146 -0.000497995871852957
403500 0.0403309361869111 0.0318732381847108 -0.635367152758538 -0.197115934760002 -0.00161328315429012 0.000602948362413031 -0.000646793335872636
403600 0.040341233712167 0.0322319914923683 -0.64235662035595 -0.19946269593027 -0.00138244034784601 0.000469293947442704 -0.000354509300219717
403700 0.040351231309503 0.0326264544387939 -0.649151165443599 -0.201681639284956 -0.00125258782813436 8.11320157506875e-05 -0.000283814478620949
403800 0.0403610289548922 0.0330940485891815 -0.65651277129262 -0.204103410624614 -0.00146213519193793 -2.07879078895931e-05 -0.000546650031944107
403900 0.0403711265282015 0.0334803399412453 -0.663835416506965 -0.206567700909546 -0.00167786068699746 0.000399175152698238 -0.000635292166274699
404000 0.0403809241735907 0.0339848261670233 -0.671058762351024 -0.208946039435155 -0.00148116820041484 0.000598976664641348 -0.000513050773028068
404100 0.0403910217468999 0.0344610947626094 -0.677907530394006 -0.211209521075915 -0.00121971875720187 0.000300976986887712 -0.000409111236911834
404200 0.0404013192721559 0.034794992715444 -0.684868689649762 -0.213544178334316 -0.00127635262601691 -4.05856796221907e-05 -0.000507076910417348
404300 0.0404113168694919 0.0352216442539454 -0.691917112494511 -0.215874875360739 -0.00148766331910859 0.000138225897173823 -0.000703268059985769
404400 0.0404206146350142 0.0356749804917883 -0.698873024371784 -0.218194848116844 -0.00149493642212103 0.000532380077118574 -0.000676094367607137
404500 0.0404310121362435 0.0360696389761545 -0.705990830602069 -0.220603562765782 -0.0012472956311343 0.000563803750735329 -0.000383628146840895
404600 0.0404410097335794 0.0364760282398339 -0.713137682987576 -0.222897813788197 -0.00109339889756281 0.000195979274328128 -0.000398368002816101
404700 0.0404511073068887 0.0369729754771603 -0.720452827795073 -0.225374950278854 -0.00125692544278536 7.04107305580201e-05 -0.000665266628484489
404800 0.0404610049282512 0.0373701514578322 -0.727408490445902 -0.227701906180203 -0.00138550925646661 0.000414289894190687 -0.000763109212955635
404900 0.0404710025255871 0.0378441461384945 -0.734265330893382 -0.229983134882044 -0.00127094018830036 0.00063849589641241 -0.000616504761037358
405000 0.0404809001469497 0.0383300811183195 -0.741280018873125 -0.232326948360538 -0.00117148462101707 0.000466445509831155 -0.000451171219630148
405100 0.0404908977442856 0.0387515267563742 -0.748229461568869 -0.23463754436665 -0.00115870884501451 7.58336114212363e-05 -0.000512093885273173
405200 0.0405007953656482 0.0390999468825081 -0.755426355626041 -0.237099184940665 -0.00133662466005835 0.000195155373189278 -0.000725184889447346
405300 0.0405110928909041 0.0393333332414849 -0.762531621062158 -0.239597303224421 -0.00145255211755547 0.000556958414222984 -0.000749571139643658
405400 0.0405206905843466 0.0395050996043925 -0.769958301146821 -0.242120634182925 -0.00130924732219837 0.000648461158050411 -0.00056530971344793
405500 0.0405308881336293 0.0393441564518284 -0.777117252905271 -0.244745720886794 -0.00118585654660823 0.000288117877301677 -0.000534110964749028
405600 0.0405412856348585 0.0389478509881988 -0.784468893409592 -0.247522095995706 -0.00124078620220584 6.31480019284908e-05 -0.000660496863522502
405700 0.0405506833763542 0.0383144300577039 -0.79209991442248 -0.250409808526455 -0.00140535014684088 0.000374498463580401 -0.000778098320207656
405800 0.0405607809496636 0.0371522181231885 -0.799641982071851 -0.253527635919805 -0.00131315932757725 0.000711275676015566 -0.000700386036221142
405900 0.0405712784268664 0.0356402579305057 -0.807341845131439 -0.256735333861101 -0.00120029383403838 0.000493790082909207 -0.000566346738336623
406000 0.0405805761923887 0.0338750214679576 -0.814913405518278 -0.260002632620086 -0.00126848935968135 6.39067461381971e-05 -0.000523964736439253
406100 0.0405912736215381 0.0317051447578778 -0.823253741464597 -0.263679584068713 -0.00142477944760319 4.82279704668618e-05 -0.000601965965942351
406200 0.0406008713149806 0.0294727935477682 -0.831362906724759 -0.267318166318117 -0.00151961285738601 0.000487952184601858 -0.000582979970079111
406300 0.0406109688882899 0.0274270886676183 -0.839260840837797 -0.270833073031954 -0.0013701916088188 0.000717191171662155 -0.000551089459845612
406400 0.0406212664135458 0.0255980203436624 -0.847165355683439 -0.274246168770739 -0.00113461208059882 0.000310746616495859 -0.000423684838119116
406500 0.0406308641069882 0.0240416588925674 -0.85473855998242 -0.277434473081369 -0.00114493725691797 -4.40616880039148e-05 -0.000386430557719507
406600 0.0406408617043242 0.0227773807156717 -0.862255330498297 -0.280566676262251 -0.00125708542287286 0.000219386968800083 -0.000537688055917276
406700 0.0406511592295802 0.021489221192071 -0.869649473576833 -0.283644939806286 -0.00123615785604259 0.000698016109075595 -0.000760497579233667
406800 0.0406610568509426 0.020130235973478 -0.877091413449443 -0.286785658669593 -0.00106255252673495 0.000707682077651685 -0.000787136798604953
406900 0.0406707545203585 0.0185324002546106 -0.884614816436226 -0.28999205338403 -0.00106639696236851 0.000150825278278941 -0.000621931270561132
407000 0.0406811520215879 0.0168458153285495 -0.891958538252442 -0.293215695820386 -0.00127002791553919 1.98141333496499e-05 -0.000489856460544265
407100 0.0406909496669771 0.0153595326050573 -0.899601660479996 -0.296430995444139 -0.00135563587908096 0.000531301295207434 -0.000503358939676596
407200 0.0407008472883397 0.014149535603627 -0.906741556923057 -0.299417790713304 -0.00123769373820867 0.000944879179748737 -0.000657186868516697
407300 0.0407106449337287 0.0131613550331364 -0.913925385728 -0.302347660960475 -0.00101170109728202 0.000662661109851092 -0.000629970023730238
407400 0.0407211424109315 0.0121526182779173 -0.9212286937031 -0.305315107986546 -0.000990683298284738 6.15171829092204e-05 -0.000443183767591616
407500 0.0407306401284006 0.0108894367124599 -0.928194967646278 -0.308284778602054 -0.00118771766854972 0.000214077888958318 -0.000389506178670609
407600 0.0407410376296299 0.00946348083774633 -0.935223431711772 -0.311322967360632 -0.00123328857147949 0.000863278354965934 -0.000635046996378604
407700 0.0407507352990457 0.00800079683874341 -0.9424695515687 -0.314444553262474 -0.00111118172109975 0.00104318526868637 -0.000782193896722301
407800 0.0407606329204083 0.00652197248327493 -0.950061902833156 -0.317690582999156 -0.00103487113184911 0.000486607292970427 -0.000590126722069057
407900 0.0407712303735845 0.00529547596420619 -0.95688258830882 -0.320587756762507 -0.00112903107077256 9.47946148292393e-05 -0.000371205933091292
408000 0.0407808280670269 0.00410309192581237 -0.963760350063771 -0.323518732663361 -0.00118221550154701 0.000446403806950502 -0.000494435863716761
408100 0.0407911255922828 0.00261545767126855 -0.970966934504702 -0.326607388407063 -0.000943805067799698 0.00104979903236046 -0.000751684836751632
408200 0.0408008232616987 0.000930878908011382 -0.978275910577494 -0.329859670043275 -0.000733108829073424 0.000947803423854516 -0.00082379870421512
408300 0.0408108208590346 -0.000715254355287555 -0.985473950718958 -0.33303509219442 -0.000746444465308329 0.000299151886173585 -0.000571206318647253
408400 0.0408211183842905 -0.00218739528627484 -0.99257343489332 -0.336136165610151 -0.000831368750583111 0.000224034846183403 -0.000568824349173949
408500 0.0408311159816265 -0.00354656367702489 -0.999760304195763 -0.339244992515708 -0.000823885770103971 0.000795745776015904 -0.000821360858506827
408600 0.0408406136990956 -0.00495027597810664 -1.00679385213444 -0.342311609416777 -0.000645232543909573 0.00113997872377695 -0.00107935951788966
408700 0.0408511111762984 -0.00655302122808941 -1.01385780718444 -0.345419394204532 -0.000622341021315297 0.000775479150060912 -0.000861073252590622
408800 0.0408609088216874 -0.00820984280334163 -1.02070416670892 -0.348496306209413 -0.000798352983800365 0.00031235152556727 -0.000569834622752284
408900 0.0408712063469435 -0.00956750525076579 -1.02739475015262 -0.351435915385377 -0.000783915020660016 0.000492284480180975 -0.00057444354077177
409000 0.040881103968306 -0.010771096262909 -1.0340741987789 -0.354323656696496 -0.000584751182797901 0.000918829903413284 -0.000823516073588992
409100 0.040891101565642 -0.011964562979689 -1.04032006562299 -0.357074051085457 -0.000375952220030563 0.000982023308586515 -0.00092341471191782
409200 0.0409007992350578 -0.0133414096679379 -1.04700564177725 -0.360026666619313 -0.000413632757520917 0.000562980380424709 -0.000687837161051999
409300 0.0409107968323936 -0.0146045765676167 -1.05358774843293 -0.362892577642345 -0.000373745045236054 0.000215044778842876 -0.000431087824085424
409400 0.0409209943816763 -0.0155435501929671 -1.05963146509767 -0.365446475861242 -0.000179764818924092 0.000514685898403315 -0.000489328086580668
409500 0.0409307920270655 -0.0166376744478244 -1.06613082545181 -0.368258611261398 -7.42060831595756e-05 0.000874329194759638 -0.000744582725474528
409600 0.0409408896003746 -0.0177058264620377 -1.07247486582892 -0.370969385338073 -7.24190218762421e-05 0.000734147754388925 -0.000829649457655435
409700 0.0409507872217372 -0.0187814965170562 -1.07863905955916 -0.373646047063916 -0.00015931670060547 0.000317845882431062 -0.000587141252886829
409800 0.0409610847469933 -0.019717586986728 -1.08507631713531 -0.376367530545219 -0.000108216875417887 0.000312047965666583 -0.000329853563656821
409900 0.0409709823683559 -0.0204912553371801 -1.09141690951387 -0.379034567479467 0.000173111867486059 0.00064683565944659 -0.000445124760077859
410000 0.0409808799897183 -0.0213226759655095 -1.09768202680196 -0.381615414383698 0.000364743875456737 0.000822491629781592 -0.000728959641482159
410100 0.0409908775870542 -0.0221494104930739 -1.10391863062461 -0.384302402365859 0.000336929005451911 0.000680179058416673 -0.000818679221280777
410200 0.0410005752564701 -0.0227331462476293 -1.10958170577377 -0.386656154788596 0.000415334908633842 0.000469735287798163 -0.000539810076694483
410300 0.0410106728297794 -0.0231487913948193 -1.11507169869624 -0.388909307760664 0.000614849711005756 0.000576669871153209 -0.000351116567972978
410400 0.0410207704030887 -0.0237716252428437 -1.12113727126132 -0.391416074499638 0.000686824076112185 0.000807077125766566 -0.000572682083969542
410500 0.0410311679043179 -0.0244454322824324 -1.12721873555498 -0.393961643313487 0.000576902283128883 0.000843620980222009 -0.000874873936443853
410600 0.0410408655737338 -0.0248507068932114 -1.13295164185509 -0.396293431876911 0.000399808543746766 0.000653185804948172 -0.000801480150312992
410700 0.0410507631950964 -0.0252263974968587 -1.13873359709271 -0.398618047284291 0.000428485508587545 0.000585684613434745 -0.000319458649471939
410800 0.0410605608404856 -0.0256748643719539 -1.14426625728212 -0.400851759219095 0.000746704979088757 0.00074082402596339 -0.0002205980353492
410900 0.0410707583897681 -0.0260814457808928 -1.14962131982829 -0.403016888602292 0.000834817296576294 0.000837842841635253 -0.000530628143542099
411000 0.0410808559630774 -0.0262809647808691 -1.15520324859837 -0.405240815679454 0.000676769361204996 0.000773563193607356 -0.000832682910815479
411100 0.04109075358444 -0.0264367445114893 -1.16099833401464 -0.407558910231747 0.000597280081886797 0.000695029211082799 -0.000726269938921974
411200 0.0411010511096959 -0.0265130140133381 -1.16639425994862 -0.409654986839972 0.000852091625322171 0.000849445108788007 -0.000333917352723401
411300 0.0411108487550851 -0.0265702953540754 -1.17228496345266 -0.411949660367094 0.00111473315429545 0.000888915255694236 -0.000305130407759557
411400 0.041120846352421 -0.0265416076167189 -1.17781493421437 -0.414083039201031 0.0011443338980959 0.000808438109725588 -0.000752300049414545
411500 0.0411306439978102 -0.0265648060921238 -1.18344271246241 -0.416269273302273 0.00112224093719112 0.000685360215433525 -0.000882208059919762
411600 0.0411411414750129 -0.026780815822928 -1.18907130635245 -0.418524967427562 0.0012651857143702 0.000739238158692758 -0.000525945795284824
411700 0.0411511390723488 -0.0267852103451577 -1.19476448821567 -0.42070784876455 0.00157483706363779 0.000905451179181392 -0.000160523371555293
411800 0.0411608367417647 -0.0267635052656727 -1.1999295677178 -0.422739774216314 0.00158500335851522 0.000744754807412238 -0.000341039614787341
411900 0.0411706343871539 -0.0265680215226979 -1.20557556487388 -0.42480975030912 0.00143492516918352 0.000627429238414605 -0.000813045481861414
412000 0.0411809319124098 -0.026332186706794 -1.21058870221306 -0.426716423628154 0.00148840610711895 0.000598284441252653 -0.000834682123026049
412100 0.041190729557799 -0.0259887944560917 -1.21615669033619 -0.428798636685892 0.00176723840406222 0.000733219472952589 -0.00035866061695529
412200 0.0412009271070817 -0.0257254899746401 -1.22174407643699 -0.430906599875528 0.00208523945657233 0.000791058543915481 -0.000116349059352647
412300 0.0412108247284442 -0.0252841937482042 -1.22695041660635 -0.432768360202906 0.00210314597175912 0.000688022965993263 -0.000496940472588612
412400 0.04122082232578 -0.0247700894076875 -1.23207931221896 -0.434630163958997 0.00196633962615042 0.000554580074742717 -0.000886302695115821
412500 0.0412307199471426 -0.0243350224168584 -1.23738007951253 -0.436589660079811 0.00211676146167337 0.000636636770349324 -0.000711905632473313
412600 0.0412407175444785 -0.0239016559234697 -1.24296879383129 -0.438624364978011 0.0025397431156175 0.0007624758635569 -0.000294140599384019
412700 0.0412510150697346 -0.0234204289785399 -1.24800005484432 -0.440432390361029 0.00263076146449027 0.000789806471374649 -0.000290625268166711
412800 0.041260912691097 -0.0228329984625128 -1.25326614379766 -0.442279638171283 0.00243886732184904 0.000696970520260688 -0.000680327119370504
412900 0.0412708103124596 -0.0222056102636555 -1.25831189027411 -0.444071603168673 0.00245422048820697 0.000611352120967532 -0.000795153753596844
413000 0.0412807079338222 -0.021556813773909 -1.2632761921699 -0.445857964461977 0.00278960330114893 0.000729181806284956 -0.000472756309343577
413100 0.0412911054350516 -0.0209145540295449 -1.26842966107155 -0.447717373604238 0.00311614043109922 0.000773441094981142 -3.83357310550486e-05
413200 0.0413009030804406 -0.0204311942806332 -1.2741658783116 -0.449761880224844 0.00306795840128764 0.000822557929195403 9.21483147448639e-06
413300 0.0413107007258298 -0.0197865100422212 -1.27935744119372 -0.451633041490295 0.00286224158334849 0.000746463818844299 -0.000408132853611155
413400 0.0413207982991392 -0.0192239617105747 -1.28450306544173 -0.45349877305866 0.00297823499279811 0.000718183180198653 -0.000629957645600565
413500 0.0413305959445284 -0.0186863370256708 -1.289605497822 -0.455349966702051 0.00333532501754993 0.00076551912420729 -0.00038386814006931
413600 0.0413409934457576 -0.0182020699688987 -1.29507221021471 -0.457342406793437 0.00351712554504197 0.000750288040029255 -0.000136574207388527
413700 0.0413508910671202 -0.0177099329403722 -1.29994958055084 -0.459172999319799 0.00345488883212477 0.000691291979727416 -0.000317341863181097
413800 0.0413609886404295 -0.0170940384064699 -1.30486482474885 -0.460943218376762 0.00348270681744582 0.000724570105836385 -0.00062200353821207
413900 0.0413706863098454 -0.016572495052813 -1.31024334658169 -0.462917236107119 0.00377282489335028 0.000743322994828253 -0.000571821799604501
414000 0.0413809838351012 -0.0160162423094016 -1.31496581089923 -0.464679675386406 0.00403911828062559 0.000697408889262384 -0.000244216883407188
414100 0.0413909814324372 -0.0152768869130167 -1.31997149775361 -0.466450869736959 0.0040545047764864 0.000646203140395328 -0.000120415195243892
414200 0.0414009790297731 -0.0145549928496911 -1.32499033319211 -0.468234472078326 0.0040312321408747 0.000569476607649239 -0.00036419896131626
414300 0.0414110766030825 -0.0136657855802377 -1.32927555741822 -0.469718868446917 0.00421185887036276 0.000588976497639288 -0.000655700888464452
414400 0.0414207742724981 -0.0128016203610807 -1.33335980004926 -0.471174945460734 0.00458460635623919 0.000620455175724584 -0.00060520286291429
414500 0.0414305719178873 -0.0119472711291327 -1.33785457058375 -0.472726263898506 0.00471131518937819 0.000613099489704383 -0.00037022328668873
414600 0.0414408694431434 -0.0111027647807079 -1.34246455257304 -0.474347488724029 0.00459359564377665 0.000470003071289316 -0.000372024301583291
414700 0.0414505671125592 -0.0103466720526042 -1.34695826932824 -0.475962362755067 0.00469541337956689 0.000399223604081691 -0.000634947191658538
414800 0.0414607646618418 -0.00965147320356862 -1.35181163044344 -0.47773329044347 0.00496270154820663 0.00042023771634752 -0.000779459899714647
414900 0.0414708622351511 -0.00889893356865612 -1.35695382979234 -0.479546232478472 0.00516420677699893 0.000616377398538861 -0.000500249511573075
415000 0.0414806598805403 -0.00824310873539372 -1.36153842599585 -0.481227063066016 0.00514679993356777 0.00071195558685753 -0.00033504991259569
415100 0.0414909574057963 -0.00761956415276955 -1.36606214061314 -0.482887373287825 0.00502529666038145 0.000584019146990344 -0.000528924781740112
415200 0.0415010549791055 -0.0070488684544854 -1.37090185652165 -0.48466966256898 0.00518208746758057 0.000430059764943252 -0.000701480221715301
415300 0.0415108526244947 -0.00667933708994942 -1.37572373432746 -0.486569044500626 0.00551746349477005 0.000532062333721203 -0.000591702599005039
415400 0.0415205502939105 -0.00633395309819308 -1.38028944439018 -0.488294005530298 0.00562016310225692 0.000842116536993151 -0.000345450103263336
415500 0.0415306478672199 -0.00618385627263931 -1.38572887350081 -0.490461862589574 0.00556553300870217 0.000929296471853488 -0.00034667884726531
415600 0.0415408454165024 -0.00619721518559686 -1.390756549765 -0.492471462988183 0.00557104958175485 0.000682934660413657 -0.000613777537319104
415700 0.0415509429898117 -0.00642818971079552 -1.39625266584307 -0.494768641639466 0.00589920117252314 0.000486281963085781 -0.000690432001326338
415800 0.0415606406592275 -0.00669747897019497 -1.40111495014523 -0.496813533685702 0.00619816640137615 0.000595532092058936 -0.000523377680383676
415900 0.0415709381844836 -0.00734290446279486 -1.40607103253042 -0.499049730673708 0.00623346327014056 0.000886874773873298 -0.000232712631709115
416000 0.0415810357577927 -0.00808279175251327 -1.41156796161093 -0.501475796022388 0.0061148792232038 0.000841030074483101 -0.000305146945383257
416100 0.0415904334992885 -0.00880653498314163 -1.41694017747307 -0.503860446385221 0.006153455680538 0.000610941123343491 -0.000620894898890405
416200 0.0416004310966244 -0.00965365396826975 -1.4221305583609 -0.506216797860239 0.00639728772852595 0.00038279563255113 -0.000667138340189525
416300 0.0416104286939604 -0.0103345779377877 -1.42714797019242 -0.50846874399844 0.00667767319667635 0.000547568115762717 -0.000212066515932001
416400 0.0416207262192163 -0.0111061268201831 -1.43265219842508 -0.510912653099671 0.00664817283089714 0.000790486926415689 4.51567866296525e-05
416500 0.0416310237444723 -0.0116743456877053 -1.43837297429103 -0.513354260594763 0.00655869853100886 0.000750823912962898 -0.000195191153511563
416600 0.0416410213418083 -0.0121855422477361 -1.44315643737005 -0.515475165681019 0.00670717539356959 0.000484784029741875 -0.000507239116622959
416700 0.0416508189871975 -0.0126680929880622 -1.44858665283499 -0.51777463255328 0.00702381068128979 0.000402819681981815 -0.000463980848302895
416800 0.0416609165605066 -0.0131912248881177 -1.45384493297955 -0.520078425853025 0.00714931811553123 0.000566045314144379 -0.000140126528323766
416900 0.0416709141578426 -0.0138040021748919 -1.45876071720525 -0.522235866142377 0.00693248665234206 0.000783817323543098 -3.07185879694354e-05
417000 0.0416808117792051 -0.0143701836574252 -1.46438208096077 -0.524648772448337 0.00683469943645774 0.000741662667707852 -0.000347520416636647
417100 0.0416906094245943 -0.0150293294848835 -1.46953180202784 -0.526951594610091 0.00706359177964021 0.000578057453185324 -0.000602798733878699
417200 0.0417006070219303 -0.0154782193100298 -1.47473948877741 -0.529155737947893 0.00733763142330823 0.000516384644853455 -0.000381993554095971
417300 0.0417110045231596 -0.0158989232543132 -1.47980138150573 -0.531324096201354 0.00731085112351522 0.000679662510607739 5.6551431257364e-05
417400 0.0417210021204955 -0.0164746363345168 -1.48512019271409 -0.533668029388054 0.0071219317398264 0.000915290859459297 4.13373979635106e-05
417500 0.0417303998619912 -0.017185091794093 -1.49088766649839 -0.536172101648232 0.00712491019427569 0.000879018172432436 -0.000442624218186033
417600 0.0417405974112739 -0.0177357953134915 -1.49581151902823 -0.538359997978792 0.00741170637363343 0.000742180580770365 -0.000686777973591738
417700 0.0417508949365298 -0.018438719410391 -1.50097975350849 -0.540695455600409 0.00762969135636101 0.000676523817576229 -0.000193889369869405
417800 0.041760692581919 -0.0190176388309407 -1.50616289219933 -0.542971538226652 0.00749440771283682 0.000815061763216736 0.000170453487377944
417900 0.0417705902032816 -0.0194407890243584 -1.51148802285849 -0.54523683493537 0.00730419536490667 0.000938622226433589 -4.34778785384573e-05
418000 0.0417803878486708 -0.0198219209468339 -1.51628766155795 -0.547307406830433 0.00744110419393351 0.00097499071054739 -0.000546581243432349
418100 0.0417905853979533 -0.0202950402907333 -1.52175108133967 -0.549630862010091 0.00780715882666336 0.000738842869009112 -0.000653941685772166
418200 0.0418004830193159 -0.0207036600454862 -1.52636076378662 -0.551694587541257 0.00790090855683276 0.000742089394007726 -0.000206929648960497
418300 0.041810780544572 -0.0209147264196036 -1.53107575427688 -0.553693752269687 0.00773983732589226 0.000810710854632455 0.000144631967098529
418400 0.0418209780938545 -0.0209707326709836 -1.53554254358332 -0.555631754770092 0.00760688796816875 0.000898890648859156 -0.000167153398019222
418500 0.0418308757152171 -0.0210948856611455 -1.54023827703274 -0.55755313161217 0.00778862065952872 0.000904628967071714 -0.000660115313102058
418600 0.0418403734326862 -0.0212124422026975 -1.54494423597244 -0.559558911040483 0.00815712034746316 0.000740281884403799 -0.000641571377864536
418700 0.0418509708858623 -0.0214077026335205 -1.54921759283928 -0.561404661785942 0.00822800429039432 0.000603004627785854 6.33213400183137e-05
418800 0.0418603686273581 -0.0216810630648755 -1.55380101864193 -0.5634305963209 0.00800111285002011 0.000762291119200388 0.000364898927658187
418900 0.0418703662246938 -0.0216396232454101 -1.55767157507975 -0.565060710571349 0.00798826368799705 0.000816698978078644 -0.000130051886270971
419000 0.0418807637259233 -0.0216177122140832 -1.56225114609473 -0.56697961853067 0.00837051718927657 0.000814597095105394 -0.000600266537613169
419100 0.0418909612752059 -0.0216314373527831 -1.56658702261551 -0.568807641110219 0.00873806436341975 0.000633689591462294 -0.000341799794385071
419200 0.0419008588965684 -0.0216328571002127 -1.57066173785874 -0.57057753937317 0.00863482246887561 0.000648900913842777 0.000220702667359684
419300 0.0419108564939043 -0.0215793846251207 -1.57479408676512 -0.572324687606701 0.00838252111789183 0.000799212093004813 0.000235520892918286
419400 0.0419208540912403 -0.0214550359553697 -1.57938698642898 -0.574241149516846 0.00840506295474284 0.000897156596506944 -0.000384449410502454
419500 0.0419309516645496 -0.0213417959096347 -1.5843418796578 -0.57627324922878 0.00872387966178164 0.000795157619649248 -0.000804765874084536
419600 0.041940849285912 -0.0211770702444592 -1.58733628253193 -0.577564139524866 0.00904531126737868 0.000647936617310848 -0.000297661823234376
419700 0.0419509468592213 -0.0209093957651008 -1.59088080977412 -0.57909246424458 0.0089501605355458 0.000678169376787459 0.00029573569198141
419800 0.0419605445526638 -0.0204174035434227 -1.59436944547125 -0.580425935007283 0.00873409790508247 0.000963901578311862 0.000188194661614914
419900 0.0419705421499997 -0.0200811231038018 -1.59935063451364 -0.582446237085871 0.00873936283731108 0.000998164622195076 -0.000523272231264397
420000 0.0419805397473357 -0.0195566591508763 -1.60301983808714 -0.583928039007175 0.00913033401055091 0.000747803213146851 -0.000668484655177541
420100 0.0419906373206448 -0.0190177804383434 -1.60654753993204 -0.585329067170179 0.00936021833525364 0.00059716767420698 -3.50149309638458e-05
420200 0.042000434966034 -0.0183541146757794 -1.60959042383214 -0.586506505038316 0.00927002073067049 0.000733085554202734 0.00045364803567088
420300 0.04201043256337 -0.0177595925874891 -1.61329050760135 -0.587923788912173 0.00919912618828763 0.000942934001165005 0.000176442925314247
420400 0.0420203301847326 -0.0171592041089605 -1.61651376464398 -0.589226685900313 0.00928280141723014 0.000896991105331991 -0.000381521378220767
420500 0.0420309276379085 -0.0164708975926312 -1.62055354468798 -0.59073029082964 0.00954328587785452 0.000585701652623321 -0.000352884569568523
420600 0.0420407252832978 -0.0158424525131351 -1.6241080990359 -0.59214888350627 0.00967176907070678 0.000478000504248562 0.000405611779591807
420700 0.042050522928687 -0.0150516445399513 -1.62731518369189 -0.593338597385205 0.00954696821653385 0.000758837392751209 0.000628198263325778
420800 0.0420604205500495 -0.0143429481481749 -1.63071985180543 -0.594654960950114 0.00941923647938755 0.000954047850034617 -1.9600277673653e-05
420900 0.0420705181233587 -0.0135905008011195 -1.63428241195019 -0.596000534121168 0.00958069687598451 0.000797135881811934 -0.000579753354922841
421000 0.0420808156486148 -0.0125799154259111 -1.63829387040117 -0.597409225976015 0.00973953164675893 0.000404510393402543 -0.000245189190683441
421100 0.0420908132459507 -0.0117918170667651 -1.64188522855465 -0.59877581377782 0.00982477301305117 0.000405220445860688 0.000575772330375363
421200 0.0421009108192598 -0.0108806389368201 -1.64462173102004 -0.599779071233642 0.00980692622849338 0.000750672138860587 0.000641244007831928
421300 0.0421108084406224 -0.00986238573572541 -1.64806577595747 -0.601001581340319 0.00972791519080144 0.000872779873353961 -4.33069692116227e-05
421400 0.0421208060379584 -0.00883578300696437 -1.65070872549599 -0.601928009622283 0.00990561651160835 0.000584544391538513 -0.000369572184971696
421500 0.0421309036112677 -0.00776295295362541 -1.65365465681315 -0.602934367649986 0.0101688896563895 0.000136290209537709 0.000284306873616568
421600 0.0421405013047102 -0.00663625147948906 -1.65719162180536 -0.604158088073167 0.0102812221061997 0.00022562515277489 0.000942817896595867
421700 0.0421507988299661 -0.00540131475649398 -1.66000588930427 -0.605067703233933 0.0101737709785106 0.00062335329495122 0.000640743522443953
421800 0.0421608964032754 -0.0040783832287938 -1.66227990075986 -0.605790069635969 0.0100620489816467 0.000805845103650329 -0.000123170384959549
421900 0.0421705940726912 -0.00265178954895766 -1.66510345930893 -0.606626651215165 0.0101332533018872 0.000411626202246241 -0.000169294174344768
422000 0.042180591670027 -0.00123729440538821 -1.66848868243057 -0.607726444945881 0.0102605058147737 7.15650201632527e-05 0.00051557149556811
422100 0.0421902893394428 0.000446164575859127 -1.67119891475016 -0.608408976037569 0.0102183581113741 0.000188592687459534 0.000913702913084408
422200 0.0422006868406723 0.00224015539797075 -1.67332360184148 -0.608981170928792 0.0100807668023739 0.000643414929144734 0.000330949920056713
422300 0.0422107844139816 0.00399174331258045 -1.67620846513873 -0.609790144644605 0.0100943125149786 0.000749576790687604 -0.000266677787992248
422400 0.0422205820593706 0.00608365775241636 -1.67807618686625 -0.610045306835067 0.0101838558278216 0.000360536035478124 -7.82522082127518e-06
422500 0.0422306796326799 0.00825139672098752 -1.68024557150736 -0.610467139347903 0.0101902841658942 6.41950178296001e-05 0.000727782120031211
422600 0.0422406772300159 0.0105494925430208 -1.68258565391527 -0.61092114442613 0.010041693073689 0.00027031937861551 0.000823169764588338
422700 0.0422507748033252 0.0131647803057717 -1.68464105262186 -0.61110328328138 0.0100640316686002 0.000705443334374759 0.000126751700442656
422800 0.0422605724487142 0.0161383807665936 -1.68660107980811 -0.611208890427567 0.010110517351396 0.000788715971822057 -0.000297023950647494
422900 0.0422704700700768 0.0192511612688103 -1.68784751992407 -0.6109952274297 0.0101298961473764 0.000494142080712022 0.00017895994955649
423000 0.0422801677394927 0.0225642601580566 -1.68926765192481 -0.610752211618658 0.0100686199376259 0.000295735189331313 0.000832931063865498
423100 0.042290265312802 0.0260206635972494 -1.69081652380122 -0.610527464772677 0.0100672475471462 0.000488519769994031 0.000742807029349697
423200 0.042300862765978 0.0293205714610088 -1.69201322092949 -0.610243384072747 0.0100524429429093 0.000836040244614169 -3.86088107021396e-05
423300 0.0423106604113672 0.0326447557990004 -1.6939156051946 -0.610222536589326 0.0101402009787391 0.000932726791107858 -0.000213927171603961
423400 0.0423202581048096 0.0358159285228753 -1.69600166903998 -0.610238820301349 0.0101903705077606 0.000578593700975317 0.000455897454480683
423500 0.0423308555579858 0.0386641989988774 -1.69723349034692 -0.610083886372538 0.0100854684960667 0.000435267783546539 0.000906755214293374
423600 0.0423406532033749 0.0417273961388071 -1.6988738939514 -0.610039422875593 0.0100936367688892 0.000592249551408269 0.000531498607759306
423700 0.0423504508487641 0.0448962892171999 -1.70011363408204 -0.609786222506682 0.0102099014832987 0.000873773688668088 2.88345259798597e-05
423800 0.0423608483499935 0.0480333409302495 -1.7014227417828 -0.609596665066064 0.0103196021187632 0.00084267642648901 1.9041604627202e-06
423900 0.0423708459473294 0.0512511855441062 -1.70261431980897 -0.609257308604193 0.0103279147305345 0.000612881747844479 0.000691778075101848
424000 0.0423804436407719 0.0544544739310023 -1.70385698480332 -0.609024090914475 0.0102814323204393 0.000504858610829025 0.000980244402758835
424100 0.0423904412381077 0.057469814019523 -1.70584541058409 -0.609069943668117 0.0102089741456891 0.000654992198394562 0.000412437921805341
424200 0.0424004388354436 0.0603633677584493 -1.7070516388943 -0.608928127763151 0.0101456942232795 0.000855894330396597 -0.000141387435399378
424300 0.0424107363606997 0.0632497550371549 -1.70900432263358 -0.609063943926121 0.0101402142649837 0.000855286361594948 0.000122663260742218
424400 0.0424206339820621 0.0661229577320538 -1.71089126067737 -0.609098160321945 0.0101080631519474 0.000625987173931798 0.000726557861671898
424500 0.0424307315553714 0.0690478631025309 -1.71279259578857 -0.60922204821346 0.0101042280755136 0.0004356967238226 0.000901681290451189
424600 0.0424407291527074 0.0721568087729258 -1.71430879014523 -0.609085529976568 0.0101644307198658 0.000539675792381908 0.000502726555747504
424700 0.0424502268701765 0.0751080141963226 -1.71518581851107 -0.608771976803065 0.010135785180876 0.000674495291369227 0.000213467236746531
424800 0.0424608243233525 0.077849273184004 -1.71733423239946 -0.609002547692937 0.00997025872045939 0.000708811765345036 0.000393827488005813
424900 0.0424704220167949 0.0805611147894759 -1.71885103269779 -0.609032604371673 0.00985659724653066 0.00049158657354227 0.000845771453761992
425000 0.042480719542051 0.0832652546547376 -1.72110418933545 -0.609277457948857 0.00980643161011896 0.000319243957456925 0.000857480361821096
425100 0.0424907171393869 0.0860290413766059 -1.72256183365642 -0.609204069990594 0.00979983680726097 0.000281913131222971 0.000378651799238947
425200 0.042500514784776 0.0887622523586005 -1.72421735990298 -0.609260315834313 0.00974866070716967 0.000588359418864109 0.00020969909680988
425300 0.0425107123340587 0.0913670001981556 -1.72600388762103 -0.609399115064708 0.00963816615841159 0.000659908684242306 0.000360545197245436
425400 0.0425207099313946 0.0938400315936368 -1.72752387529029 -0.609503433462234 0.00958696014157491 0.000459749284119609 0.000681348220724016
425500 0.0425307075287306 0.0963541893699444 -1.72887328302072 -0.609486876756268 0.00960423011848897 0.000201280425926647 0.000806275585581923
425600 0.0425404051981464 0.0989379470002815 -1.73060123291152 -0.609610621098681 0.0096788723085588 0.000289044950542226 0.000544330952830378
425700 0.0425506027474289 0.10141826029796 -1.73172928199051 -0.609545209308931 0.00952178553076341 0.000620850585582558 0.000230712988178948
425800 0.0425608002967116 0.103715700389473 -1.73358248881295 -0.609749725598467 0.00924617087968015 0.000789951615155903 0.000246655003127997
425900 0.0425704979661274 0.105939749392321 -1.73586970666211 -0.610163791674145 0.00916723175200368 0.000627211747642541 0.000741502320801505
426000 0.0425804955634632 0.107975447040992 -1.73801577565241 -0.610597002914951 0.00916080286150225 0.000360168667290123 0.000851194849482194
426100 0.0425907930887193 0.110005989350184 -1.74065294205742 -0.611235161424699 0.00915108225487127 0.000473505747415835 0.000456690551972189
426200 0.0426006907100819 0.111959553901691 -1.74255938848214 -0.611585793021659 0.00892889707154046 0.000695513346527 0.000138614024415883
426300 0.0426102884035243 0.11389530756824 -1.74430087864215 -0.611917241788103 0.00865243283523862 0.00095422531252238 0.000245426288057787
426400 0.0426206859047536 0.115637617860117 -1.74607743912411 -0.61224023908999 0.00850606917078675 0.000728738033714154 0.000773942044059479
426500 0.0426307834780629 0.117323599678884 -1.74800688743175 -0.612729557952018 0.00842759830906781 0.000391417217102961 0.000901225773019683
426600 0.0426403811715054 0.119019376063744 -1.74993748613255 -0.61314187667804 0.00833681427661121 0.000375661920254473 0.000378206671381322
426700 0.042650278792868 0.120471825010019 -1.75184867271359 -0.613622021198326 0.00811046337249671 0.000681386346242853 -7.46774591486677e-05
426800 0.0426602763902039 0.121902100111379 -1.75365889387105 -0.614084261682536 0.00788776523097094 0.000845984387654004 0.000312330940569668
426900 0.0426704739394864 0.123127951353529 -1.75560008495415 -0.614658938333052 0.00773829123296095 0.000673884284973871 0.000967695402580057
427000 0.0426806714887691 0.124296261772952 -1.75771520629643 -0.615323797632252 0.00760622058400005 0.000314091039008339 0.00087975219041621
427100 0.0426906690861051 0.125469248947739 -1.76043585975247 -0.616170976612611 0.00744189359129416 0.000412570184830706 0.000264976171269347
427200 0.0427001668035742 0.126515478213718 -1.76263704934539 -0.6169338748216 0.00721552211063424 0.000662889088422814 7.94053179011884e-05
427300 0.0427103643528567 0.127551151467885 -1.76519132443249 -0.617744603739687 0.00687073401765135 0.000808875110833077 0.000583592381242808
427400 0.0427203619501926 0.128441640437335 -1.76692774188928 -0.618253434256181 0.00673375450459289 0.000499727882955988 0.0010992633313156
427500 0.0427303595475286 0.129403174519269 -1.76923588236937 -0.619062117998051 0.0065766923261813 0.000262477362305202 0.000771034995686172
427600 0.0427406570727845 0.130399552754777 -1.7709387020354 -0.619565789268066 0.00625854308105557 0.000338889754528569 3.59574272839985e-06
427700 0.0427507546460938 0.131129848327548 -1.7727908112804 -0.620229768384232 0.00594039919877032 0.000620149281408949 8.48061704431283e-05
427800 0.042760552291483 0.131819912771029 -1.77402611592157 -0.620650621989953 0.00559521529776122 0.000668895743590384 0.000854459448697299
427900 0.0427706498647923 0.132573807299135 -1.77542071615495 -0.621132244228822 0.00532070620719328 0.000303229688805786 0.00111385247483114
428000 0.0427807474381015 0.13335456439274 -1.7779457314437 -0.622004382194508 0.00515814248533462 0.000198533641988793 0.000425667915114017
428100 0.0427902451555706 0.133845610597727 -1.78030514959708 -0.622904823087501 0.00493888570616964 0.000355827227849922 -0.000112891834758981
428200 0.0428003427288799 0.134412512644424 -1.78183565971017 -0.623465931285463 0.00464316950868978 0.00058248961535117 0.000153604175964742
428300 0.0428107402301093 0.134829908335025 -1.78302102065316 -0.623888239325376 0.00433708678442486 0.000481784998314445 0.00081378528311867
428400 0.0428206378514717 0.13537804138377 -1.78481320079726 -0.624616750038505 0.00414703242557183 0.000148173913616579 0.000901059528343387
428500 0.0428306354488077 0.135842522857416 -1.78643862261474 -0.625214212053647 0.00392523309746239 0.000161698612631318 0.000218007029273159
428600 0.0428405330701702 0.136296592959444 -1.78836947990821 -0.625992474954458 0.00364814001748592 0.000371197102141816 -0.000178820124533887
428700 0.0428505306675062 0.136689231213108 -1.79019279630308 -0.626696077716909 0.00339998919935206 0.000555009083178529 0.000324408202817912
428800 0.0428603283128954 0.137085200509311 -1.79114992382907 -0.627088866295281 0.00306870472959781 0.00040360970672603 0.000921628190910274
428900 0.0428703259102312 0.137376813634321 -1.79238441915591 -0.627612837686608 0.00291889424700999 0.00012841823622952 0.000694581212584922
429000 0.0428807234114606 0.137956244985174 -1.79443285592133 -0.628369698851286 0.00286851383774419 0.000110483338603208 3.25380274543852e-05
429100 0.0428907210087965 0.138422088664649 -1.79554319652619 -0.628821582323938 0.00275951291602312 0.000372958037607435 6.97808653841491e-06
429200 0.0429002187262656 0.138891251130769 -1.79664348595546 -0.629272916589396 0.00248901193444721 0.000520707772123615 0.00052239609343538
429300 0.0429103162995748 0.139282644454858 -1.79774492497132 -0.629734065480038 0.00218894913975357 0.000365703987013315 0.000845383737036043
429400 0.0429204138728841 0.139681013023692 -1.79861823766652 -0.630161929605714 0.0021101072795193 0.000160666608008901 0.00060629404363057
429500 0.0429306114221668 0.140252222919856 -1.80000573739047 -0.630642475392642 0.00221673774792395 0.000207799666784248 0.000215238971771018
429600 0.0429405090435292 0.140893998799282 -1.80063946651222 -0.630900962555915 0.00222887628113343 0.000392997423535297 0.000350622395490236
429700 0.0429504066648918 0.141425512197952 -1.80146890040682 -0.631189786559851 0.00202786876047429 0.000434232212030178 0.00067610379999962
429800 0.0429606042141745 0.142015179533679 -1.8029020105744 -0.631751657561079 0.00177913358802095 0.000306644350671486 0.000785214501570715
429900 0.0429702019076169 0.142420563827883 -1.8039496276391 -0.632187960769366 0.00181735967944665 0.000186972798868639 0.000557555619203502
430000 0.0429802994809263 0.142913709532688 -1.8045212553129 -0.632436286557876 0.00189095098453758 0.000242188948109194 0.000305727795353733
430100 0.0429901971022887 0.143428319689262 -1.80516885571513 -0.632701717893961 0.001727682268053 0.000478480103925576 0.000433630894832857
430200 0.0429999947476779 0.144082948637093 -1.80596786275011 -0.632973420549926 0.0014425092560862 0.000418664061084158 0.000561767774228045
430300 0.0430102922729339 0.144664724114521 -1.80619811248387 -0.633096481055497 0.00137194589608318 0.000259193392979631 0.000546118857260481
430400 0.0430205897981898 0.145154331240667 -1.80702947170946 -0.633488620773045 0.00140610314839185 0.000201396297222636 0.000444963445544846
430500 0.0430301874916323 0.14567589511835 -1.80788558213855 -0.633797331778004 0.0015366838998657 0.000403031100075807 0.000507049117042183
430600 0.0430404850168884 0.146227100581916 -1.80883692064417 -0.634128224314799 0.00135666986843759 0.000513629252469689 0.000592464666459156
430700 0.0430504826142243 0.146677021162117 -1.80967448837038 -0.634540150896444 0.00105251763157407 0.000468232305719343 0.000504148920009452
430800 0.0430606801635068 0.147175956260311 -1.81075251715038 -0.634918549697919 0.000996481995479892 0.00024975124252195 0.000391356462736613
430900 0.0430703778329227 0.147541618691454 -1.81164221928042 -0.635269118836708 0.000981755965654719 0.000193836887055012 0.000501924749154377
431000 0.0430806753581787 0.147765475860789 -1.81234433475906 -0.63563350478197 0.000938552964193927 0.000423022467693789 0.000648989515779346
431100 0.0430906729555147 0.14806185128629 -1.81241564306435 -0.635737606787455 0.000777404223686618 0.000585190626379699 0.000521708058147995
431200 0.0431005705768771 0.148226906859497 -1.81312370421769 -0.636107413177685 0.000697552548986291 0.000395459414624556 0.000291935337080949
431300 0.0431103682222663 0.148523006207212 -1.8140970064121 -0.636510953669279 0.000695681096999351 0.00017824985666783 0.000235440151883928
431400 0.0431203658196022 0.148693406568046 -1.81545143549253 -0.637148007653634 0.000670443710977839 0.000148813736773846 0.000491924001154147
431500 0.0431305633688849 0.148789379287918 -1.81609864756969 -0.637512143029763 0.000427422660369116 0.000316203097773855 0.000639944496625417
